date,medicine_id,quantity_issued,is_synthetic,day_of_week,month,week_of_year,is_weekend,lag_1,lag_7,lag_14,lag_30,rolling_mean_7,rolling_mean_14,rolling_mean_30,target_next_day
2025-01-31 00:00:00+00:00,1,41,True,4,1,5,0,36.0,40.0,38.0,35.0,35.142857142857146,35.214285714285715,35.766666666666666,39.0
2025-02-01 00:00:00+00:00,1,39,True,5,2,5,1,41.0,38.0,36.0,40.0,35.285714285714285,35.42857142857143,35.96666666666667,26.0
2025-02-02 00:00:00+00:00,1,26,True,6,2,5,1,39.0,25.0,29.0,39.0,35.42857142857143,35.642857142857146,35.93333333333333,25.0
2025-02-03 00:00:00+00:00,1,25,True,0,2,6,0,26.0,29.0,28.0,37.0,35.57142857142857,35.42857142857143,35.5,34.0
2025-02-04 00:00:00+00:00,1,34,True,1,2,6,0,25.0,40.0,38.0,25.0,35.0,35.214285714285715,35.1,39.0
2025-02-05 00:00:00+00:00,1,39,True,2,2,6,0,34.0,38.0,36.0,29.0,34.142857142857146,34.92857142857143,35.4,37.0
2025-02-06 00:00:00+00:00,1,37,True,3,2,6,0,39.0,36.0,42.0,40.0,34.285714285714285,35.142857142857146,35.733333333333334,35.0
2025-02-07 00:00:00+00:00,1,35,True,4,2,6,0,37.0,41.0,40.0,38.0,34.42857142857143,34.785714285714285,35.63333333333333,33.0
2025-02-08 00:00:00+00:00,1,33,True,5,2,6,1,35.0,39.0,38.0,37.0,33.57142857142857,34.42857142857143,35.53333333333333,26.0
2025-02-09 00:00:00+00:00,1,26,True,6,2,6,1,33.0,26.0,25.0,42.0,32.714285714285715,34.07142857142857,35.4,25.0
2025-02-10 00:00:00+00:00,1,25,True,0,2,7,0,26.0,25.0,29.0,41.0,32.714285714285715,34.142857142857146,34.86666666666667,34.0
2025-02-11 00:00:00+00:00,1,34,True,1,2,7,0,25.0,34.0,40.0,27.0,32.714285714285715,33.857142857142854,34.333333333333336,33.0
2025-02-12 00:00:00+00:00,1,33,True,2,2,7,0,34.0,39.0,38.0,26.0,32.714285714285715,33.42857142857143,34.56666666666667,37.0
2025-02-13 00:00:00+00:00,1,37,True,3,2,7,0,33.0,37.0,36.0,43.0,31.857142857142858,33.07142857142857,34.8,35.0
2025-02-14 00:00:00+00:00,1,35,True,4,2,7,0,37.0,35.0,41.0,41.0,31.857142857142858,33.142857142857146,34.6,34.0
2025-02-15 00:00:00+00:00,1,34,True,5,2,7,1,35.0,33.0,39.0,40.0,31.857142857142858,32.714285714285715,34.4,22.0
2025-02-16 00:00:00+00:00,1,22,True,6,2,7,1,34.0,26.0,26.0,38.0,32.0,32.357142857142854,34.2,25.0
2025-02-17 00:00:00+00:00,1,25,True,0,2,8,0,22.0,25.0,25.0,36.0,31.428571428571427,32.07142857142857,33.666666666666664,34.0
2025-02-18 00:00:00+00:00,1,34,True,1,2,8,0,25.0,34.0,34.0,29.0,31.428571428571427,32.07142857142857,33.3,33.0
2025-02-19 00:00:00+00:00,1,33,True,2,2,8,0,34.0,33.0,39.0,28.0,31.428571428571427,32.07142857142857,33.46666666666667,31.0
2025-02-20 00:00:00+00:00,1,31,True,3,2,8,0,33.0,37.0,37.0,38.0,31.428571428571427,31.642857142857142,33.63333333333333,30.0
2025-02-21 00:00:00+00:00,1,30,True,4,2,8,0,31.0,35.0,35.0,36.0,30.571428571428573,31.214285714285715,33.4,34.0
2025-02-22 00:00:00+00:00,1,34,True,5,2,8,1,30.0,34.0,33.0,42.0,29.857142857142858,30.857142857142858,33.2,22.0
2025-02-23 00:00:00+00:00,1,22,True,6,2,8,1,34.0,22.0,26.0,40.0,29.857142857142858,30.928571428571427,32.93333333333333,21.0
2025-02-24 00:00:00+00:00,1,21,True,0,2,9,0,22.0,25.0,25.0,38.0,29.857142857142858,30.642857142857142,32.333333333333336,29.0
2025-02-25 00:00:00+00:00,1,29,True,1,2,9,0,21.0,34.0,34.0,25.0,29.285714285714285,30.357142857142858,31.766666666666666,33.0
2025-02-26 00:00:00+00:00,1,33,True,2,2,9,0,29.0,33.0,33.0,29.0,28.571428571428573,30.0,31.9,31.0
2025-02-27 00:00:00+00:00,1,31,True,3,2,9,0,33.0,31.0,37.0,40.0,28.571428571428573,30.0,32.03333333333333,30.0
2025-02-28 00:00:00+00:00,1,30,True,4,2,9,0,31.0,30.0,35.0,38.0,28.571428571428573,29.571428571428573,31.733333333333334,29.0
2025-03-01 00:00:00+00:00,1,29,True,5,3,9,1,30.0,34.0,34.0,36.0,28.571428571428573,29.214285714285715,31.466666666666665,23.0
2025-03-02 00:00:00+00:00,1,23,True,6,3,9,1,29.0,22.0,22.0,41.0,27.857142857142858,28.857142857142858,31.233333333333334,22.0
2025-03-03 00:00:00+00:00,1,22,True,0,3,10,0,23.0,21.0,25.0,39.0,28.0,28.928571428571427,30.633333333333333,30.0
2025-03-04 00:00:00+00:00,1,30,True,1,3,10,0,22.0,29.0,34.0,26.0,28.142857142857142,28.714285714285715,30.066666666666666,28.0
2025-03-05 00:00:00+00:00,1,28,True,2,3,10,0,30.0,33.0,33.0,25.0,28.285714285714285,28.428571428571427,30.2,32.0
2025-03-06 00:00:00+00:00,1,32,True,3,3,10,0,28.0,31.0,31.0,34.0,27.571428571428573,28.071428571428573,30.3,31.0
2025-03-07 00:00:00+00:00,1,31,True,4,3,10,0,32.0,30.0,30.0,39.0,27.714285714285715,28.142857142857142,30.233333333333334,30.0
2025-03-08 00:00:00+00:00,1,30,True,5,3,10,1,31.0,29.0,34.0,37.0,27.857142857142858,28.214285714285715,29.966666666666665,20.0
2025-03-09 00:00:00+00:00,1,20,True,6,3,10,1,30.0,23.0,22.0,35.0,28.0,27.928571428571427,29.733333333333334,19.0
2025-03-10 00:00:00+00:00,1,19,True,0,3,11,0,20.0,22.0,21.0,33.0,27.571428571428573,27.785714285714285,29.233333333333334,31.0
2025-03-11 00:00:00+00:00,1,31,True,1,3,11,0,19.0,30.0,29.0,26.0,27.142857142857142,27.642857142857142,28.766666666666666,30.0
2025-03-12 00:00:00+00:00,1,30,True,2,3,11,0,31.0,28.0,33.0,25.0,27.285714285714285,27.785714285714285,28.933333333333334,29.0
2025-03-13 00:00:00+00:00,1,29,True,3,3,11,0,30.0,32.0,31.0,34.0,27.571428571428573,27.571428571428573,29.1,28.0
2025-03-14 00:00:00+00:00,1,28,True,4,3,11,0,29.0,31.0,30.0,33.0,27.142857142857142,27.428571428571427,28.933333333333334,32.0
2025-03-15 00:00:00+00:00,1,32,True,5,3,11,1,28.0,30.0,29.0,37.0,26.714285714285715,27.285714285714285,28.766666666666666,21.0
2025-03-16 00:00:00+00:00,1,21,True,6,3,11,1,32.0,20.0,23.0,35.0,27.0,27.5,28.6,20.0
2025-03-17 00:00:00+00:00,1,20,True,0,3,12,0,21.0,19.0,22.0,34.0,27.142857142857142,27.357142857142858,28.133333333333333,28.0
2025-03-18 00:00:00+00:00,1,28,True,1,3,12,0,20.0,31.0,30.0,22.0,27.285714285714285,27.214285714285715,27.666666666666668,32.0
2025-03-19 00:00:00+00:00,1,32,True,2,3,12,0,28.0,30.0,28.0,25.0,26.857142857142858,27.071428571428573,27.866666666666667,31.0
2025-03-20 00:00:00+00:00,1,31,True,3,3,12,0,32.0,29.0,32.0,34.0,27.142857142857142,27.357142857142858,28.1,30.0
2025-03-21 00:00:00+00:00,1,30,True,4,3,12,0,31.0,28.0,31.0,33.0,27.428571428571427,27.285714285714285,28.0,29.0
2025-03-22 00:00:00+00:00,1,29,True,5,3,12,1,30.0,32.0,30.0,31.0,27.714285714285715,27.214285714285715,27.9,23.0
2025-03-23 00:00:00+00:00,1,23,True,6,3,12,1,29.0,21.0,20.0,30.0,27.285714285714285,27.142857142857142,27.833333333333332,22.0
2025-03-24 00:00:00+00:00,1,22,True,0,3,13,0,23.0,20.0,19.0,34.0,27.571428571428573,27.357142857142858,27.6,31.0
2025-03-25 00:00:00+00:00,1,31,True,1,3,13,0,22.0,28.0,31.0,22.0,27.857142857142858,27.571428571428573,27.2,30.0
2025-03-26 00:00:00+00:00,1,30,True,2,3,13,0,31.0,32.0,30.0,21.0,28.285714285714285,27.571428571428573,27.5,29.0
2025-03-27 00:00:00+00:00,1,29,True,3,3,13,0,30.0,31.0,29.0,29.0,28.0,27.571428571428573,27.8,33.0
2025-03-28 00:00:00+00:00,1,33,True,4,3,13,0,29.0,30.0,28.0,33.0,27.714285714285715,27.571428571428573,27.8,32.0
2025-03-29 00:00:00+00:00,1,32,True,5,3,13,1,33.0,29.0,32.0,31.0,28.142857142857142,27.928571428571427,27.8,22.0
2025-03-30 00:00:00+00:00,1,22,True,6,3,13,1,32.0,23.0,21.0,30.0,28.571428571428573,27.928571428571427,27.833333333333332,21.0
2025-03-31 00:00:00+00:00,1,21,True,0,3,14,0,22.0,22.0,20.0,29.0,28.428571428571427,28.0,27.566666666666666,35.0
2025-04-01 00:00:00+00:00,1,35,True,1,4,14,0,21.0,31.0,28.0,23.0,28.285714285714285,28.071428571428573,27.3,34.0
2025-04-02 00:00:00+00:00,1,34,True,2,4,14,0,35.0,30.0,32.0,22.0,28.857142857142858,28.571428571428573,27.7,33.0
2025-04-03 00:00:00+00:00,1,33,True,3,4,14,0,34.0,29.0,31.0,30.0,29.428571428571427,28.714285714285715,28.1,32.0
2025-04-04 00:00:00+00:00,1,32,True,4,4,14,0,33.0,33.0,30.0,28.0,30.0,28.857142857142858,28.2,37.0
2025-04-05 00:00:00+00:00,1,37,True,5,4,14,1,32.0,32.0,29.0,32.0,29.857142857142858,29.0,28.333333333333332,25.0
2025-04-06 00:00:00+00:00,1,25,True,6,4,14,1,37.0,22.0,23.0,31.0,30.571428571428573,29.571428571428573,28.5,24.0
2025-04-07 00:00:00+00:00,1,24,True,0,4,15,0,25.0,21.0,22.0,30.0,31.0,29.714285714285715,28.3,33.0
2025-04-08 00:00:00+00:00,1,33,True,1,4,15,0,24.0,35.0,31.0,20.0,31.428571428571427,29.857142857142858,28.1,38.0
2025-04-09 00:00:00+00:00,1,38,True,2,4,15,0,33.0,34.0,30.0,19.0,31.142857142857142,30.0,28.533333333333335,37.0
2025-04-10 00:00:00+00:00,1,37,True,3,4,15,0,38.0,33.0,29.0,31.0,31.714285714285715,30.571428571428573,29.166666666666668,36.0
2025-04-11 00:00:00+00:00,1,36,True,4,4,15,0,37.0,32.0,33.0,30.0,32.285714285714285,31.142857142857142,29.366666666666667,35.0
2025-04-12 00:00:00+00:00,1,35,True,5,4,15,1,36.0,37.0,32.0,29.0,32.857142857142854,31.357142857142858,29.566666666666666,24.0
2025-04-13 00:00:00+00:00,1,24,True,6,4,15,1,35.0,25.0,22.0,28.0,32.57142857142857,31.571428571428573,29.766666666666666,27.0
2025-04-14 00:00:00+00:00,1,27,True,0,4,16,0,24.0,24.0,21.0,32.0,32.42857142857143,31.714285714285715,29.633333333333333,38.0
2025-04-15 00:00:00+00:00,1,38,True,1,4,16,0,27.0,33.0,35.0,21.0,32.857142857142854,32.142857142857146,29.466666666666665,37.0
2025-04-16 00:00:00+00:00,1,37,True,2,4,16,0,38.0,38.0,34.0,20.0,33.57142857142857,32.357142857142854,30.033333333333335,36.0
2025-04-17 00:00:00+00:00,1,36,True,3,4,16,0,37.0,37.0,33.0,28.0,33.42857142857143,32.57142857142857,30.6,41.0
2025-04-18 00:00:00+00:00,1,41,True,4,4,16,0,36.0,36.0,32.0,32.0,33.285714285714285,32.785714285714285,30.866666666666667,40.0
2025-04-19 00:00:00+00:00,1,40,True,5,4,16,1,41.0,35.0,37.0,31.0,34.0,33.42857142857143,31.166666666666668,27.0
2025-04-20 00:00:00+00:00,1,27,True,6,4,16,1,40.0,24.0,25.0,30.0,34.714285714285715,33.642857142857146,31.466666666666665,26.0
2025-04-21 00:00:00+00:00,1,26,True,0,4,17,0,27.0,27.0,24.0,29.0,35.142857142857146,33.785714285714285,31.366666666666667,43.0
2025-04-22 00:00:00+00:00,1,43,True,1,4,17,0,26.0,38.0,33.0,23.0,35.0,33.92857142857143,31.266666666666666,41.0
2025-04-23 00:00:00+00:00,1,41,True,2,4,17,0,43.0,37.0,38.0,22.0,35.714285714285715,34.642857142857146,31.933333333333334,40.0
2025-04-24 00:00:00+00:00,1,40,True,3,4,17,0,41.0,36.0,37.0,31.0,36.285714285714285,34.857142857142854,32.56666666666667,38.0
2025-04-25 00:00:00+00:00,1,38,True,4,4,17,0,40.0,41.0,36.0,30.0,36.857142857142854,35.07142857142857,32.86666666666667,44.0
2025-04-26 00:00:00+00:00,1,44,True,5,4,17,1,38.0,40.0,35.0,29.0,36.42857142857143,35.214285714285715,33.13333333333333,30.0
2025-04-27 00:00:00+00:00,1,30,True,6,4,17,1,44.0,27.0,24.0,33.0,37.0,35.857142857142854,33.63333333333333,29.0
2025-04-28 00:00:00+00:00,1,29,True,0,4,18,0,30.0,26.0,27.0,32.0,37.42857142857143,36.285714285714285,33.53333333333333,40.0
2025-04-29 00:00:00+00:00,1,40,True,1,4,18,0,29.0,43.0,38.0,22.0,37.857142857142854,36.42857142857143,33.43333333333333,38.0
2025-04-30 00:00:00+00:00,1,38,True,2,4,18,0,40.0,41.0,37.0,21.0,37.42857142857143,36.57142857142857,34.03333333333333,44.0
2025-05-01 00:00:00+00:00,1,44,True,3,5,18,0,38.0,40.0,36.0,35.0,37.0,36.642857142857146,34.6,42.0
2025-05-02 00:00:00+00:00,1,42,True,4,5,18,0,44.0,38.0,41.0,34.0,37.57142857142857,37.214285714285715,34.9,41.0
2025-05-03 00:00:00+00:00,1,41,True,5,5,18,1,42.0,44.0,40.0,33.0,38.142857142857146,37.285714285714285,35.166666666666664,27.0
2025-05-04 00:00:00+00:00,1,27,True,6,5,18,1,41.0,30.0,27.0,32.0,37.714285714285715,37.357142857142854,35.43333333333333,31.0
2025-05-05 00:00:00+00:00,1,31,True,0,5,19,0,27.0,29.0,26.0,37.0,37.285714285714285,37.357142857142854,35.266666666666666,43.0
2025-05-06 00:00:00+00:00,1,43,True,1,5,19,0,31.0,40.0,43.0,25.0,37.57142857142857,37.714285714285715,35.06666666666667,41.0
2025-05-07 00:00:00+00:00,1,41,True,2,5,19,0,43.0,38.0,41.0,24.0,38.0,37.714285714285715,35.666666666666664,40.0
2025-05-08 00:00:00+00:00,1,40,True,3,5,19,0,41.0,44.0,40.0,33.0,38.42857142857143,37.714285714285715,36.233333333333334,45.0
2025-05-09 00:00:00+00:00,1,45,True,4,5,19,0,40.0,42.0,38.0,38.0,37.857142857142854,37.714285714285715,36.46666666666667,44.0
2025-05-10 00:00:00+00:00,1,44,True,5,5,19,1,45.0,41.0,44.0,37.0,38.285714285714285,38.214285714285715,36.7,29.0
2025-05-11 00:00:00+00:00,1,29,True,6,5,19,1,44.0,27.0,30.0,36.0,38.714285714285715,38.214285714285715,36.93333333333333,28.0
2025-05-12 00:00:00+00:00,1,28,True,0,5,20,0,29.0,31.0,29.0,35.0,39.0,38.142857142857146,36.7,46.0
2025-05-13 00:00:00+00:00,1,46,True,1,5,20,0,28.0,43.0,40.0,24.0,38.57142857142857,38.07142857142857,36.46666666666667,44.0
2025-05-14 00:00:00+00:00,1,44,True,2,5,20,0,46.0,41.0,38.0,27.0,39.0,38.5,37.2,42.0
2025-05-15 00:00:00+00:00,1,42,True,3,5,20,0,44.0,40.0,44.0,38.0,39.42857142857143,38.92857142857143,37.766666666666666,40.0
2025-05-16 00:00:00+00:00,1,40,True,4,5,20,0,42.0,45.0,42.0,37.0,39.714285714285715,38.785714285714285,37.9,38.0
2025-05-17 00:00:00+00:00,1,38,True,5,5,20,1,40.0,44.0,41.0,36.0,39.0,38.642857142857146,38.0,30.0
2025-05-18 00:00:00+00:00,1,30,True,6,5,20,1,38.0,29.0,27.0,41.0,38.142857142857146,38.42857142857143,38.06666666666667,29.0
2025-05-19 00:00:00+00:00,1,29,True,0,5,21,0,30.0,28.0,31.0,40.0,38.285714285714285,38.642857142857146,37.7,40.0
2025-05-20 00:00:00+00:00,1,40,True,1,5,21,0,29.0,46.0,43.0,27.0,38.42857142857143,38.5,37.333333333333336,38.0
2025-05-21 00:00:00+00:00,1,38,True,2,5,21,0,40.0,44.0,41.0,26.0,37.57142857142857,38.285714285714285,37.766666666666666,43.0
2025-05-22 00:00:00+00:00,1,43,True,3,5,21,0,38.0,42.0,40.0,43.0,36.714285714285715,38.07142857142857,38.166666666666664,41.0
2025-05-23 00:00:00+00:00,1,41,True,4,5,21,0,43.0,40.0,45.0,41.0,36.857142857142854,38.285714285714285,38.166666666666664,40.0
2025-05-24 00:00:00+00:00,1,40,True,5,5,21,1,41.0,38.0,44.0,40.0,37.0,38.0,38.166666666666664,26.0
2025-05-25 00:00:00+00:00,1,26,True,6,5,21,1,40.0,30.0,29.0,38.0,37.285714285714285,37.714285714285715,38.166666666666664,30.0
2025-05-26 00:00:00+00:00,1,30,True,0,5,22,0,26.0,29.0,28.0,44.0,36.714285714285715,37.5,37.766666666666666,41.0
2025-05-27 00:00:00+00:00,1,41,True,1,5,22,0,30.0,40.0,46.0,30.0,36.857142857142854,37.642857142857146,37.3,39.0
2025-05-28 00:00:00+00:00,1,39,True,2,5,22,0,41.0,38.0,44.0,29.0,37.0,37.285714285714285,37.666666666666664,37.0
2025-05-29 00:00:00+00:00,1,37,True,3,5,22,0,39.0,43.0,42.0,40.0,37.142857142857146,36.92857142857143,38.0,42.0
2025-05-30 00:00:00+00:00,1,42,True,4,5,22,0,37.0,41.0,40.0,38.0,36.285714285714285,36.57142857142857,37.9,40.0
2025-05-31 00:00:00+00:00,1,40,True,5,5,22,1,42.0,40.0,38.0,44.0,36.42857142857143,36.714285714285715,38.03333333333333,27.0
2025-06-01 00:00:00+00:00,1,27,True,6,6,22,1,40.0,26.0,30.0,42.0,36.42857142857143,36.857142857142854,37.9,25.0
2025-06-02 00:00:00+00:00,1,25,True,0,6,23,0,27.0,30.0,29.0,41.0,36.57142857142857,36.642857142857146,37.4,35.0
2025-06-03 00:00:00+00:00,1,35,True,1,6,23,0,25.0,41.0,40.0,27.0,35.857142857142854,36.357142857142854,36.86666666666667,39.0
2025-06-04 00:00:00+00:00,1,39,True,2,6,23,0,35.0,39.0,38.0,31.0,35.0,36.0,37.13333333333333,37.0
2025-06-05 00:00:00+00:00,1,37,True,3,6,23,0,39.0,37.0,43.0,43.0,35.0,36.07142857142857,37.4,36.0
2025-06-06 00:00:00+00:00,1,36,True,4,6,23,0,37.0,42.0,41.0,41.0,35.0,35.642857142857146,37.2,34.0
2025-06-07 00:00:00+00:00,1,34,True,5,6,23,1,36.0,40.0,40.0,40.0,34.142857142857146,35.285714285714285,37.03333333333333,27.0
2025-06-08 00:00:00+00:00,1,27,True,6,6,23,1,34.0,27.0,26.0,45.0,33.285714285714285,34.857142857142854,36.833333333333336,25.0
2025-06-09 00:00:00+00:00,1,25,True,0,6,24,0,27.0,25.0,30.0,44.0,33.285714285714285,34.92857142857143,36.233333333333334,35.0
2025-06-10 00:00:00+00:00,1,35,True,1,6,24,0,25.0,35.0,41.0,29.0,33.285714285714285,34.57142857142857,35.6,33.0
2025-06-11 00:00:00+00:00,1,33,True,2,6,24,0,35.0,39.0,39.0,28.0,33.285714285714285,34.142857142857146,35.8,37.0
2025-06-12 00:00:00+00:00,1,37,True,3,6,24,0,33.0,37.0,37.0,46.0,32.42857142857143,33.714285714285715,35.96666666666667,36.0
2025-06-13 00:00:00+00:00,1,36,True,4,6,24,0,37.0,36.0,42.0,44.0,32.42857142857143,33.714285714285715,35.666666666666664,34.0
2025-06-14 00:00:00+00:00,1,34,True,5,6,24,1,36.0,34.0,40.0,42.0,32.42857142857143,33.285714285714285,35.4,23.0
2025-06-15 00:00:00+00:00,1,23,True,6,6,24,1,34.0,27.0,27.0,40.0,32.42857142857143,32.857142857142854,35.13333333333333,25.0
2025-06-16 00:00:00+00:00,1,25,True,0,6,25,0,23.0,25.0,25.0,38.0,31.857142857142858,32.57142857142857,34.56666666666667,35.0
2025-06-17 00:00:00+00:00,1,35,True,1,6,25,0,25.0,35.0,35.0,30.0,31.857142857142858,32.57142857142857,34.13333333333333,33.0
2025-06-18 00:00:00+00:00,1,33,True,2,6,25,0,35.0,33.0,39.0,29.0,31.857142857142858,32.57142857142857,34.3,32.0
2025-06-19 00:00:00+00:00,1,32,True,3,6,25,0,33.0,37.0,37.0,40.0,31.857142857142858,32.142857142857146,34.43333333333333,30.0
2025-06-20 00:00:00+00:00,1,30,True,4,6,25,0,32.0,36.0,36.0,38.0,31.142857142857142,31.785714285714285,34.166666666666664,34.0
2025-06-21 00:00:00+00:00,1,34,True,5,6,25,1,30.0,34.0,34.0,43.0,30.285714285714285,31.357142857142858,33.9,23.0
2025-06-22 00:00:00+00:00,1,23,True,6,6,25,1,34.0,23.0,27.0,41.0,30.285714285714285,31.357142857142858,33.6,22.0
2025-06-23 00:00:00+00:00,1,22,True,0,6,26,0,23.0,25.0,25.0,40.0,30.285714285714285,31.071428571428573,33.0,30.0
2025-06-24 00:00:00+00:00,1,30,True,1,6,26,0,22.0,35.0,35.0,26.0,29.857142857142858,30.857142857142858,32.4,34.0
2025-06-25 00:00:00+00:00,1,34,True,2,6,26,0,30.0,33.0,33.0,30.0,29.142857142857142,30.5,32.53333333333333,33.0
2025-06-26 00:00:00+00:00,1,33,True,3,6,26,0,34.0,32.0,37.0,41.0,29.285714285714285,30.571428571428573,32.666666666666664,31.0
2025-06-27 00:00:00+00:00,1,31,True,4,6,26,0,33.0,30.0,36.0,39.0,29.428571428571427,30.285714285714285,32.4,30.0
2025-06-28 00:00:00+00:00,1,30,True,5,6,26,1,31.0,34.0,34.0,37.0,29.571428571428573,29.928571428571427,32.13333333333333,24.0
2025-06-29 00:00:00+00:00,1,24,True,6,6,26,1,30.0,23.0,23.0,42.0,29.0,29.642857142857142,31.9,23.0
2025-06-30 00:00:00+00:00,1,23,True,0,6,27,0,24.0,22.0,25.0,40.0,29.142857142857142,29.714285714285715,31.3,31.0
2025-07-01 00:00:00+00:00,1,31,True,1,7,27,0,23.0,30.0,35.0,27.0,29.285714285714285,29.571428571428573,30.733333333333334,30.0
2025-07-02 00:00:00+00:00,1,30,True,2,7,27,0,31.0,34.0,33.0,25.0,29.428571428571427,29.285714285714285,30.866666666666667,34.0
2025-07-03 00:00:00+00:00,1,34,True,3,7,27,0,30.0,33.0,32.0,35.0,28.857142857142858,29.071428571428573,31.033333333333335,33.0
2025-07-04 00:00:00+00:00,1,33,True,4,7,27,0,34.0,31.0,30.0,39.0,29.0,29.214285714285715,31.0,32.0
2025-07-05 00:00:00+00:00,1,32,True,5,7,27,1,33.0,30.0,34.0,37.0,29.285714285714285,29.428571428571427,30.8,21.0
2025-07-06 00:00:00+00:00,1,21,True,6,7,27,1,32.0,24.0,23.0,36.0,29.571428571428573,29.285714285714285,30.633333333333333,20.0
2025-07-07 00:00:00+00:00,1,20,True,0,7,28,0,21.0,23.0,22.0,34.0,29.142857142857142,29.142857142857142,30.133333333333333,33.0
2025-07-08 00:00:00+00:00,1,33,True,1,7,28,0,20.0,31.0,30.0,27.0,28.714285714285715,29.0,29.666666666666668,32.0
2025-07-09 00:00:00+00:00,1,32,True,2,7,28,0,33.0,30.0,34.0,25.0,29.0,29.214285714285715,29.866666666666667,31.0
2025-07-10 00:00:00+00:00,1,31,True,3,7,28,0,32.0,34.0,33.0,35.0,29.285714285714285,29.071428571428573,30.1,30.0
2025-07-11 00:00:00+00:00,1,30,True,4,7,28,0,31.0,33.0,31.0,33.0,28.857142857142858,28.928571428571427,29.966666666666665,34.0
2025-07-12 00:00:00+00:00,1,34,True,5,7,28,1,30.0,32.0,30.0,37.0,28.428571428571427,28.857142857142858,29.866666666666667,23.0
2025-07-13 00:00:00+00:00,1,23,True,6,7,28,1,34.0,21.0,24.0,36.0,28.714285714285715,29.142857142857142,29.766666666666666,22.0
2025-07-14 00:00:00+00:00,1,22,True,0,7,29,0,23.0,20.0,23.0,34.0,29.0,29.071428571428573,29.333333333333332,31.0
2025-07-15 00:00:00+00:00,1,31,True,1,7,29,0,22.0,33.0,31.0,23.0,29.285714285714285,29.0,28.933333333333334,36.0
2025-07-16 00:00:00+00:00,1,36,True,2,7,29,0,31.0,32.0,30.0,25.0,29.0,29.0,29.2,34.0
2025-07-17 00:00:00+00:00,1,34,True,3,7,29,0,36.0,31.0,34.0,35.0,29.571428571428573,29.428571428571427,29.566666666666666,33.0
2025-07-18 00:00:00+00:00,1,33,True,4,7,29,0,34.0,30.0,33.0,33.0,30.0,29.428571428571427,29.533333333333335,32.0
2025-07-19 00:00:00+00:00,1,32,True,5,7,29,1,33.0,34.0,32.0,32.0,30.428571428571427,29.428571428571427,29.533333333333335,26.0
2025-07-20 00:00:00+00:00,1,26,True,6,7,29,1,32.0,23.0,21.0,30.0,30.142857142857142,29.428571428571427,29.533333333333335,25.0
2025-07-21 00:00:00+00:00,1,25,True,0,7,30,0,26.0,22.0,20.0,34.0,30.571428571428573,29.785714285714285,29.4,35.0
2025-07-22 00:00:00+00:00,1,35,True,1,7,30,0,25.0,31.0,33.0,23.0,31.0,30.142857142857142,29.1,34.0
2025-07-23 00:00:00+00:00,1,34,True,2,7,30,0,35.0,36.0,32.0,22.0,31.571428571428573,30.285714285714285,29.5,33.0
2025-07-24 00:00:00+00:00,1,33,True,3,7,30,0,34.0,34.0,31.0,30.0,31.285714285714285,30.428571428571427,29.9,38.0
2025-07-25 00:00:00+00:00,1,38,True,4,7,30,0,33.0,33.0,30.0,34.0,31.142857142857142,30.571428571428573,30.0,36.0
2025-07-26 00:00:00+00:00,1,36,True,5,7,30,1,38.0,32.0,34.0,33.0,31.857142857142858,31.142857142857142,30.133333333333333,25.0
2025-07-27 00:00:00+00:00,1,25,True,6,7,30,1,36.0,26.0,23.0,31.0,32.42857142857143,31.285714285714285,30.233333333333334,24.0
2025-07-28 00:00:00+00:00,1,24,True,0,7,31,0,25.0,25.0,22.0,30.0,32.285714285714285,31.428571428571427,30.033333333333335,39.0
2025-07-29 00:00:00+00:00,1,39,True,1,7,31,0,24.0,35.0,31.0,24.0,32.142857142857146,31.571428571428573,29.833333333333332,38.0
2025-07-30 00:00:00+00:00,1,38,True,2,7,31,0,39.0,34.0,36.0,23.0,32.714285714285715,32.142857142857146,30.333333333333332,37.0
2025-07-31 00:00:00+00:00,1,37,True,3,7,31,0,38.0,33.0,34.0,31.0,33.285714285714285,32.285714285714285,30.833333333333332,36.0
2025-08-01 00:00:00+00:00,1,36,True,4,8,31,0,37.0,38.0,33.0,30.0,33.857142857142854,32.5,31.033333333333335,41.0
2025-08-02 00:00:00+00:00,1,41,True,5,8,31,1,36.0,36.0,32.0,34.0,33.57142857142857,32.714285714285715,31.233333333333334,28.0
2025-08-03 00:00:00+00:00,1,28,True,6,8,31,1,41.0,25.0,26.0,33.0,34.285714285714285,33.357142857142854,31.466666666666665,27.0
2025-08-04 00:00:00+00:00,1,27,True,0,8,32,0,28.0,24.0,25.0,32.0,34.714285714285715,33.5,31.3,38.0
2025-08-05 00:00:00+00:00,1,38,True,1,8,32,0,27.0,39.0,35.0,21.0,35.142857142857146,33.642857142857146,31.133333333333333,43.0
2025-08-06 00:00:00+00:00,1,43,True,2,8,32,0,38.0,38.0,34.0,20.0,35.0,33.857142857142854,31.7,42.0
2025-08-07 00:00:00+00:00,1,42,True,3,8,32,0,43.0,37.0,33.0,33.0,35.714285714285715,34.5,32.46666666666667,41.0
2025-08-08 00:00:00+00:00,1,41,True,4,8,32,0,42.0,36.0,38.0,32.0,36.42857142857143,35.142857142857146,32.766666666666666,39.0
2025-08-09 00:00:00+00:00,1,39,True,5,8,32,1,41.0,41.0,36.0,31.0,37.142857142857146,35.357142857142854,33.06666666666667,26.0
2025-08-10 00:00:00+00:00,1,26,True,6,8,32,1,39.0,28.0,25.0,30.0,36.857142857142854,35.57142857142857,33.333333333333336,30.0
2025-08-11 00:00:00+00:00,1,30,True,0,8,33,0,26.0,27.0,24.0,34.0,36.57142857142857,35.642857142857146,33.2,42.0
2025-08-12 00:00:00+00:00,1,42,True,1,8,33,0,30.0,38.0,39.0,23.0,37.0,36.07142857142857,33.06666666666667,41.0
2025-08-13 00:00:00+00:00,1,41,True,2,8,33,0,42.0,43.0,38.0,22.0,37.57142857142857,36.285714285714285,33.7,39.0
2025-08-14 00:00:00+00:00,1,39,True,3,8,33,0,41.0,42.0,37.0,31.0,37.285714285714285,36.5,34.333333333333336,45.0
2025-08-15 00:00:00+00:00,1,45,True,4,8,33,0,39.0,41.0,36.0,36.0,36.857142857142854,36.642857142857146,34.6,44.0
2025-08-16 00:00:00+00:00,1,44,True,5,8,33,1,45.0,39.0,41.0,34.0,37.42857142857143,37.285714285714285,34.9,29.0
2025-08-17 00:00:00+00:00,1,29,True,6,8,33,1,44.0,26.0,28.0,33.0,38.142857142857146,37.5,35.233333333333334,28.0
2025-08-18 00:00:00+00:00,1,28,True,0,8,34,0,29.0,30.0,27.0,32.0,38.57142857142857,37.57142857142857,35.1,47.0
2025-08-19 00:00:00+00:00,1,47,True,1,8,34,0,28.0,42.0,38.0,26.0,38.285714285714285,37.642857142857146,34.96666666666667,45.0
2025-08-20 00:00:00+00:00,1,45,True,2,8,34,0,47.0,41.0,43.0,25.0,39.0,38.285714285714285,35.666666666666664,44.0
2025-08-21 00:00:00+00:00,1,44,True,3,8,34,0,45.0,39.0,42.0,35.0,39.57142857142857,38.42857142857143,36.333333333333336,42.0
2025-08-22 00:00:00+00:00,1,42,True,4,8,34,0,44.0,45.0,41.0,34.0,40.285714285714285,38.57142857142857,36.63333333333333,48.0
2025-08-23 00:00:00+00:00,1,48,True,5,8,34,1,42.0,44.0,39.0,33.0,39.857142857142854,38.642857142857146,36.9,32.0
2025-08-24 00:00:00+00:00,1,32,True,6,8,34,1,48.0,29.0,26.0,38.0,40.42857142857143,39.285714285714285,37.4,31.0
2025-08-25 00:00:00+00:00,1,31,True,0,8,35,0,32.0,28.0,30.0,36.0,40.857142857142854,39.714285714285715,37.2,43.0
2025-08-26 00:00:00+00:00,1,43,True,1,8,35,0,31.0,47.0,42.0,25.0,41.285714285714285,39.785714285714285,37.03333333333333,41.0
2025-08-27 00:00:00+00:00,1,41,True,2,8,35,0,43.0,45.0,41.0,24.0,40.714285714285715,39.857142857142854,37.63333333333333,47.0
2025-08-28 00:00:00+00:00,1,47,True,3,8,35,0,41.0,44.0,39.0,39.0,40.142857142857146,39.857142857142854,38.2,45.0
2025-08-29 00:00:00+00:00,1,45,True,4,8,35,0,47.0,42.0,45.0,38.0,40.57142857142857,40.42857142857143,38.46666666666667,44.0
2025-08-30 00:00:00+00:00,1,44,True,5,8,35,1,45.0,48.0,44.0,37.0,41.0,40.42857142857143,38.7,29.0
2025-08-31 00:00:00+00:00,1,29,True,6,8,35,1,44.0,32.0,29.0,36.0,40.42857142857143,40.42857142857143,38.93333333333333,33.0
2025-09-01 00:00:00+00:00,1,33,True,0,9,36,0,29.0,31.0,28.0,41.0,40.0,40.42857142857143,38.7,46.0
2025-09-02 00:00:00+00:00,1,46,True,1,9,36,0,33.0,43.0,47.0,28.0,40.285714285714285,40.785714285714285,38.43333333333333,44.0
2025-09-03 00:00:00+00:00,1,44,True,2,9,36,0,46.0,41.0,45.0,27.0,40.714285714285715,40.714285714285715,39.03333333333333,42.0
2025-09-04 00:00:00+00:00,1,42,True,3,9,36,0,44.0,47.0,44.0,38.0,41.142857142857146,40.642857142857146,39.6,48.0
2025-09-05 00:00:00+00:00,1,48,True,4,9,36,0,42.0,45.0,42.0,43.0,40.42857142857143,40.5,39.733333333333334,46.0
2025-09-06 00:00:00+00:00,1,46,True,5,9,36,1,48.0,44.0,48.0,42.0,40.857142857142854,40.92857142857143,39.9,31.0
2025-09-07 00:00:00+00:00,1,31,True,6,9,36,1,46.0,29.0,32.0,41.0,41.142857142857146,40.785714285714285,40.03333333333333,29.0
2025-09-08 00:00:00+00:00,1,29,True,0,9,37,0,31.0,33.0,31.0,39.0,41.42857142857143,40.714285714285715,39.7,48.0
2025-09-09 00:00:00+00:00,1,48,True,1,9,37,0,29.0,46.0,43.0,26.0,40.857142857142854,40.57142857142857,39.36666666666667,46.0
2025-09-10 00:00:00+00:00,1,46,True,2,9,37,0,48.0,44.0,41.0,30.0,41.142857142857146,40.92857142857143,40.1,44.0
2025-09-11 00:00:00+00:00,1,44,True,3,9,37,0,46.0,42.0,47.0,42.0,41.42857142857143,41.285714285714285,40.63333333333333,42.0
2025-09-12 00:00:00+00:00,1,42,True,4,9,37,0,44.0,48.0,45.0,41.0,41.714285714285715,41.07142857142857,40.7,40.0
2025-09-13 00:00:00+00:00,1,40,True,5,9,37,1,42.0,46.0,44.0,39.0,40.857142857142854,40.857142857142854,40.733333333333334,31.0
2025-09-14 00:00:00+00:00,1,31,True,6,9,37,1,40.0,31.0,29.0,45.0,40.0,40.57142857142857,40.766666666666666,30.0
2025-09-15 00:00:00+00:00,1,30,True,0,9,38,0,31.0,29.0,33.0,44.0,40.0,40.714285714285715,40.3,41.0
2025-09-16 00:00:00+00:00,1,41,True,1,9,38,0,30.0,48.0,46.0,29.0,40.142857142857146,40.5,39.833333333333336,39.0
2025-09-17 00:00:00+00:00,1,39,True,2,9,38,0,41.0,46.0,44.0,28.0,39.142857142857146,40.142857142857146,40.233333333333334,44.0
2025-09-18 00:00:00+00:00,1,44,True,3,9,38,0,39.0,44.0,42.0,47.0,38.142857142857146,39.785714285714285,40.6,42.0
2025-09-19 00:00:00+00:00,1,42,True,4,9,38,0,44.0,42.0,48.0,45.0,38.142857142857146,39.92857142857143,40.5,40.0
2025-09-20 00:00:00+00:00,1,40,True,5,9,38,1,42.0,40.0,46.0,44.0,38.142857142857146,39.5,40.4,27.0
2025-09-21 00:00:00+00:00,1,27,True,6,9,38,1,40.0,31.0,31.0,42.0,38.142857142857146,39.07142857142857,40.266666666666666,30.0
2025-09-22 00:00:00+00:00,1,30,True,0,9,39,0,27.0,30.0,29.0,48.0,37.57142857142857,38.785714285714285,39.766666666666666,42.0
2025-09-23 00:00:00+00:00,1,42,True,1,9,39,0,30.0,41.0,48.0,32.0,37.57142857142857,38.857142857142854,39.166666666666664,40.0
2025-09-24 00:00:00+00:00,1,40,True,2,9,39,0,42.0,39.0,46.0,31.0,37.714285714285715,38.42857142857143,39.5,38.0
2025-09-25 00:00:00+00:00,1,38,True,3,9,39,0,40.0,44.0,44.0,43.0,37.857142857142854,38.0,39.8,43.0
2025-09-26 00:00:00+00:00,1,43,True,4,9,39,0,38.0,42.0,42.0,41.0,37.0,37.57142857142857,39.63333333333333,41.0
2025-09-27 00:00:00+00:00,1,41,True,5,9,39,1,43.0,40.0,40.0,47.0,37.142857142857146,37.642857142857146,39.7,27.0
2025-09-28 00:00:00+00:00,1,27,True,6,9,39,1,41.0,27.0,31.0,45.0,37.285714285714285,37.714285714285715,39.5,26.0
2025-09-29 00:00:00+00:00,1,26,True,0,9,40,0,27.0,30.0,30.0,44.0,37.285714285714285,37.42857142857143,38.9,35.0
2025-09-30 00:00:00+00:00,1,35,True,1,9,40,0,26.0,42.0,41.0,29.0,36.714285714285715,37.142857142857146,38.3,40.0
2025-10-01 00:00:00+00:00,1,40,True,2,10,40,0,35.0,40.0,39.0,33.0,35.714285714285715,36.714285714285715,38.5,38.0
2025-10-02 00:00:00+00:00,1,38,True,3,10,40,0,40.0,38.0,44.0,46.0,35.714285714285715,36.785714285714285,38.733333333333334,36.0
2025-10-03 00:00:00+00:00,1,36,True,4,10,40,0,38.0,43.0,42.0,44.0,35.714285714285715,36.357142857142854,38.46666666666667,34.0
2025-10-04 00:00:00+00:00,1,34,True,5,10,40,1,36.0,41.0,40.0,42.0,34.714285714285715,35.92857142857143,38.2,27.0
2025-10-05 00:00:00+00:00,1,27,True,6,10,40,1,34.0,27.0,27.0,48.0,33.714285714285715,35.5,37.93333333333333,26.0
2025-10-06 00:00:00+00:00,1,26,True,0,10,41,0,27.0,26.0,30.0,46.0,33.714285714285715,35.5,37.233333333333334,35.0
2025-10-07 00:00:00+00:00,1,35,True,1,10,41,0,26.0,35.0,42.0,31.0,33.714285714285715,35.214285714285715,36.56666666666667,34.0
2025-10-08 00:00:00+00:00,1,34,True,2,10,41,0,35.0,40.0,40.0,29.0,33.714285714285715,34.714285714285715,36.7,38.0
2025-10-09 00:00:00+00:00,1,38,True,3,10,41,0,34.0,38.0,38.0,48.0,32.857142857142854,34.285714285714285,36.86666666666667,36.0
2025-10-10 00:00:00+00:00,1,36,True,4,10,41,0,38.0,36.0,43.0,46.0,32.857142857142854,34.285714285714285,36.53333333333333,35.0
2025-10-11 00:00:00+00:00,1,35,True,5,10,41,1,36.0,34.0,41.0,44.0,32.857142857142854,33.785714285714285,36.2,23.0
2025-10-12 00:00:00+00:00,1,23,True,6,10,41,1,35.0,27.0,27.0,42.0,33.0,33.357142857142854,35.9,26.0
2025-10-13 00:00:00+00:00,1,26,True,0,10,42,0,23.0,26.0,26.0,40.0,32.42857142857143,33.07142857142857,35.266666666666666,36.0
2025-10-14 00:00:00+00:00,1,36,True,1,10,42,0,26.0,35.0,35.0,31.0,32.42857142857143,33.07142857142857,34.8,34.0
2025-10-15 00:00:00+00:00,1,34,True,2,10,42,0,36.0,34.0,40.0,30.0,32.57142857142857,33.142857142857146,34.96666666666667,33.0
2025-10-16 00:00:00+00:00,1,33,True,3,10,42,0,34.0,38.0,38.0,41.0,32.57142857142857,32.714285714285715,35.1,31.0
2025-10-17 00:00:00+00:00,1,31,True,4,10,42,0,33.0,36.0,36.0,39.0,31.857142857142858,32.357142857142854,34.833333333333336,36.0
2025-10-18 00:00:00+00:00,1,36,True,5,10,42,1,31.0,35.0,34.0,44.0,31.142857142857142,32.0,34.56666666666667,24.0
2025-10-19 00:00:00+00:00,1,24,True,6,10,42,1,36.0,23.0,27.0,42.0,31.285714285714285,32.142857142857146,34.3,23.0
2025-10-20 00:00:00+00:00,1,23,True,0,10,43,0,24.0,26.0,26.0,40.0,31.428571428571427,31.928571428571427,33.7,31.0
2025-10-21 00:00:00+00:00,1,31,True,1,10,43,0,23.0,36.0,35.0,27.0,31.0,31.714285714285715,33.13333333333333,36.0
2025-10-22 00:00:00+00:00,1,36,True,2,10,43,0,31.0,34.0,34.0,30.0,30.285714285714285,31.428571428571427,33.266666666666666,34.0
2025-10-23 00:00:00+00:00,1,34,True,3,10,43,0,36.0,33.0,38.0,42.0,30.571428571428573,31.571428571428573,33.46666666666667,33.0
2025-10-24 00:00:00+00:00,1,33,True,4,10,43,0,34.0,31.0,36.0,40.0,30.714285714285715,31.285714285714285,33.2,31.0
2025-10-25 00:00:00+00:00,1,31,True,5,10,43,1,33.0,36.0,35.0,38.0,31.0,31.071428571428573,32.96666666666667,25.0
2025-10-26 00:00:00+00:00,1,25,True,6,10,43,1,31.0,24.0,23.0,43.0,30.285714285714285,30.785714285714285,32.733333333333334,24.0
2025-10-27 00:00:00+00:00,1,24,True,0,10,44,0,25.0,23.0,26.0,41.0,30.428571428571427,30.928571428571427,32.13333333333333,33.0
2025-10-28 00:00:00+00:00,1,33,True,1,10,44,0,24.0,31.0,36.0,27.0,30.571428571428573,30.785714285714285,31.566666666666666,32.0
2025-10-29 00:00:00+00:00,1,32,True,2,10,44,0,33.0,36.0,34.0,26.0,30.857142857142858,30.571428571428573,31.766666666666666,37.0
2025-10-30 00:00:00+00:00,1,37,True,3,10,44,0,32.0,34.0,33.0,35.0,30.285714285714285,30.428571428571427,31.966666666666665,35.0
2025-10-31 00:00:00+00:00,1,35,True,4,10,44,0,37.0,33.0,31.0,40.0,30.714285714285715,30.714285714285715,32.03333333333333,34.0
2025-11-01 00:00:00+00:00,1,34,True,5,11,44,1,35.0,31.0,36.0,38.0,31.0,31.0,31.866666666666667,23.0
2025-11-02 00:00:00+00:00,1,23,True,6,11,44,1,34.0,25.0,24.0,36.0,31.428571428571427,30.857142857142858,31.733333333333334,22.0
2025-11-03 00:00:00+00:00,1,22,True,0,11,45,0,23.0,24.0,23.0,34.0,31.142857142857142,30.785714285714285,31.3,36.0
2025-11-04 00:00:00+00:00,1,36,True,1,11,45,0,22.0,33.0,31.0,27.0,30.857142857142858,30.714285714285715,30.9,35.0
2025-11-05 00:00:00+00:00,1,35,True,2,11,45,0,36.0,32.0,36.0,26.0,31.285714285714285,31.071428571428573,31.2,34.0
2025-11-06 00:00:00+00:00,1,34,True,3,11,45,0,35.0,37.0,34.0,35.0,31.714285714285715,31.0,31.5,33.0
2025-11-07 00:00:00+00:00,1,33,True,4,11,45,0,34.0,35.0,33.0,34.0,31.285714285714285,31.0,31.466666666666665,38.0
2025-11-08 00:00:00+00:00,1,38,True,5,11,45,1,33.0,34.0,31.0,38.0,31.0,31.0,31.433333333333334,26.0
2025-11-09 00:00:00+00:00,1,26,True,6,11,45,1,38.0,23.0,25.0,36.0,31.571428571428573,31.5,31.433333333333334,25.0
2025-11-10 00:00:00+00:00,1,25,True,0,11,46,0,26.0,22.0,24.0,35.0,32.0,31.571428571428573,31.1,34.0
2025-11-11 00:00:00+00:00,1,34,True,1,11,46,0,25.0,36.0,33.0,23.0,32.42857142857143,31.642857142857142,30.766666666666666,40.0
2025-11-12 00:00:00+00:00,1,40,True,2,11,46,0,34.0,35.0,32.0,26.0,32.142857142857146,31.714285714285715,31.133333333333333,38.0
2025-11-13 00:00:00+00:00,1,38,True,3,11,46,0,40.0,34.0,37.0,36.0,32.857142857142854,32.285714285714285,31.6,37.0
2025-11-14 00:00:00+00:00,1,37,True,4,11,46,0,38.0,33.0,35.0,34.0,33.42857142857143,32.357142857142854,31.666666666666668,36.0
2025-11-15 00:00:00+00:00,1,36,True,5,11,46,1,37.0,38.0,34.0,33.0,34.0,32.5,31.766666666666666,29.0
2025-11-16 00:00:00+00:00,1,29,True,6,11,46,1,36.0,26.0,23.0,31.0,33.714285714285715,32.642857142857146,31.866666666666667,28.0
2025-11-17 00:00:00+00:00,1,28,True,0,11,47,0,29.0,25.0,22.0,36.0,34.142857142857146,33.07142857142857,31.8,39.0
2025-11-18 00:00:00+00:00,1,39,True,1,11,47,0,28.0,34.0,36.0,24.0,34.57142857142857,33.5,31.533333333333335,38.0
2025-11-19 00:00:00+00:00,1,38,True,2,11,47,0,39.0,40.0,35.0,23.0,35.285714285714285,33.714285714285715,32.03333333333333,36.0
2025-11-20 00:00:00+00:00,1,36,True,3,11,47,0,38.0,38.0,34.0,31.0,35.0,33.92857142857143,32.53333333333333,42.0
2025-11-21 00:00:00+00:00,1,42,True,4,11,47,0,36.0,37.0,33.0,36.0,34.714285714285715,34.07142857142857,32.7,41.0
2025-11-22 00:00:00+00:00,1,41,True,5,11,47,1,42.0,36.0,38.0,34.0,35.42857142857143,34.714285714285715,32.9,28.0
2025-11-23 00:00:00+00:00,1,28,True,6,11,47,1,41.0,29.0,26.0,33.0,36.142857142857146,34.92857142857143,33.13333333333333,27.0
2025-11-24 00:00:00+00:00,1,27,True,0,11,48,0,28.0,28.0,25.0,31.0,36.0,35.07142857142857,32.96666666666667,44.0
2025-11-25 00:00:00+00:00,1,44,True,1,11,48,0,27.0,39.0,34.0,25.0,35.857142857142854,35.214285714285715,32.833333333333336,43.0
2025-11-26 00:00:00+00:00,1,43,True,2,11,48,0,44.0,38.0,40.0,24.0,36.57142857142857,35.92857142857143,33.46666666666667,41.0
2025-11-27 00:00:00+00:00,1,41,True,3,11,48,0,43.0,36.0,38.0,33.0,37.285714285714285,36.142857142857146,34.1,40.0
2025-11-28 00:00:00+00:00,1,40,True,4,11,48,0,41.0,42.0,37.0,32.0,38.0,36.357142857142854,34.36666666666667,46.0
2025-11-29 00:00:00+00:00,1,46,True,5,11,48,1,40.0,41.0,36.0,37.0,37.714285714285715,36.57142857142857,34.63333333333333,31.0
2025-11-30 00:00:00+00:00,1,31,True,6,11,48,1,46.0,28.0,29.0,35.0,38.42857142857143,37.285714285714285,34.93333333333333,30.0
2025-12-01 00:00:00+00:00,1,30,True,0,12,49,0,31.0,27.0,28.0,34.0,38.857142857142854,37.42857142857143,34.8,42.0
2025-12-02 00:00:00+00:00,1,42,True,1,12,49,0,30.0,44.0,39.0,23.0,39.285714285714285,37.57142857142857,34.666666666666664,48.0
2025-12-03 00:00:00+00:00,1,48,True,2,12,49,0,42.0,43.0,38.0,22.0,39.0,37.785714285714285,35.3,47.0
2025-12-04 00:00:00+00:00,1,47,True,3,12,49,0,48.0,41.0,36.0,36.0,39.714285714285715,38.5,36.166666666666664,45.0
2025-12-05 00:00:00+00:00,1,45,True,4,12,49,0,47.0,40.0,42.0,35.0,40.57142857142857,39.285714285714285,36.53333333333333,43.0
2025-12-06 00:00:00+00:00,1,43,True,5,12,49,1,45.0,46.0,41.0,34.0,41.285714285714285,39.5,36.86666666666667,29.0
2025-12-07 00:00:00+00:00,1,29,True,6,12,49,1,43.0,31.0,28.0,33.0,40.857142857142854,39.642857142857146,37.166666666666664,34.0
2025-12-08 00:00:00+00:00,1,34,True,0,12,50,0,29.0,30.0,27.0,38.0,40.57142857142857,39.714285714285715,37.03333333333333,47.0
2025-12-09 00:00:00+00:00,1,47,True,1,12,50,0,34.0,42.0,44.0,26.0,41.142857142857146,40.214285714285715,36.9,45.0
2025-12-10 00:00:00+00:00,1,45,True,2,12,50,0,47.0,48.0,43.0,25.0,41.857142857142854,40.42857142857143,37.6,43.0
2025-12-11 00:00:00+00:00,1,43,True,3,12,50,0,45.0,47.0,41.0,34.0,41.42857142857143,40.57142857142857,38.266666666666666,50.0
2025-12-12 00:00:00+00:00,1,50,True,4,12,50,0,43.0,45.0,40.0,40.0,40.857142857142854,40.714285714285715,38.56666666666667,48.0
2025-12-13 00:00:00+00:00,1,48,True,5,12,50,1,50.0,43.0,46.0,38.0,41.57142857142857,41.42857142857143,38.9,32.0
2025-12-14 00:00:00+00:00,1,32,True,6,12,50,1,48.0,29.0,31.0,37.0,42.285714285714285,41.57142857142857,39.233333333333334,31.0
2025-12-15 00:00:00+00:00,1,31,True,0,12,51,0,32.0,34.0,30.0,36.0,42.714285714285715,41.642857142857146,39.06666666666667,51.0
2025-12-16 00:00:00+00:00,1,51,True,1,12,51,0,31.0,47.0,42.0,29.0,42.285714285714285,41.714285714285715,38.9,49.0
2025-12-17 00:00:00+00:00,1,49,True,2,12,51,0,51.0,45.0,48.0,28.0,42.857142857142854,42.357142857142854,39.63333333333333,47.0
2025-12-18 00:00:00+00:00,1,47,True,3,12,51,0,49.0,43.0,47.0,39.0,43.42857142857143,42.42857142857143,40.333333333333336,45.0
2025-12-19 00:00:00+00:00,1,45,True,4,12,51,0,47.0,50.0,45.0,38.0,44.0,42.42857142857143,40.6,51.0
2025-12-20 00:00:00+00:00,1,51,True,5,12,51,1,45.0,48.0,43.0,36.0,43.285714285714285,42.42857142857143,40.833333333333336,34.0
2025-12-21 00:00:00+00:00,1,34,True,6,12,51,1,51.0,32.0,29.0,42.0,43.714285714285715,43.0,41.333333333333336,33.0
2025-12-22 00:00:00+00:00,1,33,True,0,12,52,0,34.0,31.0,34.0,41.0,44.0,43.357142857142854,41.06666666666667,46.0
2025-12-23 00:00:00+00:00,1,46,True,1,12,52,0,33.0,51.0,47.0,28.0,44.285714285714285,43.285714285714285,40.8,44.0
2025-12-24 00:00:00+00:00,1,44,True,2,12,52,0,46.0,49.0,45.0,27.0,43.57142857142857,43.214285714285715,41.4,50.0
2025-12-25 00:00:00+00:00,1,50,True,3,12,52,0,44.0,47.0,43.0,44.0,42.857142857142854,43.142857142857146,41.96666666666667,48.0
2025-12-26 00:00:00+00:00,1,48,True,4,12,52,0,50.0,45.0,50.0,43.0,43.285714285714285,43.642857142857146,42.166666666666664,46.0
2025-12-27 00:00:00+00:00,1,46,True,5,12,52,1,48.0,51.0,48.0,41.0,43.714285714285715,43.5,42.333333333333336,30.0
2025-12-28 00:00:00+00:00,1,30,True,6,12,52,1,46.0,34.0,32.0,40.0,43.0,43.357142857142854,42.5,35.0
2025-12-29 00:00:00+00:00,1,35,True,0,12,1,0,30.0,33.0,31.0,46.0,42.42857142857143,43.214285714285715,42.166666666666664,48.0
2025-12-30 00:00:00+00:00,1,48,True,1,12,1,0,35.0,46.0,51.0,31.0,42.714285714285715,43.5,41.8,46.0
2025-01-31 00:00:00+00:00,10,16,True,4,1,5,0,14.0,16.0,15.0,11.0,13.571428571428571,13.428571428571429,14.333333333333334,15.0
2025-02-01 00:00:00+00:00,10,15,True,5,2,5,1,16.0,15.0,10.0,18.0,13.571428571428571,13.5,14.5,10.0
2025-02-02 00:00:00+00:00,10,10,True,6,2,5,1,15.0,10.0,12.0,17.0,13.571428571428571,13.857142857142858,14.4,9.0
2025-02-03 00:00:00+00:00,10,9,True,0,2,6,0,10.0,11.0,11.0,16.0,13.571428571428571,13.714285714285714,14.166666666666666,8.0
2025-02-04 00:00:00+00:00,10,8,True,1,2,6,0,9.0,15.0,15.0,11.0,13.285714285714286,13.571428571428571,13.933333333333334,14.0
2025-02-05 00:00:00+00:00,10,14,True,2,2,6,0,8.0,14.0,14.0,12.0,12.285714285714286,13.071428571428571,13.833333333333334,14.0
2025-02-06 00:00:00+00:00,10,14,True,3,2,6,0,14.0,14.0,16.0,17.0,12.285714285714286,13.071428571428571,13.9,13.0
2025-02-07 00:00:00+00:00,10,13,True,4,2,6,0,14.0,16.0,16.0,16.0,12.285714285714286,12.928571428571429,13.8,13.0
2025-02-08 00:00:00+00:00,10,13,True,5,2,6,1,13.0,15.0,15.0,16.0,11.857142857142858,12.714285714285714,13.7,10.0
2025-02-09 00:00:00+00:00,10,10,True,6,2,6,1,13.0,10.0,10.0,18.0,11.571428571428571,12.571428571428571,13.6,9.0
2025-02-10 00:00:00+00:00,10,9,True,0,2,7,0,10.0,9.0,11.0,17.0,11.571428571428571,12.571428571428571,13.333333333333334,13.0
2025-02-11 00:00:00+00:00,10,13,True,1,2,7,0,9.0,8.0,15.0,11.0,11.571428571428571,12.428571428571429,13.066666666666666,12.0
2025-02-12 00:00:00+00:00,10,12,True,2,2,7,0,13.0,14.0,14.0,11.0,12.285714285714286,12.285714285714286,13.133333333333333,14.0
2025-02-13 00:00:00+00:00,10,14,True,3,2,7,0,12.0,14.0,14.0,18.0,12.0,12.142857142857142,13.166666666666666,13.0
2025-02-14 00:00:00+00:00,10,13,True,4,2,7,0,14.0,13.0,16.0,17.0,12.0,12.142857142857142,13.033333333333333,13.0
2025-02-15 00:00:00+00:00,10,13,True,5,2,7,1,13.0,13.0,15.0,16.0,12.0,11.928571428571429,12.9,9.0
2025-02-16 00:00:00+00:00,10,9,True,6,2,7,1,13.0,10.0,10.0,15.0,12.0,11.785714285714286,12.8,10.0
2025-02-17 00:00:00+00:00,10,10,True,0,2,8,0,9.0,9.0,9.0,10.0,11.857142857142858,11.714285714285714,12.6,13.0
2025-02-18 00:00:00+00:00,10,13,True,1,2,8,0,10.0,13.0,8.0,12.0,12.0,11.785714285714286,12.6,13.0
2025-02-19 00:00:00+00:00,10,13,True,2,2,8,0,13.0,12.0,14.0,11.0,12.0,12.142857142857142,12.633333333333333,12.0
2025-02-20 00:00:00+00:00,10,12,True,3,2,8,0,13.0,14.0,14.0,15.0,12.142857142857142,12.071428571428571,12.7,7.0
2025-02-21 00:00:00+00:00,10,7,True,4,2,8,0,12.0,13.0,13.0,14.0,11.857142857142858,11.928571428571429,12.6,13.0
2025-02-22 00:00:00+00:00,10,13,True,5,2,8,1,7.0,13.0,13.0,16.0,11.0,11.5,12.366666666666667,9.0
2025-02-23 00:00:00+00:00,10,9,True,6,2,8,1,13.0,9.0,10.0,16.0,11.0,11.5,12.266666666666667,9.0
2025-02-24 00:00:00+00:00,10,9,True,0,2,9,0,9.0,10.0,9.0,15.0,11.0,11.428571428571429,12.033333333333333,12.0
2025-02-25 00:00:00+00:00,10,12,True,1,2,9,0,9.0,13.0,13.0,10.0,10.857142857142858,11.428571428571429,11.833333333333334,14.0
2025-02-26 00:00:00+00:00,10,14,True,2,2,9,0,12.0,13.0,12.0,11.0,10.714285714285714,11.357142857142858,11.9,13.0
2025-02-27 00:00:00+00:00,10,13,True,3,2,9,0,14.0,12.0,14.0,15.0,10.857142857142858,11.5,12.0,13.0
2025-02-28 00:00:00+00:00,10,13,True,4,2,9,0,13.0,7.0,13.0,14.0,11.0,11.428571428571429,11.933333333333334,12.0
2025-03-01 00:00:00+00:00,10,12,True,5,3,9,1,13.0,13.0,13.0,14.0,11.857142857142858,11.428571428571429,11.9,10.0
2025-03-02 00:00:00+00:00,10,10,True,6,3,9,1,12.0,9.0,9.0,16.0,11.714285714285714,11.357142857142858,11.833333333333334,9.0
2025-03-03 00:00:00+00:00,10,9,True,0,3,10,0,10.0,9.0,10.0,15.0,11.857142857142858,11.428571428571429,11.633333333333333,13.0
2025-03-04 00:00:00+00:00,10,13,True,1,3,10,0,9.0,12.0,13.0,10.0,11.857142857142858,11.357142857142858,11.433333333333334,12.0
2025-03-05 00:00:00+00:00,10,12,True,2,3,10,0,13.0,14.0,13.0,9.0,12.0,11.357142857142858,11.533333333333333,14.0
2025-03-06 00:00:00+00:00,10,14,True,3,3,10,0,12.0,13.0,12.0,8.0,11.714285714285714,11.285714285714286,11.633333333333333,14.0
2025-03-07 00:00:00+00:00,10,14,True,4,3,10,0,14.0,13.0,7.0,14.0,11.857142857142858,11.428571428571429,11.833333333333334,13.0
2025-03-08 00:00:00+00:00,10,13,True,5,3,10,1,14.0,12.0,13.0,14.0,12.0,11.928571428571429,11.833333333333334,9.0
2025-03-09 00:00:00+00:00,10,9,True,6,3,10,1,13.0,10.0,9.0,13.0,12.142857142857142,11.928571428571429,11.8,4.0
2025-03-10 00:00:00+00:00,10,4,True,0,3,11,0,9.0,9.0,9.0,13.0,12.0,11.928571428571429,11.666666666666666,14.0
2025-03-11 00:00:00+00:00,10,14,True,1,3,11,0,4.0,13.0,12.0,10.0,11.285714285714286,11.571428571428571,11.366666666666667,14.0
2025-03-12 00:00:00+00:00,10,14,True,2,3,11,0,14.0,12.0,14.0,9.0,11.428571428571429,11.714285714285714,11.5,13.0
2025-03-13 00:00:00+00:00,10,13,True,3,3,11,0,14.0,14.0,13.0,13.0,11.714285714285714,11.714285714285714,11.666666666666666,13.0
2025-03-14 00:00:00+00:00,10,13,True,4,3,11,0,13.0,14.0,13.0,12.0,11.571428571428571,11.714285714285714,11.666666666666666,15.0
2025-03-15 00:00:00+00:00,10,15,True,5,3,11,1,13.0,13.0,12.0,14.0,11.428571428571429,11.714285714285714,11.7,10.0
2025-03-16 00:00:00+00:00,10,10,True,6,3,11,1,15.0,9.0,10.0,13.0,11.714285714285714,11.928571428571429,11.733333333333333,10.0
2025-03-17 00:00:00+00:00,10,10,True,0,3,12,0,10.0,4.0,9.0,13.0,11.857142857142858,11.928571428571429,11.633333333333333,14.0
2025-03-18 00:00:00+00:00,10,14,True,1,3,12,0,10.0,14.0,13.0,9.0,12.714285714285714,12.0,11.533333333333333,16.0
2025-03-19 00:00:00+00:00,10,16,True,2,3,12,0,14.0,14.0,12.0,10.0,12.714285714285714,12.071428571428571,11.7,15.0
2025-03-20 00:00:00+00:00,10,15,True,3,3,12,0,16.0,13.0,14.0,13.0,13.0,12.357142857142858,11.9,15.0
2025-03-21 00:00:00+00:00,10,15,True,4,3,12,0,15.0,13.0,14.0,13.0,13.285714285714286,12.428571428571429,11.966666666666667,14.0
2025-03-22 00:00:00+00:00,10,14,True,5,3,12,1,15.0,15.0,13.0,12.0,13.571428571428571,12.5,12.033333333333333,11.0
2025-03-23 00:00:00+00:00,10,11,True,6,3,12,1,14.0,10.0,9.0,7.0,13.428571428571429,12.571428571428571,12.1,11.0
2025-03-24 00:00:00+00:00,10,11,True,0,3,13,0,11.0,10.0,4.0,13.0,13.571428571428571,12.714285714285714,12.233333333333333,15.0
2025-03-25 00:00:00+00:00,10,15,True,1,3,13,0,11.0,14.0,14.0,9.0,13.714285714285714,13.214285714285714,12.166666666666666,15.0
2025-03-26 00:00:00+00:00,10,15,True,2,3,13,0,15.0,16.0,14.0,9.0,13.857142857142858,13.285714285714286,12.366666666666667,9.0
2025-03-27 00:00:00+00:00,10,9,True,3,3,13,0,15.0,15.0,13.0,12.0,13.714285714285714,13.357142857142858,12.566666666666666,17.0
2025-03-28 00:00:00+00:00,10,17,True,4,3,13,0,9.0,15.0,13.0,14.0,12.857142857142858,13.071428571428571,12.466666666666667,16.0
2025-03-29 00:00:00+00:00,10,16,True,5,3,13,1,17.0,14.0,15.0,13.0,13.142857142857142,13.357142857142858,12.566666666666666,11.0
2025-03-30 00:00:00+00:00,10,11,True,6,3,13,1,16.0,11.0,10.0,13.0,13.428571428571429,13.428571428571429,12.666666666666666,11.0
2025-03-31 00:00:00+00:00,10,11,True,0,3,14,0,11.0,11.0,10.0,12.0,13.428571428571429,13.5,12.6,17.0
2025-04-01 00:00:00+00:00,10,17,True,1,4,14,0,11.0,15.0,14.0,10.0,13.428571428571429,13.571428571428571,12.566666666666666,17.0
2025-04-02 00:00:00+00:00,10,17,True,2,4,14,0,17.0,15.0,16.0,9.0,13.714285714285714,13.785714285714286,12.8,16.0
2025-04-03 00:00:00+00:00,10,16,True,3,4,14,0,17.0,9.0,15.0,13.0,14.0,13.857142857142858,13.066666666666666,16.0
2025-04-04 00:00:00+00:00,10,16,True,4,4,14,0,16.0,17.0,15.0,12.0,15.0,13.928571428571429,13.166666666666666,18.0
2025-04-05 00:00:00+00:00,10,18,True,5,4,14,1,16.0,16.0,14.0,14.0,14.857142857142858,14.0,13.3,12.0
2025-04-06 00:00:00+00:00,10,12,True,6,4,14,1,18.0,11.0,11.0,14.0,15.142857142857142,14.285714285714286,13.433333333333334,12.0
2025-04-07 00:00:00+00:00,10,12,True,0,4,15,0,12.0,11.0,11.0,13.0,15.285714285714286,14.357142857142858,13.366666666666667,16.0
2025-04-08 00:00:00+00:00,10,16,True,1,4,15,0,12.0,17.0,15.0,9.0,15.428571428571429,14.428571428571429,13.333333333333334,19.0
2025-04-09 00:00:00+00:00,10,19,True,2,4,15,0,16.0,17.0,15.0,4.0,15.285714285714286,14.5,13.566666666666666,18.0
2025-04-10 00:00:00+00:00,10,18,True,3,4,15,0,19.0,16.0,9.0,14.0,15.571428571428571,14.785714285714286,14.066666666666666,18.0
2025-04-11 00:00:00+00:00,10,18,True,4,4,15,0,18.0,16.0,17.0,14.0,15.857142857142858,15.428571428571429,14.2,17.0
2025-04-12 00:00:00+00:00,10,17,True,5,4,15,1,18.0,18.0,16.0,13.0,16.142857142857142,15.5,14.333333333333334,6.0
2025-04-13 00:00:00+00:00,10,6,True,6,4,15,1,17.0,12.0,11.0,13.0,16.0,15.571428571428571,14.466666666666667,13.0
2025-04-14 00:00:00+00:00,10,13,True,0,4,16,0,6.0,12.0,11.0,15.0,15.142857142857142,15.214285714285714,14.233333333333333,18.0
2025-04-15 00:00:00+00:00,10,18,True,1,4,16,0,13.0,16.0,17.0,10.0,15.285714285714286,15.357142857142858,14.166666666666666,17.0
2025-04-16 00:00:00+00:00,10,17,True,2,4,16,0,18.0,19.0,17.0,10.0,15.571428571428571,15.428571428571429,14.433333333333334,17.0
2025-04-17 00:00:00+00:00,10,17,True,3,4,16,0,17.0,18.0,16.0,14.0,15.285714285714286,15.428571428571429,14.666666666666666,19.0
2025-04-18 00:00:00+00:00,10,19,True,4,4,16,0,17.0,18.0,16.0,16.0,15.142857142857142,15.5,14.766666666666667,18.0
2025-04-19 00:00:00+00:00,10,18,True,5,4,16,1,19.0,17.0,18.0,15.0,15.285714285714286,15.714285714285714,14.866666666666667,12.0
2025-04-20 00:00:00+00:00,10,12,True,6,4,16,1,18.0,6.0,12.0,15.0,15.428571428571429,15.714285714285714,14.966666666666667,12.0
2025-04-21 00:00:00+00:00,10,12,True,0,4,17,0,12.0,13.0,12.0,14.0,16.285714285714285,15.714285714285714,14.866666666666667,19.0
2025-04-22 00:00:00+00:00,10,19,True,1,4,17,0,12.0,18.0,16.0,11.0,16.142857142857142,15.714285714285714,14.8,19.0
2025-04-23 00:00:00+00:00,10,19,True,2,4,17,0,19.0,17.0,19.0,11.0,16.285714285714285,15.928571428571429,15.066666666666666,18.0
2025-04-24 00:00:00+00:00,10,18,True,3,4,17,0,19.0,17.0,18.0,15.0,16.571428571428573,15.928571428571429,15.333333333333334,17.0
2025-04-25 00:00:00+00:00,10,17,True,4,4,17,0,18.0,19.0,18.0,15.0,16.714285714285715,15.928571428571429,15.433333333333334,20.0
2025-04-26 00:00:00+00:00,10,20,True,5,4,17,1,17.0,18.0,17.0,9.0,16.428571428571427,15.857142857142858,15.5,13.0
2025-04-27 00:00:00+00:00,10,13,True,6,4,17,1,20.0,12.0,6.0,17.0,16.714285714285715,16.071428571428573,15.866666666666667,13.0
2025-04-28 00:00:00+00:00,10,13,True,0,4,18,0,13.0,12.0,13.0,16.0,16.857142857142858,16.571428571428573,15.733333333333333,17.0
2025-04-29 00:00:00+00:00,10,17,True,1,4,18,0,13.0,19.0,18.0,11.0,17.0,16.571428571428573,15.633333333333333,11.0
2025-04-30 00:00:00+00:00,10,11,True,2,4,18,0,17.0,19.0,17.0,11.0,16.714285714285715,16.5,15.833333333333334,19.0
2025-05-01 00:00:00+00:00,10,19,True,3,5,18,0,11.0,18.0,17.0,17.0,15.571428571428571,16.071428571428573,15.833333333333334,18.0
2025-05-02 00:00:00+00:00,10,18,True,4,5,18,0,19.0,17.0,19.0,17.0,15.714285714285714,16.214285714285715,15.9,17.0
2025-05-03 00:00:00+00:00,10,17,True,5,5,18,1,18.0,20.0,18.0,16.0,15.857142857142858,16.142857142857142,15.933333333333334,11.0
2025-05-04 00:00:00+00:00,10,11,True,6,5,18,1,17.0,13.0,12.0,16.0,15.428571428571429,16.071428571428573,15.966666666666667,13.0
2025-05-05 00:00:00+00:00,10,13,True,0,5,19,0,11.0,13.0,12.0,18.0,15.142857142857142,16.0,15.8,18.0
2025-05-06 00:00:00+00:00,10,18,True,1,5,19,0,13.0,17.0,19.0,12.0,15.142857142857142,16.071428571428573,15.633333333333333,17.0
2025-05-07 00:00:00+00:00,10,17,True,2,5,19,0,18.0,11.0,19.0,12.0,15.285714285714286,16.0,15.833333333333334,16.0
2025-05-08 00:00:00+00:00,10,16,True,3,5,19,0,17.0,19.0,18.0,16.0,16.142857142857142,15.857142857142858,16.0,18.0
2025-05-09 00:00:00+00:00,10,18,True,4,5,19,0,16.0,18.0,17.0,19.0,15.714285714285714,15.714285714285714,16.0,18.0
2025-05-10 00:00:00+00:00,10,18,True,5,5,19,1,18.0,17.0,20.0,18.0,15.714285714285714,15.785714285714286,15.966666666666667,12.0
2025-05-11 00:00:00+00:00,10,12,True,6,5,19,1,18.0,11.0,13.0,18.0,15.857142857142858,15.642857142857142,15.966666666666667,11.0
2025-05-12 00:00:00+00:00,10,11,True,0,5,20,0,12.0,13.0,13.0,17.0,16.0,15.571428571428571,15.766666666666667,18.0
2025-05-13 00:00:00+00:00,10,18,True,1,5,20,0,11.0,18.0,17.0,6.0,15.714285714285714,15.428571428571429,15.566666666666666,17.0
2025-05-14 00:00:00+00:00,10,17,True,2,5,20,0,18.0,17.0,11.0,13.0,15.714285714285714,15.5,15.966666666666667,16.0
2025-05-15 00:00:00+00:00,10,16,True,3,5,20,0,17.0,16.0,19.0,18.0,15.714285714285714,15.928571428571429,16.1,16.0
2025-05-16 00:00:00+00:00,10,16,True,4,5,20,0,16.0,18.0,18.0,17.0,15.714285714285714,15.714285714285714,16.033333333333335,10.0
2025-05-17 00:00:00+00:00,10,10,True,5,5,20,1,16.0,18.0,17.0,17.0,15.428571428571429,15.571428571428571,16.0,12.0
2025-05-18 00:00:00+00:00,10,12,True,6,5,20,1,10.0,12.0,11.0,19.0,14.285714285714286,15.071428571428571,15.766666666666667,11.0
2025-05-19 00:00:00+00:00,10,11,True,0,5,21,0,12.0,11.0,13.0,18.0,14.285714285714286,15.142857142857142,15.533333333333333,15.0
2025-05-20 00:00:00+00:00,10,15,True,1,5,21,0,11.0,18.0,18.0,12.0,14.285714285714286,15.0,15.3,15.0
2025-05-21 00:00:00+00:00,10,15,True,2,5,21,0,15.0,17.0,17.0,12.0,13.857142857142858,14.785714285714286,15.4,17.0
2025-05-22 00:00:00+00:00,10,17,True,3,5,21,0,15.0,16.0,16.0,19.0,13.571428571428571,14.642857142857142,15.5,16.0
2025-05-23 00:00:00+00:00,10,16,True,4,5,21,0,17.0,16.0,18.0,19.0,13.714285714285714,14.714285714285714,15.433333333333334,15.0
2025-05-24 00:00:00+00:00,10,15,True,5,5,21,1,16.0,10.0,18.0,18.0,13.714285714285714,14.571428571428571,15.333333333333334,10.0
2025-05-25 00:00:00+00:00,10,10,True,6,5,21,1,15.0,12.0,12.0,17.0,14.428571428571429,14.357142857142858,15.233333333333333,11.0
2025-05-26 00:00:00+00:00,10,11,True,0,5,22,0,10.0,11.0,11.0,20.0,14.142857142857142,14.214285714285714,15.0,15.0
2025-05-27 00:00:00+00:00,10,15,True,1,5,22,0,11.0,15.0,18.0,13.0,14.142857142857142,14.214285714285714,14.7,15.0
2025-05-28 00:00:00+00:00,10,15,True,2,5,22,0,15.0,15.0,17.0,13.0,14.142857142857142,14.0,14.766666666666667,14.0
2025-05-29 00:00:00+00:00,10,14,True,3,5,22,0,15.0,17.0,16.0,17.0,14.142857142857142,13.857142857142858,14.833333333333334,16.0
2025-05-30 00:00:00+00:00,10,16,True,4,5,22,0,14.0,16.0,16.0,11.0,13.714285714285714,13.714285714285714,14.733333333333333,15.0
2025-05-31 00:00:00+00:00,10,15,True,5,5,22,1,16.0,15.0,10.0,19.0,13.714285714285714,13.714285714285714,14.9,10.0
2025-06-01 00:00:00+00:00,10,10,True,6,6,22,1,15.0,10.0,12.0,18.0,13.714285714285714,14.071428571428571,14.766666666666667,10.0
2025-06-02 00:00:00+00:00,10,10,True,0,6,23,0,10.0,11.0,11.0,17.0,13.714285714285714,13.928571428571429,14.5,8.0
2025-06-03 00:00:00+00:00,10,8,True,1,6,23,0,10.0,15.0,15.0,11.0,13.571428571428571,13.857142857142858,14.266666666666667,15.0
2025-06-04 00:00:00+00:00,10,15,True,2,6,23,0,8.0,15.0,15.0,13.0,12.571428571428571,13.357142857142858,14.166666666666666,14.0
2025-06-05 00:00:00+00:00,10,14,True,3,6,23,0,15.0,14.0,17.0,18.0,12.571428571428571,13.357142857142858,14.233333333333333,14.0
2025-06-06 00:00:00+00:00,10,14,True,4,6,23,0,14.0,16.0,16.0,17.0,12.571428571428571,13.142857142857142,14.1,13.0
2025-06-07 00:00:00+00:00,10,13,True,5,6,23,1,14.0,15.0,15.0,16.0,12.285714285714286,13.0,14.0,10.0
2025-06-08 00:00:00+00:00,10,10,True,6,6,23,1,13.0,10.0,10.0,18.0,12.0,12.857142857142858,13.9,10.0
2025-06-09 00:00:00+00:00,10,10,True,0,6,24,0,10.0,10.0,11.0,18.0,12.0,12.857142857142858,13.633333333333333,13.0
2025-06-10 00:00:00+00:00,10,13,True,1,6,24,0,10.0,8.0,15.0,12.0,12.0,12.785714285714286,13.366666666666667,13.0
2025-06-11 00:00:00+00:00,10,13,True,2,6,24,0,13.0,15.0,15.0,11.0,12.714285714285714,12.642857142857142,13.4,15.0
2025-06-12 00:00:00+00:00,10,15,True,3,6,24,0,13.0,14.0,14.0,18.0,12.428571428571429,12.5,13.466666666666667,14.0
2025-06-13 00:00:00+00:00,10,14,True,4,6,24,0,15.0,14.0,16.0,17.0,12.571428571428571,12.571428571428571,13.366666666666667,13.0
2025-06-14 00:00:00+00:00,10,13,True,5,6,24,1,14.0,13.0,15.0,16.0,12.571428571428571,12.428571428571429,13.266666666666667,9.0
2025-06-15 00:00:00+00:00,10,9,True,6,6,24,1,13.0,10.0,10.0,16.0,12.571428571428571,12.285714285714286,13.166666666666666,10.0
2025-06-16 00:00:00+00:00,10,10,True,0,6,25,0,9.0,10.0,10.0,10.0,12.428571428571429,12.214285714285714,12.933333333333334,14.0
2025-06-17 00:00:00+00:00,10,14,True,1,6,25,0,10.0,13.0,8.0,12.0,12.428571428571429,12.214285714285714,12.933333333333334,14.0
2025-06-18 00:00:00+00:00,10,14,True,2,6,25,0,14.0,13.0,15.0,11.0,12.571428571428571,12.642857142857142,13.0,13.0
2025-06-19 00:00:00+00:00,10,13,True,3,6,25,0,14.0,15.0,14.0,15.0,12.714285714285714,12.571428571428571,13.1,7.0
2025-06-20 00:00:00+00:00,10,7,True,4,6,25,0,13.0,14.0,14.0,15.0,12.428571428571429,12.5,13.033333333333333,14.0
2025-06-21 00:00:00+00:00,10,14,True,5,6,25,1,7.0,13.0,13.0,17.0,11.428571428571429,12.0,12.766666666666667,10.0
2025-06-22 00:00:00+00:00,10,10,True,6,6,25,1,14.0,9.0,10.0,16.0,11.571428571428571,12.071428571428571,12.666666666666666,9.0
2025-06-23 00:00:00+00:00,10,9,True,0,6,26,0,10.0,10.0,10.0,15.0,11.714285714285714,12.071428571428571,12.466666666666667,13.0
2025-06-24 00:00:00+00:00,10,13,True,1,6,26,0,9.0,14.0,13.0,10.0,11.571428571428571,12.0,12.266666666666667,15.0
2025-06-25 00:00:00+00:00,10,15,True,2,6,26,0,13.0,14.0,13.0,11.0,11.428571428571429,12.0,12.366666666666667,14.0
2025-06-26 00:00:00+00:00,10,14,True,3,6,26,0,15.0,13.0,15.0,15.0,11.571428571428571,12.142857142857142,12.5,14.0
2025-06-27 00:00:00+00:00,10,14,True,4,6,26,0,14.0,7.0,14.0,15.0,11.714285714285714,12.071428571428571,12.466666666666667,13.0
2025-06-28 00:00:00+00:00,10,13,True,5,6,26,1,14.0,14.0,13.0,14.0,12.714285714285714,12.071428571428571,12.433333333333334,11.0
2025-06-29 00:00:00+00:00,10,11,True,6,6,26,1,13.0,10.0,9.0,16.0,12.571428571428571,12.071428571428571,12.4,10.0
2025-06-30 00:00:00+00:00,10,10,True,0,6,27,0,11.0,9.0,10.0,15.0,12.714285714285714,12.214285714285714,12.233333333333333,14.0
2025-07-01 00:00:00+00:00,10,14,True,1,7,27,0,10.0,13.0,14.0,10.0,12.857142857142858,12.214285714285714,12.066666666666666,14.0
2025-07-02 00:00:00+00:00,10,14,True,2,7,27,0,14.0,15.0,14.0,10.0,13.0,12.214285714285714,12.2,16.0
2025-07-03 00:00:00+00:00,10,16,True,3,7,27,0,14.0,14.0,13.0,8.0,12.857142857142858,12.214285714285714,12.333333333333334,15.0
2025-07-04 00:00:00+00:00,10,15,True,4,7,27,0,16.0,14.0,7.0,15.0,13.142857142857142,12.428571428571429,12.6,15.0
2025-07-05 00:00:00+00:00,10,15,True,5,7,27,1,15.0,13.0,14.0,14.0,13.285714285714286,13.0,12.6,10.0
2025-07-06 00:00:00+00:00,10,10,True,6,7,27,1,15.0,11.0,10.0,14.0,13.571428571428571,13.071428571428571,12.633333333333333,5.0
2025-07-07 00:00:00+00:00,10,5,True,0,7,28,0,10.0,10.0,9.0,13.0,13.428571428571429,13.071428571428571,12.5,16.0
2025-07-08 00:00:00+00:00,10,16,True,1,7,28,0,5.0,14.0,13.0,10.0,12.714285714285714,12.785714285714286,12.233333333333333,16.0
2025-07-09 00:00:00+00:00,10,16,True,2,7,28,0,16.0,14.0,15.0,10.0,13.0,13.0,12.433333333333334,15.0
2025-07-10 00:00:00+00:00,10,15,True,3,7,28,0,16.0,16.0,14.0,13.0,13.285714285714286,13.071428571428571,12.633333333333333,15.0
2025-07-11 00:00:00+00:00,10,15,True,4,7,28,0,15.0,15.0,14.0,13.0,13.142857142857142,13.142857142857142,12.7,17.0
2025-07-12 00:00:00+00:00,10,17,True,5,7,28,1,15.0,15.0,13.0,15.0,13.142857142857142,13.214285714285714,12.766666666666667,11.0
2025-07-13 00:00:00+00:00,10,11,True,6,7,28,1,17.0,10.0,11.0,14.0,13.428571428571429,13.5,12.833333333333334,11.0
2025-07-14 00:00:00+00:00,10,11,True,0,7,29,0,11.0,5.0,10.0,13.0,13.571428571428571,13.5,12.733333333333333,15.0
2025-07-15 00:00:00+00:00,10,15,True,1,7,29,0,11.0,16.0,14.0,9.0,14.428571428571429,13.571428571428571,12.666666666666666,18.0
2025-07-16 00:00:00+00:00,10,18,True,2,7,29,0,15.0,16.0,14.0,10.0,14.285714285714286,13.642857142857142,12.866666666666667,17.0
2025-07-17 00:00:00+00:00,10,17,True,3,7,29,0,18.0,15.0,16.0,14.0,14.571428571428571,13.928571428571429,13.133333333333333,17.0
2025-07-18 00:00:00+00:00,10,17,True,4,7,29,0,17.0,15.0,15.0,14.0,14.857142857142858,14.0,13.233333333333333,16.0
2025-07-19 00:00:00+00:00,10,16,True,5,7,29,1,17.0,17.0,15.0,13.0,15.142857142857142,14.142857142857142,13.333333333333334,13.0
2025-07-20 00:00:00+00:00,10,13,True,6,7,29,1,16.0,11.0,10.0,7.0,15.0,14.214285714285714,13.433333333333334,12.0
2025-07-21 00:00:00+00:00,10,12,True,0,7,30,0,13.0,11.0,5.0,14.0,15.285714285714286,14.428571428571429,13.633333333333333,17.0
2025-07-22 00:00:00+00:00,10,17,True,1,7,30,0,12.0,15.0,16.0,10.0,15.428571428571429,14.928571428571429,13.566666666666666,17.0
2025-07-23 00:00:00+00:00,10,17,True,2,7,30,0,17.0,18.0,16.0,9.0,15.714285714285714,15.0,13.8,11.0
2025-07-24 00:00:00+00:00,10,11,True,3,7,30,0,17.0,17.0,15.0,13.0,15.571428571428571,15.071428571428571,14.066666666666666,19.0
2025-07-25 00:00:00+00:00,10,19,True,4,7,30,0,11.0,17.0,15.0,15.0,14.714285714285714,14.785714285714286,14.0,18.0
2025-07-26 00:00:00+00:00,10,18,True,5,7,30,1,19.0,16.0,17.0,14.0,15.0,15.071428571428571,14.133333333333333,12.0
2025-07-27 00:00:00+00:00,10,12,True,6,7,30,1,18.0,13.0,11.0,14.0,15.285714285714286,15.142857142857142,14.266666666666667,12.0
2025-07-28 00:00:00+00:00,10,12,True,0,7,31,0,12.0,12.0,11.0,13.0,15.142857142857142,15.214285714285714,14.2,19.0
2025-07-29 00:00:00+00:00,10,19,True,1,7,31,0,12.0,17.0,15.0,11.0,15.142857142857142,15.285714285714286,14.166666666666666,19.0
2025-07-30 00:00:00+00:00,10,19,True,2,7,31,0,19.0,17.0,18.0,10.0,15.428571428571429,15.571428571428571,14.433333333333334,18.0
2025-07-31 00:00:00+00:00,10,18,True,3,7,31,0,19.0,11.0,17.0,14.0,15.714285714285714,15.642857142857142,14.733333333333333,17.0
2025-08-01 00:00:00+00:00,10,17,True,4,8,31,0,18.0,19.0,17.0,14.0,16.714285714285715,15.714285714285714,14.866666666666667,20.0
2025-08-02 00:00:00+00:00,10,20,True,5,8,31,1,17.0,18.0,16.0,16.0,16.428571428571427,15.714285714285714,14.966666666666667,13.0
2025-08-03 00:00:00+00:00,10,13,True,6,8,31,1,20.0,12.0,13.0,15.0,16.714285714285715,16.0,15.1,13.0
2025-08-04 00:00:00+00:00,10,13,True,0,8,32,0,13.0,12.0,12.0,15.0,16.857142857142858,16.0,15.033333333333333,18.0
2025-08-05 00:00:00+00:00,10,18,True,1,8,32,0,13.0,19.0,17.0,10.0,17.0,16.071428571428573,14.966666666666667,21.0
2025-08-06 00:00:00+00:00,10,21,True,2,8,32,0,18.0,19.0,17.0,5.0,16.857142857142858,16.142857142857142,15.233333333333333,20.0
2025-08-07 00:00:00+00:00,10,20,True,3,8,32,0,21.0,18.0,11.0,16.0,17.142857142857142,16.428571428571427,15.766666666666667,19.0
2025-08-08 00:00:00+00:00,10,19,True,4,8,32,0,20.0,17.0,19.0,16.0,17.428571428571427,17.071428571428573,15.9,18.0
2025-08-09 00:00:00+00:00,10,18,True,5,8,32,1,19.0,20.0,18.0,15.0,17.714285714285715,17.071428571428573,16.0,7.0
2025-08-10 00:00:00+00:00,10,7,True,6,8,32,1,18.0,13.0,12.0,15.0,17.428571428571427,17.071428571428573,16.1,14.0
2025-08-11 00:00:00+00:00,10,14,True,0,8,33,0,7.0,13.0,12.0,17.0,16.571428571428573,16.714285714285715,15.833333333333334,19.0
2025-08-12 00:00:00+00:00,10,19,True,1,8,33,0,14.0,18.0,19.0,11.0,16.714285714285715,16.857142857142858,15.733333333333333,19.0
2025-08-13 00:00:00+00:00,10,19,True,2,8,33,0,19.0,21.0,19.0,11.0,16.857142857142858,16.857142857142858,16.0,18.0
2025-08-14 00:00:00+00:00,10,18,True,3,8,33,0,19.0,20.0,18.0,15.0,16.571428571428573,16.857142857142858,16.266666666666666,20.0
2025-08-15 00:00:00+00:00,10,20,True,4,8,33,0,18.0,19.0,17.0,18.0,16.285714285714285,16.857142857142858,16.366666666666667,20.0
2025-08-16 00:00:00+00:00,10,20,True,5,8,33,1,20.0,18.0,20.0,17.0,16.428571428571427,17.071428571428573,16.433333333333334,13.0
2025-08-17 00:00:00+00:00,10,13,True,6,8,33,1,20.0,7.0,13.0,17.0,16.714285714285715,17.071428571428573,16.533333333333335,13.0
2025-08-18 00:00:00+00:00,10,13,True,0,8,34,0,13.0,14.0,13.0,16.0,17.571428571428573,17.071428571428573,16.4,21.0
2025-08-19 00:00:00+00:00,10,21,True,1,8,34,0,13.0,19.0,18.0,13.0,17.428571428571427,17.071428571428573,16.3,20.0
2025-08-20 00:00:00+00:00,10,20,True,2,8,34,0,21.0,19.0,21.0,12.0,17.714285714285715,17.285714285714285,16.566666666666666,19.0
2025-08-21 00:00:00+00:00,10,19,True,3,8,34,0,20.0,18.0,20.0,17.0,17.857142857142858,17.214285714285715,16.833333333333332,18.0
2025-08-22 00:00:00+00:00,10,18,True,4,8,34,0,19.0,20.0,19.0,17.0,18.0,17.142857142857142,16.9,21.0
2025-08-23 00:00:00+00:00,10,21,True,5,8,34,1,18.0,20.0,18.0,11.0,17.714285714285715,17.071428571428573,16.933333333333334,14.0
2025-08-24 00:00:00+00:00,10,14,True,6,8,34,1,21.0,13.0,7.0,19.0,17.857142857142858,17.285714285714285,17.266666666666666,13.0
2025-08-25 00:00:00+00:00,10,13,True,0,8,35,0,14.0,13.0,14.0,18.0,18.0,17.785714285714285,17.1,18.0
2025-08-26 00:00:00+00:00,10,18,True,1,8,35,0,13.0,21.0,19.0,12.0,18.0,17.714285714285715,16.933333333333334,12.0
2025-08-27 00:00:00+00:00,10,12,True,2,8,35,0,18.0,20.0,19.0,12.0,17.571428571428573,17.642857142857142,17.133333333333333,19.0
2025-08-28 00:00:00+00:00,10,19,True,3,8,35,0,12.0,19.0,18.0,19.0,16.428571428571427,17.142857142857142,17.133333333333333,19.0
2025-08-29 00:00:00+00:00,10,19,True,4,8,35,0,19.0,18.0,20.0,19.0,16.428571428571427,17.214285714285715,17.133333333333333,18.0
2025-08-30 00:00:00+00:00,10,18,True,5,8,35,1,19.0,21.0,20.0,18.0,16.571428571428573,17.142857142857142,17.133333333333333,12.0
2025-08-31 00:00:00+00:00,10,12,True,6,8,35,1,18.0,14.0,13.0,17.0,16.142857142857142,17.0,17.133333333333333,13.0
2025-09-01 00:00:00+00:00,10,13,True,0,9,36,0,12.0,13.0,13.0,20.0,15.857142857142858,16.928571428571427,16.966666666666665,18.0
2025-09-02 00:00:00+00:00,10,18,True,1,9,36,0,13.0,18.0,21.0,13.0,15.857142857142858,16.928571428571427,16.733333333333334,17.0
2025-09-03 00:00:00+00:00,10,17,True,2,9,36,0,18.0,12.0,20.0,13.0,15.857142857142858,16.714285714285715,16.9,17.0
2025-09-04 00:00:00+00:00,10,17,True,3,9,36,0,17.0,19.0,19.0,18.0,16.571428571428573,16.5,17.033333333333335,19.0
2025-09-05 00:00:00+00:00,10,19,True,4,9,36,0,17.0,19.0,18.0,21.0,16.285714285714285,16.357142857142858,17.0,18.0
2025-09-06 00:00:00+00:00,10,18,True,5,9,36,1,19.0,18.0,21.0,20.0,16.285714285714285,16.428571428571427,16.933333333333334,12.0
2025-09-07 00:00:00+00:00,10,12,True,6,9,36,1,18.0,12.0,14.0,19.0,16.285714285714285,16.214285714285715,16.866666666666667,11.0
2025-09-08 00:00:00+00:00,10,11,True,0,9,37,0,12.0,13.0,13.0,18.0,16.285714285714285,16.071428571428573,16.633333333333333,18.0
2025-09-09 00:00:00+00:00,10,18,True,1,9,37,0,11.0,18.0,18.0,7.0,16.0,15.928571428571429,16.4,18.0
2025-09-10 00:00:00+00:00,10,18,True,2,9,37,0,18.0,17.0,12.0,14.0,16.0,15.928571428571429,16.766666666666666,17.0
2025-09-11 00:00:00+00:00,10,17,True,3,9,37,0,18.0,17.0,19.0,19.0,16.142857142857142,16.357142857142858,16.9,16.0
2025-09-12 00:00:00+00:00,10,16,True,4,9,37,0,17.0,19.0,19.0,19.0,16.142857142857142,16.214285714285715,16.833333333333332,10.0
2025-09-13 00:00:00+00:00,10,10,True,5,9,37,1,16.0,18.0,18.0,18.0,15.714285714285714,16.0,16.733333333333334,12.0
2025-09-14 00:00:00+00:00,10,12,True,6,9,37,1,10.0,12.0,12.0,20.0,14.571428571428571,15.428571428571429,16.466666666666665,11.0
2025-09-15 00:00:00+00:00,10,11,True,0,9,38,0,12.0,11.0,13.0,20.0,14.571428571428571,15.428571428571429,16.2,16.0
2025-09-16 00:00:00+00:00,10,16,True,1,9,38,0,11.0,18.0,18.0,13.0,14.571428571428571,15.285714285714286,15.9,15.0
2025-09-17 00:00:00+00:00,10,15,True,2,9,38,0,16.0,18.0,17.0,13.0,14.285714285714286,15.142857142857142,16.0,17.0
2025-09-18 00:00:00+00:00,10,17,True,3,9,38,0,15.0,17.0,17.0,21.0,13.857142857142858,15.0,16.066666666666666,16.0
2025-09-19 00:00:00+00:00,10,16,True,4,9,38,0,17.0,16.0,19.0,20.0,13.857142857142858,15.0,15.933333333333334,15.0
2025-09-20 00:00:00+00:00,10,15,True,5,9,38,1,16.0,10.0,18.0,19.0,13.857142857142858,14.785714285714286,15.8,10.0
2025-09-21 00:00:00+00:00,10,10,True,6,9,38,1,15.0,12.0,12.0,18.0,14.571428571428571,14.571428571428571,15.666666666666666,11.0
2025-09-22 00:00:00+00:00,10,11,True,0,9,39,0,10.0,11.0,11.0,21.0,14.285714285714286,14.428571428571429,15.4,16.0
2025-09-23 00:00:00+00:00,10,16,True,1,9,39,0,11.0,16.0,18.0,14.0,14.285714285714286,14.428571428571429,15.066666666666666,15.0
2025-09-24 00:00:00+00:00,10,15,True,2,9,39,0,16.0,15.0,18.0,13.0,14.285714285714286,14.285714285714286,15.133333333333333,14.0
2025-09-25 00:00:00+00:00,10,14,True,3,9,39,0,15.0,17.0,17.0,18.0,14.285714285714286,14.071428571428571,15.2,16.0
2025-09-26 00:00:00+00:00,10,16,True,4,9,39,0,14.0,16.0,16.0,12.0,13.857142857142858,13.857142857142858,15.066666666666666,15.0
2025-09-27 00:00:00+00:00,10,15,True,5,9,39,1,16.0,15.0,10.0,19.0,13.857142857142858,13.857142857142858,15.2,10.0
2025-09-28 00:00:00+00:00,10,10,True,6,9,39,1,15.0,10.0,12.0,19.0,13.857142857142858,14.214285714285714,15.066666666666666,10.0
2025-09-29 00:00:00+00:00,10,10,True,0,9,40,0,10.0,11.0,11.0,18.0,13.857142857142858,14.071428571428571,14.766666666666667,8.0
2025-09-30 00:00:00+00:00,10,8,True,1,9,40,0,10.0,16.0,16.0,12.0,13.714285714285714,14.0,14.5,15.0
2025-10-01 00:00:00+00:00,10,15,True,2,10,40,0,8.0,15.0,15.0,13.0,12.571428571428571,13.428571428571429,14.366666666666667,15.0
2025-10-02 00:00:00+00:00,10,15,True,3,10,40,0,15.0,14.0,17.0,18.0,12.571428571428571,13.428571428571429,14.433333333333334,14.0
2025-10-03 00:00:00+00:00,10,14,True,4,10,40,0,15.0,16.0,16.0,17.0,12.714285714285714,13.285714285714286,14.333333333333334,13.0
2025-10-04 00:00:00+00:00,10,13,True,5,10,40,1,14.0,15.0,15.0,17.0,12.428571428571429,13.142857142857142,14.233333333333333,11.0
2025-10-05 00:00:00+00:00,10,11,True,6,10,40,1,13.0,10.0,10.0,19.0,12.142857142857142,13.0,14.1,10.0
2025-10-06 00:00:00+00:00,10,10,True,0,10,41,0,11.0,10.0,11.0,18.0,12.285714285714286,13.071428571428571,13.833333333333334,14.0
2025-10-07 00:00:00+00:00,10,14,True,1,10,41,0,10.0,8.0,16.0,12.0,12.285714285714286,13.0,13.566666666666666,14.0
2025-10-08 00:00:00+00:00,10,14,True,2,10,41,0,14.0,15.0,15.0,11.0,13.142857142857142,12.857142857142858,13.633333333333333,15.0
2025-10-09 00:00:00+00:00,10,15,True,3,10,41,0,14.0,15.0,14.0,18.0,13.0,12.785714285714286,13.733333333333333,15.0
2025-10-10 00:00:00+00:00,10,15,True,4,10,41,0,15.0,14.0,16.0,18.0,13.0,12.857142857142858,13.633333333333333,14.0
2025-10-11 00:00:00+00:00,10,14,True,5,10,41,1,15.0,13.0,15.0,17.0,13.142857142857142,12.785714285714286,13.533333333333333,10.0
2025-10-12 00:00:00+00:00,10,10,True,6,10,41,1,14.0,11.0,10.0,16.0,13.285714285714286,12.714285714285714,13.433333333333334,11.0
2025-10-13 00:00:00+00:00,10,11,True,0,10,42,0,10.0,10.0,10.0,10.0,13.142857142857142,12.714285714285714,13.233333333333333,15.0
2025-10-14 00:00:00+00:00,10,15,True,1,10,42,0,11.0,14.0,8.0,12.0,13.285714285714286,12.785714285714286,13.266666666666667,15.0
2025-10-15 00:00:00+00:00,10,15,True,2,10,42,0,15.0,14.0,15.0,11.0,13.428571428571429,13.285714285714286,13.366666666666667,14.0
2025-10-16 00:00:00+00:00,10,14,True,3,10,42,0,15.0,15.0,15.0,16.0,13.571428571428571,13.285714285714286,13.5,9.0
2025-10-17 00:00:00+00:00,10,9,True,4,10,42,0,14.0,15.0,14.0,15.0,13.428571428571429,13.214285714285714,13.433333333333334,16.0
2025-10-18 00:00:00+00:00,10,16,True,5,10,42,1,9.0,14.0,13.0,17.0,12.571428571428571,12.857142857142858,13.233333333333333,11.0
2025-10-19 00:00:00+00:00,10,11,True,6,10,42,1,16.0,10.0,11.0,16.0,12.857142857142858,13.071428571428571,13.2,10.0
2025-10-20 00:00:00+00:00,10,10,True,0,10,43,0,11.0,11.0,10.0,15.0,13.0,13.071428571428571,13.033333333333333,14.0
2025-10-21 00:00:00+00:00,10,14,True,1,10,43,0,10.0,15.0,14.0,10.0,12.857142857142858,13.071428571428571,12.866666666666667,16.0
2025-10-22 00:00:00+00:00,10,16,True,2,10,43,0,14.0,15.0,14.0,11.0,12.714285714285714,13.071428571428571,13.0,16.0
2025-10-23 00:00:00+00:00,10,16,True,3,10,43,0,16.0,14.0,15.0,16.0,12.857142857142858,13.214285714285714,13.166666666666666,15.0
2025-10-24 00:00:00+00:00,10,15,True,4,10,43,0,16.0,9.0,15.0,15.0,13.142857142857142,13.285714285714286,13.166666666666666,15.0
2025-10-25 00:00:00+00:00,10,15,True,5,10,43,1,15.0,16.0,14.0,14.0,14.0,13.285714285714286,13.166666666666666,12.0
2025-10-26 00:00:00+00:00,10,12,True,6,10,43,1,15.0,11.0,10.0,16.0,13.857142857142858,13.357142857142858,13.2,11.0
2025-10-27 00:00:00+00:00,10,11,True,0,10,44,0,12.0,10.0,11.0,15.0,14.0,13.5,13.066666666666666,16.0
2025-10-28 00:00:00+00:00,10,16,True,1,10,44,0,11.0,14.0,15.0,10.0,14.142857142857142,13.5,12.933333333333334,15.0
2025-10-29 00:00:00+00:00,10,15,True,2,10,44,0,16.0,16.0,15.0,10.0,14.428571428571429,13.571428571428571,13.133333333333333,18.0
2025-10-30 00:00:00+00:00,10,18,True,3,10,44,0,15.0,16.0,14.0,8.0,14.285714285714286,13.571428571428571,13.3,17.0
2025-10-31 00:00:00+00:00,10,17,True,4,10,44,0,18.0,15.0,9.0,15.0,14.571428571428571,13.857142857142858,13.633333333333333,17.0
2025-11-01 00:00:00+00:00,10,17,True,5,11,44,1,17.0,15.0,16.0,15.0,14.857142857142858,14.428571428571429,13.7,11.0
2025-11-02 00:00:00+00:00,10,11,True,6,11,44,1,17.0,12.0,11.0,14.0,15.142857142857142,14.5,13.766666666666667,6.0
2025-11-03 00:00:00+00:00,10,6,True,0,11,45,0,11.0,11.0,10.0,13.0,15.0,14.5,13.666666666666666,18.0
2025-11-04 00:00:00+00:00,10,18,True,1,11,45,0,6.0,16.0,14.0,11.0,14.285714285714286,14.214285714285714,13.433333333333334,17.0
2025-11-05 00:00:00+00:00,10,17,True,2,11,45,0,18.0,15.0,16.0,10.0,14.571428571428571,14.5,13.666666666666666,17.0
2025-11-06 00:00:00+00:00,10,17,True,3,11,45,0,17.0,18.0,16.0,14.0,14.857142857142858,14.571428571428571,13.9,16.0
2025-11-07 00:00:00+00:00,10,16,True,4,11,45,0,17.0,17.0,15.0,14.0,14.714285714285714,14.642857142857142,14.0,19.0
2025-11-08 00:00:00+00:00,10,19,True,5,11,45,1,16.0,17.0,15.0,15.0,14.571428571428571,14.714285714285714,14.066666666666666,13.0
2025-11-09 00:00:00+00:00,10,13,True,6,11,45,1,19.0,11.0,12.0,15.0,14.857142857142858,15.0,14.2,12.0
2025-11-10 00:00:00+00:00,10,12,True,0,11,46,0,13.0,6.0,11.0,14.0,15.142857142857142,15.071428571428571,14.133333333333333,17.0
2025-11-11 00:00:00+00:00,10,17,True,1,11,46,0,12.0,18.0,16.0,10.0,16.0,15.142857142857142,14.066666666666666,20.0
2025-11-12 00:00:00+00:00,10,20,True,2,11,46,0,17.0,17.0,15.0,11.0,15.857142857142858,15.214285714285714,14.3,19.0
2025-11-13 00:00:00+00:00,10,19,True,3,11,46,0,20.0,17.0,18.0,15.0,16.285714285714285,15.571428571428571,14.6,19.0
2025-11-14 00:00:00+00:00,10,19,True,4,11,46,0,19.0,16.0,17.0,15.0,16.571428571428573,15.642857142857142,14.733333333333333,18.0
2025-11-15 00:00:00+00:00,10,18,True,5,11,46,1,19.0,19.0,17.0,14.0,17.0,15.785714285714286,14.866666666666667,14.0
2025-11-16 00:00:00+00:00,10,14,True,6,11,46,1,18.0,13.0,11.0,9.0,16.857142857142858,15.857142857142858,15.0,14.0
2025-11-17 00:00:00+00:00,10,14,True,0,11,47,0,14.0,12.0,6.0,16.0,17.0,16.071428571428573,15.166666666666666,19.0
2025-11-18 00:00:00+00:00,10,19,True,1,11,47,0,14.0,17.0,18.0,11.0,17.285714285714285,16.642857142857142,15.1,19.0
2025-11-19 00:00:00+00:00,10,19,True,2,11,47,0,19.0,20.0,17.0,10.0,17.571428571428573,16.714285714285715,15.366666666666667,13.0
2025-11-20 00:00:00+00:00,10,13,True,3,11,47,0,19.0,19.0,17.0,14.0,17.428571428571427,16.857142857142858,15.666666666666666,21.0
2025-11-21 00:00:00+00:00,10,21,True,4,11,47,0,13.0,19.0,16.0,16.0,16.571428571428573,16.571428571428573,15.633333333333333,20.0
2025-11-22 00:00:00+00:00,10,20,True,5,11,47,1,21.0,18.0,19.0,16.0,16.857142857142858,16.928571428571427,15.8,13.0
2025-11-23 00:00:00+00:00,10,13,True,6,11,47,1,20.0,14.0,13.0,15.0,17.142857142857142,17.0,15.933333333333334,13.0
2025-11-24 00:00:00+00:00,10,13,True,0,11,48,0,13.0,14.0,12.0,15.0,17.0,17.0,15.866666666666667,21.0
2025-11-25 00:00:00+00:00,10,21,True,1,11,48,0,13.0,19.0,17.0,12.0,16.857142857142858,17.071428571428573,15.8,21.0
2025-11-26 00:00:00+00:00,10,21,True,2,11,48,0,21.0,19.0,20.0,11.0,17.142857142857142,17.357142857142858,16.1,20.0
2025-11-27 00:00:00+00:00,10,20,True,3,11,48,0,21.0,13.0,19.0,16.0,17.428571428571427,17.428571428571427,16.433333333333334,19.0
2025-11-28 00:00:00+00:00,10,19,True,4,11,48,0,20.0,21.0,19.0,15.0,18.428571428571427,17.5,16.566666666666666,22.0
2025-11-29 00:00:00+00:00,10,22,True,5,11,48,1,19.0,20.0,18.0,18.0,18.142857142857142,17.5,16.7,15.0
2025-11-30 00:00:00+00:00,10,15,True,6,11,48,1,22.0,13.0,14.0,17.0,18.428571428571427,17.785714285714285,16.833333333333332,14.0
2025-12-01 00:00:00+00:00,10,14,True,0,12,49,0,15.0,13.0,14.0,17.0,18.714285714285715,17.857142857142858,16.766666666666666,19.0
2025-12-02 00:00:00+00:00,10,19,True,1,12,49,0,14.0,21.0,19.0,11.0,18.857142857142858,17.857142857142858,16.666666666666668,22.0
2025-12-03 00:00:00+00:00,10,22,True,2,12,49,0,19.0,21.0,19.0,6.0,18.571428571428573,17.857142857142858,16.933333333333334,21.0
2025-12-04 00:00:00+00:00,10,21,True,3,12,49,0,22.0,20.0,13.0,18.0,18.714285714285715,18.071428571428573,17.466666666666665,20.0
2025-12-05 00:00:00+00:00,10,20,True,4,12,49,0,21.0,19.0,21.0,17.0,18.857142857142858,18.642857142857142,17.566666666666666,20.0
2025-12-06 00:00:00+00:00,10,20,True,5,12,49,1,20.0,22.0,20.0,17.0,19.0,18.571428571428573,17.666666666666668,8.0
2025-12-07 00:00:00+00:00,10,8,True,6,12,49,1,20.0,15.0,13.0,16.0,18.714285714285715,18.571428571428573,17.766666666666666,15.0
2025-12-08 00:00:00+00:00,10,15,True,0,12,50,0,8.0,14.0,13.0,19.0,17.714285714285715,18.214285714285715,17.5,21.0
2025-12-09 00:00:00+00:00,10,21,True,1,12,50,0,15.0,19.0,21.0,13.0,17.857142857142858,18.357142857142858,17.366666666666667,20.0
2025-12-10 00:00:00+00:00,10,20,True,2,12,50,0,21.0,22.0,21.0,12.0,18.142857142857142,18.357142857142858,17.633333333333333,19.0
2025-12-11 00:00:00+00:00,10,19,True,3,12,50,0,20.0,21.0,20.0,17.0,17.857142857142858,18.285714285714285,17.9,21.0
2025-12-12 00:00:00+00:00,10,21,True,4,12,50,0,19.0,20.0,19.0,20.0,17.571428571428573,18.214285714285715,17.966666666666665,21.0
2025-12-13 00:00:00+00:00,10,21,True,5,12,50,1,21.0,20.0,22.0,19.0,17.714285714285715,18.357142857142858,18.0,14.0
2025-12-14 00:00:00+00:00,10,14,True,6,12,50,1,21.0,8.0,15.0,19.0,17.857142857142858,18.285714285714285,18.066666666666666,13.0
2025-12-15 00:00:00+00:00,10,13,True,0,12,51,0,14.0,15.0,14.0,18.0,18.714285714285715,18.214285714285715,17.9,21.0
2025-12-16 00:00:00+00:00,10,21,True,1,12,51,0,13.0,21.0,19.0,14.0,18.428571428571427,18.142857142857142,17.733333333333334,20.0
2025-12-17 00:00:00+00:00,10,20,True,2,12,51,0,21.0,20.0,22.0,14.0,18.428571428571427,18.285714285714285,17.966666666666665,20.0
2025-12-18 00:00:00+00:00,10,20,True,3,12,51,0,20.0,19.0,21.0,19.0,18.428571428571427,18.142857142857142,18.166666666666668,19.0
2025-12-19 00:00:00+00:00,10,19,True,4,12,51,0,20.0,21.0,20.0,19.0,18.571428571428573,18.071428571428573,18.2,21.0
2025-12-20 00:00:00+00:00,10,21,True,5,12,51,1,19.0,21.0,20.0,13.0,18.285714285714285,18.0,18.2,14.0
2025-12-21 00:00:00+00:00,10,14,True,6,12,51,1,21.0,14.0,8.0,21.0,18.285714285714285,18.071428571428573,18.466666666666665,13.0
2025-12-22 00:00:00+00:00,10,13,True,0,12,52,0,14.0,13.0,15.0,20.0,18.285714285714285,18.5,18.233333333333334,18.0
2025-12-23 00:00:00+00:00,10,18,True,1,12,52,0,13.0,21.0,21.0,13.0,18.285714285714285,18.357142857142858,18.0,12.0
2025-12-24 00:00:00+00:00,10,12,True,2,12,52,0,18.0,20.0,20.0,13.0,17.857142857142858,18.142857142857142,18.166666666666668,20.0
2025-12-25 00:00:00+00:00,10,20,True,3,12,52,0,12.0,20.0,19.0,21.0,16.714285714285715,17.571428571428573,18.133333333333333,19.0
2025-12-26 00:00:00+00:00,10,19,True,4,12,52,0,20.0,19.0,21.0,21.0,16.714285714285715,17.642857142857142,18.1,18.0
2025-12-27 00:00:00+00:00,10,18,True,5,12,52,1,19.0,21.0,21.0,20.0,16.714285714285715,17.5,18.033333333333335,12.0
2025-12-28 00:00:00+00:00,10,12,True,6,12,52,1,18.0,14.0,14.0,19.0,16.285714285714285,17.285714285714285,17.966666666666665,14.0
2025-12-29 00:00:00+00:00,10,14,True,0,12,1,0,12.0,13.0,13.0,22.0,16.0,17.142857142857142,17.733333333333334,19.0
2025-12-30 00:00:00+00:00,10,19,True,1,12,1,0,14.0,18.0,21.0,15.0,16.142857142857142,17.214285714285715,17.466666666666665,18.0
2025-01-31 00:00:00+00:00,2,23,True,4,1,5,0,20.0,23.0,23.0,18.0,20.142857142857142,20.071428571428573,21.3,22.0
2025-02-01 00:00:00+00:00,2,22,True,5,2,5,1,23.0,22.0,17.0,26.0,20.142857142857142,20.071428571428573,21.466666666666665,15.0
2025-02-02 00:00:00+00:00,2,15,True,6,2,5,1,22.0,15.0,17.0,25.0,20.142857142857142,20.428571428571427,21.333333333333332,14.0
2025-02-03 00:00:00+00:00,2,14,True,0,2,6,0,15.0,16.0,16.0,24.0,20.142857142857142,20.285714285714285,21.0,14.0
2025-02-04 00:00:00+00:00,2,14,True,1,2,6,0,14.0,23.0,22.0,16.0,19.857142857142858,20.142857142857142,20.666666666666668,22.0
2025-02-05 00:00:00+00:00,2,22,True,2,2,6,0,14.0,22.0,21.0,18.0,18.571428571428573,19.571428571428573,20.6,21.0
2025-02-06 00:00:00+00:00,2,21,True,3,2,6,0,22.0,20.0,24.0,25.0,18.571428571428573,19.642857142857142,20.733333333333334,20.0
2025-02-07 00:00:00+00:00,2,20,True,4,2,6,0,21.0,23.0,23.0,24.0,18.714285714285715,19.428571428571427,20.6,19.0
2025-02-08 00:00:00+00:00,2,19,True,5,2,6,1,20.0,22.0,22.0,23.0,18.285714285714285,19.214285714285715,20.466666666666665,15.0
2025-02-09 00:00:00+00:00,2,15,True,6,2,6,1,19.0,15.0,15.0,26.0,17.857142857142858,19.0,20.333333333333332,14.0
2025-02-10 00:00:00+00:00,2,14,True,0,2,7,0,15.0,14.0,16.0,25.0,17.857142857142858,19.0,19.966666666666665,19.0
2025-02-11 00:00:00+00:00,2,19,True,1,2,7,0,14.0,14.0,23.0,17.0,17.857142857142858,18.857142857142858,19.6,18.0
2025-02-12 00:00:00+00:00,2,18,True,2,2,7,0,19.0,22.0,22.0,16.0,18.571428571428573,18.571428571428573,19.666666666666668,21.0
2025-02-13 00:00:00+00:00,2,21,True,3,2,7,0,18.0,21.0,20.0,26.0,18.0,18.285714285714285,19.733333333333334,20.0
2025-02-14 00:00:00+00:00,2,20,True,4,2,7,0,21.0,20.0,23.0,25.0,18.0,18.357142857142858,19.566666666666666,19.0
2025-02-15 00:00:00+00:00,2,19,True,5,2,7,1,20.0,19.0,22.0,24.0,18.0,18.142857142857142,19.4,13.0
2025-02-16 00:00:00+00:00,2,13,True,6,2,7,1,19.0,15.0,15.0,23.0,18.0,17.928571428571427,19.233333333333334,14.0
2025-02-17 00:00:00+00:00,2,14,True,0,2,8,0,13.0,14.0,14.0,17.0,17.714285714285715,17.785714285714285,18.9,20.0
2025-02-18 00:00:00+00:00,2,20,True,1,2,8,0,14.0,19.0,14.0,17.0,17.714285714285715,17.785714285714285,18.8,19.0
2025-02-19 00:00:00+00:00,2,19,True,2,2,8,0,20.0,18.0,22.0,16.0,17.857142857142858,18.214285714285715,18.9,18.0
2025-02-20 00:00:00+00:00,2,18,True,3,2,8,0,19.0,21.0,21.0,22.0,18.0,18.0,19.0,12.0
2025-02-21 00:00:00+00:00,2,12,True,4,2,8,0,18.0,20.0,20.0,21.0,17.571428571428573,17.785714285714285,18.866666666666667,20.0
2025-02-22 00:00:00+00:00,2,20,True,5,2,8,1,12.0,19.0,19.0,24.0,16.428571428571427,17.214285714285715,18.566666666666666,13.0
2025-02-23 00:00:00+00:00,2,13,True,6,2,8,1,20.0,13.0,15.0,23.0,16.571428571428573,17.285714285714285,18.433333333333334,13.0
2025-02-24 00:00:00+00:00,2,13,True,0,2,9,0,13.0,14.0,14.0,22.0,16.571428571428573,17.142857142857142,18.1,17.0
2025-02-25 00:00:00+00:00,2,17,True,1,2,9,0,13.0,20.0,19.0,15.0,16.428571428571427,17.071428571428573,17.8,20.0
2025-02-26 00:00:00+00:00,2,20,True,2,2,9,0,17.0,19.0,18.0,16.0,16.0,16.928571428571427,17.866666666666667,19.0
2025-02-27 00:00:00+00:00,2,19,True,3,2,9,0,20.0,18.0,21.0,23.0,16.142857142857142,17.071428571428573,18.0,18.0
2025-02-28 00:00:00+00:00,2,18,True,4,2,9,0,19.0,12.0,20.0,22.0,16.285714285714285,16.928571428571427,17.866666666666667,18.0
2025-03-01 00:00:00+00:00,2,18,True,5,3,9,1,18.0,20.0,19.0,20.0,17.142857142857142,16.785714285714285,17.733333333333334,14.0
2025-03-02 00:00:00+00:00,2,14,True,6,3,9,1,18.0,13.0,13.0,23.0,16.857142857142858,16.714285714285715,17.666666666666668,13.0
2025-03-03 00:00:00+00:00,2,13,True,0,3,10,0,14.0,13.0,14.0,22.0,17.0,16.785714285714285,17.366666666666667,19.0
2025-03-04 00:00:00+00:00,2,19,True,1,3,10,0,13.0,17.0,20.0,15.0,17.0,16.714285714285715,17.066666666666666,18.0
2025-03-05 00:00:00+00:00,2,18,True,2,3,10,0,19.0,20.0,19.0,14.0,17.285714285714285,16.642857142857142,17.2,21.0
2025-03-06 00:00:00+00:00,2,21,True,3,3,10,0,18.0,19.0,18.0,14.0,17.0,16.571428571428573,17.333333333333332,20.0
2025-03-07 00:00:00+00:00,2,20,True,4,3,10,0,21.0,18.0,12.0,22.0,17.285714285714285,16.785714285714285,17.566666666666666,19.0
2025-03-08 00:00:00+00:00,2,19,True,5,3,10,1,20.0,18.0,20.0,21.0,17.571428571428573,17.357142857142858,17.5,13.0
2025-03-09 00:00:00+00:00,2,13,True,6,3,10,1,19.0,14.0,13.0,20.0,17.714285714285715,17.285714285714285,17.433333333333334,7.0
2025-03-10 00:00:00+00:00,2,7,True,0,3,11,0,13.0,13.0,13.0,19.0,17.571428571428573,17.285714285714285,17.2,21.0
2025-03-11 00:00:00+00:00,2,21,True,1,3,11,0,7.0,19.0,17.0,15.0,16.714285714285715,16.857142857142858,16.8,20.0
2025-03-12 00:00:00+00:00,2,20,True,2,3,11,0,21.0,18.0,20.0,14.0,17.0,17.142857142857142,17.0,19.0
2025-03-13 00:00:00+00:00,2,19,True,3,3,11,0,20.0,21.0,19.0,19.0,17.285714285714285,17.142857142857142,17.2,19.0
2025-03-14 00:00:00+00:00,2,19,True,4,3,11,0,19.0,20.0,18.0,18.0,17.0,17.142857142857142,17.2,21.0
2025-03-15 00:00:00+00:00,2,21,True,5,3,11,1,19.0,19.0,18.0,21.0,16.857142857142858,17.214285714285715,17.233333333333334,15.0
2025-03-16 00:00:00+00:00,2,15,True,6,3,11,1,21.0,13.0,14.0,20.0,17.142857142857142,17.428571428571427,17.233333333333334,14.0
2025-03-17 00:00:00+00:00,2,14,True,0,3,12,0,15.0,7.0,13.0,19.0,17.428571428571427,17.5,17.066666666666666,20.0
2025-03-18 00:00:00+00:00,2,20,True,1,3,12,0,14.0,21.0,19.0,13.0,18.428571428571427,17.571428571428573,16.9,22.0
2025-03-19 00:00:00+00:00,2,22,True,2,3,12,0,20.0,20.0,18.0,14.0,18.285714285714285,17.642857142857142,17.133333333333333,22.0
2025-03-20 00:00:00+00:00,2,22,True,3,3,12,0,22.0,19.0,21.0,20.0,18.571428571428573,17.928571428571427,17.4,21.0
2025-03-21 00:00:00+00:00,2,21,True,4,3,12,0,22.0,19.0,20.0,19.0,19.0,18.0,17.466666666666665,20.0
2025-03-22 00:00:00+00:00,2,20,True,5,3,12,1,21.0,21.0,19.0,18.0,19.285714285714285,18.071428571428573,17.533333333333335,16.0
2025-03-23 00:00:00+00:00,2,16,True,6,3,12,1,20.0,15.0,13.0,12.0,19.142857142857142,18.142857142857142,17.6,16.0
2025-03-24 00:00:00+00:00,2,16,True,0,3,13,0,16.0,14.0,7.0,20.0,19.285714285714285,18.357142857142858,17.733333333333334,22.0
2025-03-25 00:00:00+00:00,2,22,True,1,3,13,0,16.0,20.0,21.0,13.0,19.571428571428573,19.0,17.6,22.0
2025-03-26 00:00:00+00:00,2,22,True,2,3,13,0,22.0,22.0,20.0,13.0,19.857142857142858,19.071428571428573,17.9,16.0
2025-03-27 00:00:00+00:00,2,16,True,3,3,13,0,22.0,22.0,19.0,17.0,19.857142857142858,19.214285714285715,18.2,24.0
2025-03-28 00:00:00+00:00,2,24,True,4,3,13,0,16.0,21.0,19.0,20.0,19.0,19.0,18.166666666666668,23.0
2025-03-29 00:00:00+00:00,2,23,True,5,3,13,1,24.0,20.0,21.0,19.0,19.428571428571427,19.357142857142858,18.3,16.0
2025-03-30 00:00:00+00:00,2,16,True,6,3,13,1,23.0,16.0,15.0,18.0,19.857142857142858,19.5,18.433333333333334,15.0
2025-03-31 00:00:00+00:00,2,15,True,0,3,14,0,16.0,16.0,14.0,18.0,19.857142857142858,19.571428571428573,18.366666666666667,25.0
2025-04-01 00:00:00+00:00,2,25,True,1,4,14,0,15.0,22.0,20.0,14.0,19.714285714285715,19.642857142857142,18.266666666666666,24.0
2025-04-02 00:00:00+00:00,2,24,True,2,4,14,0,25.0,22.0,22.0,13.0,20.142857142857142,20.0,18.633333333333333,24.0
2025-04-03 00:00:00+00:00,2,24,True,3,4,14,0,24.0,16.0,22.0,19.0,20.428571428571427,20.142857142857142,19.0,23.0
2025-04-04 00:00:00+00:00,2,23,True,4,4,14,0,24.0,24.0,21.0,18.0,21.571428571428573,20.285714285714285,19.166666666666668,26.0
2025-04-05 00:00:00+00:00,2,26,True,5,4,14,1,23.0,23.0,20.0,21.0,21.428571428571427,20.428571428571427,19.333333333333332,18.0
2025-04-06 00:00:00+00:00,2,18,True,6,4,14,1,26.0,16.0,16.0,20.0,21.857142857142858,20.857142857142858,19.5,17.0
2025-04-07 00:00:00+00:00,2,17,True,0,4,15,0,18.0,15.0,16.0,19.0,22.142857142857142,21.0,19.433333333333334,24.0
2025-04-08 00:00:00+00:00,2,24,True,1,4,15,0,17.0,25.0,22.0,13.0,22.428571428571427,21.071428571428573,19.366666666666667,27.0
2025-04-09 00:00:00+00:00,2,27,True,2,4,15,0,24.0,24.0,22.0,7.0,22.285714285714285,21.214285714285715,19.733333333333334,26.0
2025-04-10 00:00:00+00:00,2,26,True,3,4,15,0,27.0,24.0,16.0,21.0,22.714285714285715,21.571428571428573,20.4,25.0
2025-04-11 00:00:00+00:00,2,25,True,4,4,15,0,26.0,23.0,24.0,20.0,23.0,22.285714285714285,20.566666666666666,25.0
2025-04-12 00:00:00+00:00,2,25,True,5,4,15,1,25.0,26.0,23.0,19.0,23.285714285714285,22.357142857142858,20.733333333333334,11.0
2025-04-13 00:00:00+00:00,2,11,True,6,4,15,1,25.0,18.0,16.0,19.0,23.142857142857142,22.5,20.933333333333334,19.0
2025-04-14 00:00:00+00:00,2,19,True,0,4,16,0,11.0,17.0,15.0,21.0,22.142857142857142,22.142857142857142,20.666666666666668,26.0
2025-04-15 00:00:00+00:00,2,26,True,1,4,16,0,19.0,24.0,25.0,15.0,22.428571428571427,22.428571428571427,20.6,25.0
2025-04-16 00:00:00+00:00,2,25,True,2,4,16,0,26.0,27.0,24.0,14.0,22.714285714285715,22.5,20.966666666666665,24.0
2025-04-17 00:00:00+00:00,2,24,True,3,4,16,0,25.0,26.0,24.0,20.0,22.428571428571427,22.571428571428573,21.333333333333332,28.0
2025-04-18 00:00:00+00:00,2,28,True,4,4,16,0,24.0,25.0,23.0,22.0,22.142857142857142,22.571428571428573,21.466666666666665,27.0
2025-04-19 00:00:00+00:00,2,27,True,5,4,16,1,28.0,25.0,26.0,22.0,22.571428571428573,22.928571428571427,21.666666666666668,18.0
2025-04-20 00:00:00+00:00,2,18,True,6,4,16,1,27.0,11.0,18.0,21.0,22.857142857142858,23.0,21.833333333333332,17.0
2025-04-21 00:00:00+00:00,2,17,True,0,4,17,0,18.0,19.0,17.0,20.0,23.857142857142858,23.0,21.733333333333334,28.0
2025-04-22 00:00:00+00:00,2,28,True,1,4,17,0,17.0,26.0,24.0,16.0,23.571428571428573,23.0,21.633333333333333,27.0
2025-04-23 00:00:00+00:00,2,27,True,2,4,17,0,28.0,25.0,27.0,16.0,23.857142857142858,23.285714285714285,22.033333333333335,26.0
2025-04-24 00:00:00+00:00,2,26,True,3,4,17,0,27.0,24.0,26.0,22.0,24.142857142857142,23.285714285714285,22.4,25.0
2025-04-25 00:00:00+00:00,2,25,True,4,4,17,0,26.0,28.0,25.0,22.0,24.428571428571427,23.285714285714285,22.533333333333335,29.0
2025-04-26 00:00:00+00:00,2,29,True,5,4,17,1,25.0,27.0,25.0,16.0,24.0,23.285714285714285,22.633333333333333,19.0
2025-04-27 00:00:00+00:00,2,19,True,6,4,17,1,29.0,18.0,11.0,24.0,24.285714285714285,23.571428571428573,23.066666666666666,18.0
2025-04-28 00:00:00+00:00,2,18,True,0,4,18,0,19.0,17.0,19.0,23.0,24.428571428571427,24.142857142857142,22.9,25.0
2025-04-29 00:00:00+00:00,2,25,True,1,4,18,0,18.0,28.0,26.0,16.0,24.571428571428573,24.071428571428573,22.733333333333334,19.0
2025-04-30 00:00:00+00:00,2,19,True,2,4,18,0,25.0,27.0,25.0,15.0,24.142857142857142,24.0,23.033333333333335,28.0
2025-05-01 00:00:00+00:00,2,28,True,3,5,18,0,19.0,26.0,24.0,25.0,23.0,23.571428571428573,23.166666666666668,27.0
2025-05-02 00:00:00+00:00,2,27,True,4,5,18,0,28.0,25.0,28.0,24.0,23.285714285714285,23.857142857142858,23.266666666666666,25.0
2025-05-03 00:00:00+00:00,2,25,True,5,5,18,1,27.0,29.0,27.0,24.0,23.571428571428573,23.785714285714285,23.366666666666667,17.0
2025-05-04 00:00:00+00:00,2,17,True,6,5,18,1,25.0,19.0,18.0,23.0,23.0,23.642857142857142,23.4,19.0
2025-05-05 00:00:00+00:00,2,19,True,0,5,19,0,17.0,18.0,17.0,26.0,22.714285714285715,23.571428571428573,23.2,26.0
2025-05-06 00:00:00+00:00,2,26,True,1,5,19,0,19.0,25.0,28.0,18.0,22.857142857142858,23.714285714285715,22.966666666666665,25.0
2025-05-07 00:00:00+00:00,2,25,True,2,5,19,0,26.0,19.0,27.0,17.0,23.0,23.571428571428573,23.233333333333334,24.0
2025-05-08 00:00:00+00:00,2,24,True,3,5,19,0,25.0,28.0,26.0,24.0,23.857142857142858,23.428571428571427,23.5,27.0
2025-05-09 00:00:00+00:00,2,27,True,4,5,19,0,24.0,27.0,25.0,27.0,23.285714285714285,23.285714285714285,23.5,26.0
2025-05-10 00:00:00+00:00,2,26,True,5,5,19,1,27.0,25.0,29.0,26.0,23.285714285714285,23.428571428571427,23.5,17.0
2025-05-11 00:00:00+00:00,2,17,True,6,5,19,1,26.0,17.0,19.0,25.0,23.428571428571427,23.214285714285715,23.5,17.0
2025-05-12 00:00:00+00:00,2,17,True,0,5,20,0,17.0,19.0,18.0,25.0,23.428571428571427,23.071428571428573,23.233333333333334,27.0
2025-05-13 00:00:00+00:00,2,27,True,1,5,20,0,17.0,26.0,25.0,11.0,23.142857142857142,23.0,22.966666666666665,26.0
2025-05-14 00:00:00+00:00,2,26,True,2,5,20,0,27.0,25.0,19.0,19.0,23.285714285714285,23.142857142857142,23.5,25.0
2025-05-15 00:00:00+00:00,2,25,True,3,5,20,0,26.0,24.0,28.0,26.0,23.428571428571427,23.642857142857142,23.733333333333334,23.0
2025-05-16 00:00:00+00:00,2,23,True,4,5,20,0,25.0,27.0,27.0,25.0,23.571428571428573,23.428571428571427,23.7,17.0
2025-05-17 00:00:00+00:00,2,17,True,5,5,20,1,23.0,26.0,25.0,24.0,23.0,23.142857142857142,23.633333333333333,18.0
2025-05-18 00:00:00+00:00,2,18,True,6,5,20,1,17.0,17.0,17.0,28.0,21.714285714285715,22.571428571428573,23.4,17.0
2025-05-19 00:00:00+00:00,2,17,True,0,5,21,0,18.0,17.0,19.0,27.0,21.857142857142858,22.642857142857142,23.066666666666666,23.0
2025-05-20 00:00:00+00:00,2,23,True,1,5,21,0,17.0,27.0,26.0,18.0,21.857142857142858,22.5,22.733333333333334,22.0
2025-05-21 00:00:00+00:00,2,22,True,2,5,21,0,23.0,26.0,25.0,17.0,21.285714285714285,22.285714285714285,22.9,25.0
2025-05-22 00:00:00+00:00,2,25,True,3,5,21,0,22.0,25.0,24.0,28.0,20.714285714285715,22.071428571428573,23.066666666666666,23.0
2025-05-23 00:00:00+00:00,2,23,True,4,5,21,0,25.0,23.0,27.0,27.0,20.714285714285715,22.142857142857142,22.966666666666665,22.0
2025-05-24 00:00:00+00:00,2,22,True,5,5,21,1,23.0,17.0,26.0,26.0,20.714285714285715,21.857142857142858,22.833333333333332,15.0
2025-05-25 00:00:00+00:00,2,15,True,6,5,21,1,22.0,18.0,17.0,25.0,21.428571428571427,21.571428571428573,22.7,17.0
2025-05-26 00:00:00+00:00,2,17,True,0,5,22,0,15.0,17.0,17.0,29.0,21.0,21.428571428571427,22.366666666666667,23.0
2025-05-27 00:00:00+00:00,2,23,True,1,5,22,0,17.0,23.0,27.0,19.0,21.0,21.428571428571427,21.966666666666665,22.0
2025-05-28 00:00:00+00:00,2,22,True,2,5,22,0,23.0,22.0,26.0,18.0,21.0,21.142857142857142,22.1,21.0
2025-05-29 00:00:00+00:00,2,21,True,3,5,22,0,22.0,25.0,25.0,25.0,21.0,20.857142857142858,22.233333333333334,23.0
2025-05-30 00:00:00+00:00,2,23,True,4,5,22,0,21.0,23.0,23.0,19.0,20.428571428571427,20.571428571428573,22.1,22.0
2025-05-31 00:00:00+00:00,2,22,True,5,5,22,1,23.0,22.0,17.0,28.0,20.428571428571427,20.571428571428573,22.233333333333334,15.0
2025-06-01 00:00:00+00:00,2,15,True,6,6,22,1,22.0,15.0,18.0,27.0,20.428571428571427,20.928571428571427,22.033333333333335,14.0
2025-06-02 00:00:00+00:00,2,14,True,0,6,23,0,15.0,17.0,17.0,25.0,20.428571428571427,20.714285714285715,21.633333333333333,14.0
2025-06-03 00:00:00+00:00,2,14,True,1,6,23,0,14.0,23.0,23.0,17.0,20.0,20.5,21.266666666666666,22.0
2025-06-04 00:00:00+00:00,2,22,True,2,6,23,0,14.0,22.0,22.0,19.0,18.714285714285715,19.857142857142858,21.166666666666668,21.0
2025-06-05 00:00:00+00:00,2,21,True,3,6,23,0,22.0,21.0,25.0,26.0,18.714285714285715,19.857142857142858,21.266666666666666,20.0
2025-06-06 00:00:00+00:00,2,20,True,4,6,23,0,21.0,23.0,23.0,25.0,18.714285714285715,19.571428571428573,21.1,19.0
2025-06-07 00:00:00+00:00,2,19,True,5,6,23,1,20.0,22.0,22.0,24.0,18.285714285714285,19.357142857142858,20.933333333333334,15.0
2025-06-08 00:00:00+00:00,2,15,True,6,6,23,1,19.0,15.0,15.0,27.0,17.857142857142858,19.142857142857142,20.766666666666666,14.0
2025-06-09 00:00:00+00:00,2,14,True,0,6,24,0,15.0,14.0,17.0,26.0,17.857142857142858,19.142857142857142,20.366666666666667,20.0
2025-06-10 00:00:00+00:00,2,20,True,1,6,24,0,14.0,14.0,23.0,17.0,17.857142857142858,18.928571428571427,19.966666666666665,19.0
2025-06-11 00:00:00+00:00,2,19,True,2,6,24,0,20.0,22.0,22.0,17.0,18.714285714285715,18.714285714285715,20.066666666666666,21.0
2025-06-12 00:00:00+00:00,2,21,True,3,6,24,0,19.0,21.0,21.0,27.0,18.285714285714285,18.5,20.133333333333333,21.0
2025-06-13 00:00:00+00:00,2,21,True,4,6,24,0,21.0,20.0,23.0,26.0,18.285714285714285,18.5,19.933333333333334,20.0
2025-06-14 00:00:00+00:00,2,20,True,5,6,24,1,21.0,19.0,22.0,25.0,18.428571428571427,18.357142857142858,19.766666666666666,13.0
2025-06-15 00:00:00+00:00,2,13,True,6,6,24,1,20.0,15.0,15.0,23.0,18.571428571428573,18.214285714285715,19.6,15.0
2025-06-16 00:00:00+00:00,2,15,True,0,6,25,0,13.0,14.0,14.0,17.0,18.285714285714285,18.071428571428573,19.266666666666666,21.0
2025-06-17 00:00:00+00:00,2,21,True,1,6,25,0,15.0,20.0,14.0,18.0,18.428571428571427,18.142857142857142,19.2,20.0
2025-06-18 00:00:00+00:00,2,20,True,2,6,25,0,21.0,19.0,22.0,17.0,18.571428571428573,18.642857142857142,19.3,19.0
2025-06-19 00:00:00+00:00,2,19,True,3,6,25,0,20.0,21.0,21.0,23.0,18.714285714285715,18.5,19.4,13.0
2025-06-20 00:00:00+00:00,2,13,True,4,6,25,0,19.0,21.0,20.0,22.0,18.428571428571427,18.357142857142858,19.266666666666666,21.0
2025-06-21 00:00:00+00:00,2,21,True,5,6,25,1,13.0,20.0,19.0,25.0,17.285714285714285,17.857142857142858,18.966666666666665,14.0
2025-06-22 00:00:00+00:00,2,14,True,6,6,25,1,21.0,13.0,15.0,23.0,17.428571428571427,18.0,18.833333333333332,13.0
2025-06-23 00:00:00+00:00,2,13,True,0,6,26,0,14.0,15.0,14.0,22.0,17.571428571428573,17.928571428571427,18.533333333333335,19.0
2025-06-24 00:00:00+00:00,2,19,True,1,6,26,0,13.0,21.0,20.0,15.0,17.285714285714285,17.857142857142858,18.233333333333334,21.0
2025-06-25 00:00:00+00:00,2,21,True,2,6,26,0,19.0,20.0,19.0,17.0,17.0,17.785714285714285,18.366666666666667,21.0
2025-06-26 00:00:00+00:00,2,21,True,3,6,26,0,21.0,19.0,21.0,23.0,17.142857142857142,17.928571428571427,18.5,20.0
2025-06-27 00:00:00+00:00,2,20,True,4,6,26,0,21.0,13.0,21.0,22.0,17.428571428571427,17.928571428571427,18.433333333333334,19.0
2025-06-28 00:00:00+00:00,2,19,True,5,6,26,1,20.0,21.0,20.0,21.0,18.428571428571427,17.857142857142858,18.366666666666667,15.0
2025-06-29 00:00:00+00:00,2,15,True,6,6,26,1,19.0,14.0,13.0,23.0,18.142857142857142,17.785714285714285,18.3,15.0
2025-06-30 00:00:00+00:00,2,15,True,0,6,27,0,15.0,13.0,15.0,22.0,18.285714285714285,17.928571428571427,18.033333333333335,21.0
2025-07-01 00:00:00+00:00,2,21,True,1,7,27,0,15.0,19.0,21.0,15.0,18.571428571428573,17.928571428571427,17.8,20.0
2025-07-02 00:00:00+00:00,2,20,True,2,7,27,0,21.0,21.0,20.0,14.0,18.857142857142858,17.928571428571427,18.0,23.0
2025-07-03 00:00:00+00:00,2,23,True,3,7,27,0,20.0,21.0,19.0,14.0,18.714285714285715,17.928571428571427,18.2,22.0
2025-07-04 00:00:00+00:00,2,22,True,4,7,27,0,23.0,20.0,13.0,22.0,19.0,18.214285714285715,18.5,21.0
2025-07-05 00:00:00+00:00,2,21,True,5,7,27,1,22.0,19.0,21.0,21.0,19.285714285714285,18.857142857142858,18.5,14.0
2025-07-06 00:00:00+00:00,2,14,True,6,7,27,1,21.0,15.0,14.0,20.0,19.571428571428573,18.857142857142858,18.5,9.0
2025-07-07 00:00:00+00:00,2,9,True,0,7,28,0,14.0,15.0,13.0,19.0,19.428571428571427,18.857142857142858,18.3,23.0
2025-07-08 00:00:00+00:00,2,23,True,1,7,28,0,9.0,21.0,19.0,15.0,18.571428571428573,18.571428571428573,17.966666666666665,22.0
2025-07-09 00:00:00+00:00,2,22,True,2,7,28,0,23.0,20.0,21.0,14.0,18.857142857142858,18.857142857142858,18.233333333333334,22.0
2025-07-10 00:00:00+00:00,2,22,True,3,7,28,0,22.0,23.0,21.0,20.0,19.142857142857142,18.928571428571427,18.5,21.0
2025-07-11 00:00:00+00:00,2,21,True,4,7,28,0,22.0,22.0,20.0,19.0,19.0,19.0,18.566666666666666,24.0
2025-07-12 00:00:00+00:00,2,24,True,5,7,28,1,21.0,21.0,19.0,21.0,18.857142857142858,19.071428571428573,18.633333333333333,16.0
2025-07-13 00:00:00+00:00,2,16,True,6,7,28,1,24.0,14.0,15.0,21.0,19.285714285714285,19.428571428571427,18.733333333333334,16.0
2025-07-14 00:00:00+00:00,2,16,True,0,7,29,0,16.0,9.0,15.0,20.0,19.571428571428573,19.5,18.566666666666666,22.0
2025-07-15 00:00:00+00:00,2,22,True,1,7,29,0,16.0,23.0,21.0,13.0,20.571428571428573,19.571428571428573,18.433333333333334,25.0
2025-07-16 00:00:00+00:00,2,25,True,2,7,29,0,22.0,22.0,20.0,15.0,20.428571428571427,19.642857142857142,18.733333333333334,25.0
2025-07-17 00:00:00+00:00,2,25,True,3,7,29,0,25.0,22.0,23.0,21.0,20.857142857142858,20.0,19.066666666666666,24.0
2025-07-18 00:00:00+00:00,2,24,True,4,7,29,0,25.0,21.0,22.0,20.0,21.285714285714285,20.142857142857142,19.2,23.0
2025-07-19 00:00:00+00:00,2,23,True,5,7,29,1,24.0,24.0,21.0,19.0,21.714285714285715,20.285714285714285,19.333333333333332,18.0
2025-07-20 00:00:00+00:00,2,18,True,6,7,29,1,23.0,16.0,14.0,13.0,21.571428571428573,20.428571428571427,19.466666666666665,18.0
2025-07-21 00:00:00+00:00,2,18,True,0,7,30,0,18.0,16.0,9.0,21.0,21.857142857142858,20.714285714285715,19.633333333333333,25.0
2025-07-22 00:00:00+00:00,2,25,True,1,7,30,0,18.0,22.0,23.0,14.0,22.142857142857142,21.357142857142858,19.533333333333335,24.0
2025-07-23 00:00:00+00:00,2,24,True,2,7,30,0,25.0,25.0,22.0,13.0,22.571428571428573,21.5,19.9,18.0
2025-07-24 00:00:00+00:00,2,18,True,3,7,30,0,24.0,25.0,22.0,19.0,22.428571428571427,21.642857142857142,20.266666666666666,27.0
2025-07-25 00:00:00+00:00,2,27,True,4,7,30,0,18.0,24.0,21.0,21.0,21.428571428571427,21.357142857142858,20.233333333333334,26.0
2025-07-26 00:00:00+00:00,2,26,True,5,7,30,1,27.0,23.0,24.0,21.0,21.857142857142858,21.785714285714285,20.433333333333334,18.0
2025-07-27 00:00:00+00:00,2,18,True,6,7,30,1,26.0,18.0,16.0,20.0,22.285714285714285,21.928571428571427,20.6,17.0
2025-07-28 00:00:00+00:00,2,17,True,0,7,31,0,18.0,18.0,16.0,19.0,22.285714285714285,22.071428571428573,20.533333333333335,28.0
2025-07-29 00:00:00+00:00,2,28,True,1,7,31,0,17.0,25.0,22.0,15.0,22.142857142857142,22.142857142857142,20.466666666666665,27.0
2025-07-30 00:00:00+00:00,2,27,True,2,7,31,0,28.0,24.0,25.0,15.0,22.571428571428573,22.571428571428573,20.9,26.0
2025-07-31 00:00:00+00:00,2,26,True,3,7,31,0,27.0,18.0,25.0,21.0,23.0,22.714285714285715,21.3,25.0
2025-08-01 00:00:00+00:00,2,25,True,4,8,31,0,26.0,27.0,24.0,20.0,24.142857142857142,22.785714285714285,21.466666666666665,29.0
2025-08-02 00:00:00+00:00,2,29,True,5,8,31,1,25.0,26.0,23.0,23.0,23.857142857142858,22.857142857142858,21.633333333333333,20.0
2025-08-03 00:00:00+00:00,2,20,True,6,8,31,1,29.0,18.0,18.0,22.0,24.285714285714285,23.285714285714285,21.833333333333332,19.0
2025-08-04 00:00:00+00:00,2,19,True,0,8,32,0,20.0,17.0,18.0,21.0,24.571428571428573,23.428571428571427,21.766666666666666,26.0
2025-08-05 00:00:00+00:00,2,26,True,1,8,32,0,19.0,28.0,25.0,14.0,24.857142857142858,23.5,21.7,30.0
2025-08-06 00:00:00+00:00,2,30,True,2,8,32,0,26.0,27.0,24.0,9.0,24.571428571428573,23.571428571428573,22.1,29.0
2025-08-07 00:00:00+00:00,2,29,True,3,8,32,0,30.0,26.0,18.0,23.0,25.0,24.0,22.8,28.0
2025-08-08 00:00:00+00:00,2,28,True,4,8,32,0,29.0,25.0,27.0,22.0,25.428571428571427,24.785714285714285,23.0,27.0
2025-08-09 00:00:00+00:00,2,27,True,5,8,32,1,28.0,29.0,26.0,22.0,25.857142857142858,24.857142857142858,23.2,13.0
2025-08-10 00:00:00+00:00,2,13,True,6,8,32,1,27.0,20.0,18.0,21.0,25.571428571428573,24.928571428571427,23.366666666666667,21.0
2025-08-11 00:00:00+00:00,2,21,True,0,8,33,0,13.0,19.0,17.0,24.0,24.571428571428573,24.571428571428573,23.1,28.0
2025-08-12 00:00:00+00:00,2,28,True,1,8,33,0,21.0,26.0,28.0,16.0,24.857142857142858,24.857142857142858,23.0,27.0
2025-08-13 00:00:00+00:00,2,27,True,2,8,33,0,28.0,30.0,27.0,16.0,25.142857142857142,24.857142857142858,23.4,26.0
2025-08-14 00:00:00+00:00,2,26,True,3,8,33,0,27.0,29.0,26.0,22.0,24.714285714285715,24.857142857142858,23.766666666666666,30.0
2025-08-15 00:00:00+00:00,2,30,True,4,8,33,0,26.0,28.0,25.0,25.0,24.285714285714285,24.857142857142858,23.9,29.0
2025-08-16 00:00:00+00:00,2,29,True,5,8,33,1,30.0,27.0,29.0,25.0,24.571428571428573,25.214285714285715,24.066666666666666,19.0
2025-08-17 00:00:00+00:00,2,19,True,6,8,33,1,29.0,13.0,20.0,24.0,24.857142857142858,25.214285714285715,24.2,18.0
2025-08-18 00:00:00+00:00,2,18,True,0,8,34,0,19.0,21.0,19.0,23.0,25.714285714285715,25.142857142857142,24.033333333333335,30.0
2025-08-19 00:00:00+00:00,2,30,True,1,8,34,0,18.0,28.0,26.0,18.0,25.285714285714285,25.071428571428573,23.866666666666667,29.0
2025-08-20 00:00:00+00:00,2,29,True,2,8,34,0,30.0,27.0,30.0,18.0,25.571428571428573,25.357142857142858,24.266666666666666,28.0
2025-08-21 00:00:00+00:00,2,28,True,3,8,34,0,29.0,26.0,29.0,25.0,25.857142857142858,25.285714285714285,24.633333333333333,27.0
2025-08-22 00:00:00+00:00,2,27,True,4,8,34,0,28.0,30.0,28.0,24.0,26.142857142857142,25.214285714285715,24.733333333333334,30.0
2025-08-23 00:00:00+00:00,2,30,True,5,8,34,1,27.0,29.0,27.0,18.0,25.714285714285715,25.142857142857142,24.833333333333332,20.0
2025-08-24 00:00:00+00:00,2,20,True,6,8,34,1,30.0,19.0,13.0,27.0,25.857142857142858,25.357142857142858,25.233333333333334,19.0
2025-08-25 00:00:00+00:00,2,19,True,0,8,35,0,20.0,18.0,21.0,26.0,26.0,25.857142857142858,25.0,27.0
2025-08-26 00:00:00+00:00,2,27,True,1,8,35,0,19.0,30.0,28.0,18.0,26.142857142857142,25.714285714285715,24.766666666666666,20.0
2025-08-27 00:00:00+00:00,2,20,True,2,8,35,0,27.0,29.0,27.0,17.0,25.714285714285715,25.642857142857142,25.066666666666666,29.0
2025-08-28 00:00:00+00:00,2,29,True,3,8,35,0,20.0,28.0,26.0,28.0,24.428571428571427,25.142857142857142,25.166666666666668,28.0
2025-08-29 00:00:00+00:00,2,28,True,4,8,35,0,29.0,27.0,30.0,27.0,24.571428571428573,25.357142857142858,25.2,26.0
2025-08-30 00:00:00+00:00,2,26,True,5,8,35,1,28.0,30.0,29.0,26.0,24.714285714285715,25.214285714285715,25.233333333333334,17.0
2025-08-31 00:00:00+00:00,2,17,True,6,8,35,1,26.0,20.0,19.0,25.0,24.142857142857142,25.0,25.233333333333334,20.0
2025-09-01 00:00:00+00:00,2,20,True,0,9,36,0,17.0,19.0,18.0,29.0,23.714285714285715,24.857142857142858,24.966666666666665,27.0
2025-09-02 00:00:00+00:00,2,27,True,1,9,36,0,20.0,27.0,30.0,20.0,23.857142857142858,25.0,24.666666666666668,26.0
2025-09-03 00:00:00+00:00,2,26,True,2,9,36,0,27.0,20.0,29.0,19.0,23.857142857142858,24.785714285714285,24.9,25.0
2025-09-04 00:00:00+00:00,2,25,True,3,9,36,0,26.0,29.0,28.0,26.0,24.714285714285715,24.571428571428573,25.133333333333333,28.0
2025-09-05 00:00:00+00:00,2,28,True,4,9,36,0,25.0,28.0,27.0,30.0,24.142857142857142,24.357142857142858,25.1,27.0
2025-09-06 00:00:00+00:00,2,27,True,5,9,36,1,28.0,26.0,30.0,29.0,24.142857142857142,24.428571428571427,25.033333333333335,18.0
2025-09-07 00:00:00+00:00,2,18,True,6,9,36,1,27.0,17.0,20.0,28.0,24.285714285714285,24.214285714285715,24.966666666666665,17.0
2025-09-08 00:00:00+00:00,2,17,True,0,9,37,0,18.0,20.0,19.0,27.0,24.428571428571427,24.071428571428573,24.633333333333333,27.0
2025-09-09 00:00:00+00:00,2,27,True,1,9,37,0,17.0,27.0,27.0,13.0,24.0,23.928571428571427,24.3,26.0
2025-09-10 00:00:00+00:00,2,26,True,2,9,37,0,27.0,26.0,20.0,21.0,24.0,23.928571428571427,24.766666666666666,25.0
2025-09-11 00:00:00+00:00,2,25,True,3,9,37,0,26.0,25.0,29.0,28.0,24.0,24.357142857142858,24.933333333333334,24.0
2025-09-12 00:00:00+00:00,2,24,True,4,9,37,0,25.0,28.0,28.0,27.0,24.0,24.071428571428573,24.833333333333332,17.0
2025-09-13 00:00:00+00:00,2,17,True,5,9,37,1,24.0,27.0,26.0,26.0,23.428571428571427,23.785714285714285,24.733333333333334,18.0
2025-09-14 00:00:00+00:00,2,18,True,6,9,37,1,17.0,18.0,17.0,30.0,22.0,23.142857142857142,24.433333333333334,17.0
2025-09-15 00:00:00+00:00,2,17,True,0,9,38,0,18.0,17.0,20.0,29.0,22.0,23.214285714285715,24.033333333333335,23.0
2025-09-16 00:00:00+00:00,2,23,True,1,9,38,0,17.0,27.0,27.0,19.0,22.0,23.0,23.633333333333333,22.0
2025-09-17 00:00:00+00:00,2,22,True,2,9,38,0,23.0,26.0,26.0,18.0,21.428571428571427,22.714285714285715,23.766666666666666,25.0
2025-09-18 00:00:00+00:00,2,25,True,3,9,38,0,22.0,25.0,25.0,30.0,20.857142857142858,22.428571428571427,23.9,24.0
2025-09-19 00:00:00+00:00,2,24,True,4,9,38,0,25.0,24.0,28.0,29.0,20.857142857142858,22.428571428571427,23.733333333333334,23.0
2025-09-20 00:00:00+00:00,2,23,True,5,9,38,1,24.0,17.0,27.0,28.0,20.857142857142858,22.142857142857142,23.566666666666666,15.0
2025-09-21 00:00:00+00:00,2,15,True,6,9,38,1,23.0,18.0,18.0,27.0,21.714285714285715,21.857142857142858,23.4,17.0
2025-09-22 00:00:00+00:00,2,17,True,0,9,39,0,15.0,17.0,17.0,30.0,21.285714285714285,21.642857142857142,23.0,23.0
2025-09-23 00:00:00+00:00,2,23,True,1,9,39,0,17.0,23.0,27.0,20.0,21.285714285714285,21.642857142857142,22.566666666666666,22.0
2025-09-24 00:00:00+00:00,2,22,True,2,9,39,0,23.0,22.0,26.0,19.0,21.285714285714285,21.357142857142858,22.666666666666668,21.0
2025-09-25 00:00:00+00:00,2,21,True,3,9,39,0,22.0,25.0,25.0,27.0,21.285714285714285,21.071428571428573,22.766666666666666,24.0
2025-09-26 00:00:00+00:00,2,24,True,4,9,39,0,21.0,24.0,24.0,20.0,20.714285714285715,20.785714285714285,22.566666666666666,23.0
2025-09-27 00:00:00+00:00,2,23,True,5,9,39,1,24.0,23.0,17.0,29.0,20.714285714285715,20.785714285714285,22.7,15.0
2025-09-28 00:00:00+00:00,2,15,True,6,9,39,1,23.0,15.0,18.0,28.0,20.714285714285715,21.214285714285715,22.5,14.0
2025-09-29 00:00:00+00:00,2,14,True,0,9,40,0,15.0,17.0,17.0,26.0,20.714285714285715,21.0,22.066666666666666,15.0
2025-09-30 00:00:00+00:00,2,15,True,1,9,40,0,14.0,23.0,23.0,17.0,20.285714285714285,20.785714285714285,21.666666666666668,23.0
2025-10-01 00:00:00+00:00,2,23,True,2,10,40,0,15.0,22.0,22.0,20.0,19.142857142857142,20.214285714285715,21.6,22.0
2025-10-02 00:00:00+00:00,2,22,True,3,10,40,0,23.0,21.0,25.0,27.0,19.285714285714285,20.285714285714285,21.7,21.0
2025-10-03 00:00:00+00:00,2,21,True,4,10,40,0,22.0,24.0,24.0,26.0,19.428571428571427,20.071428571428573,21.533333333333335,20.0
2025-10-04 00:00:00+00:00,2,20,True,5,10,40,1,21.0,23.0,23.0,25.0,19.0,19.857142857142858,21.366666666666667,16.0
2025-10-05 00:00:00+00:00,2,16,True,6,10,40,1,20.0,15.0,15.0,28.0,18.571428571428573,19.642857142857142,21.2,15.0
2025-10-06 00:00:00+00:00,2,15,True,0,10,41,0,16.0,14.0,17.0,27.0,18.714285714285715,19.714285714285715,20.8,21.0
2025-10-07 00:00:00+00:00,2,21,True,1,10,41,0,15.0,15.0,23.0,18.0,18.857142857142858,19.571428571428573,20.4,20.0
2025-10-08 00:00:00+00:00,2,20,True,2,10,41,0,21.0,23.0,22.0,17.0,19.714285714285715,19.428571428571427,20.5,23.0
2025-10-09 00:00:00+00:00,2,23,True,3,10,41,0,20.0,22.0,21.0,27.0,19.285714285714285,19.285714285714285,20.6,22.0
2025-10-10 00:00:00+00:00,2,22,True,4,10,41,0,23.0,21.0,24.0,26.0,19.428571428571427,19.428571428571427,20.466666666666665,21.0
2025-10-11 00:00:00+00:00,2,21,True,5,10,41,1,22.0,20.0,23.0,25.0,19.571428571428573,19.285714285714285,20.333333333333332,14.0
2025-10-12 00:00:00+00:00,2,14,True,6,10,41,1,21.0,16.0,15.0,24.0,19.714285714285715,19.142857142857142,20.2,16.0
2025-10-13 00:00:00+00:00,2,16,True,0,10,42,0,14.0,15.0,14.0,17.0,19.428571428571427,19.071428571428573,19.866666666666667,22.0
2025-10-14 00:00:00+00:00,2,22,True,1,10,42,0,16.0,21.0,15.0,18.0,19.571428571428573,19.214285714285715,19.833333333333332,21.0
2025-10-15 00:00:00+00:00,2,21,True,2,10,42,0,22.0,20.0,23.0,17.0,19.714285714285715,19.714285714285715,19.966666666666665,20.0
2025-10-16 00:00:00+00:00,2,20,True,3,10,42,0,21.0,23.0,22.0,23.0,19.857142857142858,19.571428571428573,20.1,15.0
2025-10-17 00:00:00+00:00,2,15,True,4,10,42,0,20.0,22.0,21.0,22.0,19.428571428571427,19.428571428571427,20.0,23.0
2025-10-18 00:00:00+00:00,2,23,True,5,10,42,1,15.0,21.0,20.0,25.0,18.428571428571427,19.0,19.766666666666666,15.0
2025-10-19 00:00:00+00:00,2,15,True,6,10,42,1,23.0,14.0,16.0,24.0,18.714285714285715,19.214285714285715,19.7,15.0
2025-10-20 00:00:00+00:00,2,15,True,0,10,43,0,15.0,16.0,15.0,23.0,18.857142857142858,19.142857142857142,19.4,20.0
2025-10-21 00:00:00+00:00,2,20,True,1,10,43,0,15.0,22.0,21.0,15.0,18.714285714285715,19.142857142857142,19.133333333333333,23.0
2025-10-22 00:00:00+00:00,2,23,True,2,10,43,0,20.0,21.0,20.0,17.0,18.428571428571427,19.071428571428573,19.3,23.0
2025-10-23 00:00:00+00:00,2,23,True,3,10,43,0,23.0,20.0,23.0,23.0,18.714285714285715,19.285714285714285,19.5,22.0
2025-10-24 00:00:00+00:00,2,22,True,4,10,43,0,23.0,15.0,22.0,22.0,19.142857142857142,19.285714285714285,19.5,21.0
2025-10-25 00:00:00+00:00,2,21,True,5,10,43,1,22.0,23.0,21.0,21.0,20.142857142857142,19.285714285714285,19.5,17.0
2025-10-26 00:00:00+00:00,2,17,True,6,10,43,1,21.0,15.0,14.0,24.0,19.857142857142858,19.285714285714285,19.5,16.0
2025-10-27 00:00:00+00:00,2,16,True,0,10,44,0,17.0,15.0,16.0,23.0,20.142857142857142,19.5,19.266666666666666,23.0
2025-10-28 00:00:00+00:00,2,23,True,1,10,44,0,16.0,20.0,22.0,15.0,20.285714285714285,19.5,19.033333333333335,22.0
2025-10-29 00:00:00+00:00,2,22,True,2,10,44,0,23.0,23.0,21.0,14.0,20.714285714285715,19.571428571428573,19.3,25.0
2025-10-30 00:00:00+00:00,2,25,True,3,10,44,0,22.0,23.0,20.0,15.0,20.571428571428573,19.642857142857142,19.566666666666666,25.0
2025-10-31 00:00:00+00:00,2,25,True,4,10,44,0,25.0,22.0,15.0,23.0,20.857142857142858,20.0,19.9,24.0
2025-11-01 00:00:00+00:00,2,24,True,5,11,44,1,25.0,21.0,23.0,22.0,21.285714285714285,20.714285714285715,19.966666666666665,16.0
2025-11-02 00:00:00+00:00,2,16,True,6,11,44,1,24.0,17.0,15.0,21.0,21.714285714285715,20.785714285714285,20.033333333333335,11.0
2025-11-03 00:00:00+00:00,2,11,True,0,11,45,0,16.0,16.0,15.0,20.0,21.571428571428573,20.857142857142858,19.866666666666667,26.0
2025-11-04 00:00:00+00:00,2,26,True,1,11,45,0,11.0,23.0,20.0,16.0,20.857142857142858,20.571428571428573,19.566666666666666,25.0
2025-11-05 00:00:00+00:00,2,25,True,2,11,45,0,26.0,22.0,23.0,15.0,21.285714285714285,21.0,19.9,24.0
2025-11-06 00:00:00+00:00,2,24,True,3,11,45,0,25.0,25.0,23.0,21.0,21.714285714285715,21.142857142857142,20.233333333333334,23.0
2025-11-07 00:00:00+00:00,2,23,True,4,11,45,0,24.0,25.0,22.0,20.0,21.571428571428573,21.214285714285715,20.333333333333332,27.0
2025-11-08 00:00:00+00:00,2,27,True,5,11,45,1,23.0,24.0,21.0,23.0,21.285714285714285,21.285714285714285,20.433333333333334,18.0
2025-11-09 00:00:00+00:00,2,18,True,6,11,45,1,27.0,16.0,17.0,22.0,21.714285714285715,21.714285714285715,20.566666666666666,18.0
2025-11-10 00:00:00+00:00,2,18,True,0,11,46,0,18.0,11.0,16.0,21.0,22.0,21.785714285714285,20.433333333333334,25.0
2025-11-11 00:00:00+00:00,2,25,True,1,11,46,0,18.0,26.0,23.0,14.0,23.0,21.928571428571427,20.333333333333332,28.0
2025-11-12 00:00:00+00:00,2,28,True,2,11,46,0,25.0,25.0,22.0,16.0,22.857142857142858,22.071428571428573,20.7,28.0
2025-11-13 00:00:00+00:00,2,28,True,3,11,46,0,28.0,24.0,25.0,22.0,23.285714285714285,22.5,21.1,27.0
2025-11-14 00:00:00+00:00,2,27,True,4,11,46,0,28.0,23.0,25.0,21.0,23.857142857142858,22.714285714285715,21.3,26.0
2025-11-15 00:00:00+00:00,2,26,True,5,11,46,1,27.0,27.0,24.0,20.0,24.428571428571427,22.857142857142858,21.5,21.0
2025-11-16 00:00:00+00:00,2,21,True,6,11,46,1,26.0,18.0,16.0,15.0,24.285714285714285,23.0,21.7,20.0
2025-11-17 00:00:00+00:00,2,20,True,0,11,47,0,21.0,18.0,11.0,23.0,24.714285714285715,23.357142857142858,21.9,28.0
2025-11-18 00:00:00+00:00,2,28,True,1,11,47,0,20.0,25.0,26.0,15.0,25.0,24.0,21.8,27.0
2025-11-19 00:00:00+00:00,2,27,True,2,11,47,0,28.0,28.0,25.0,15.0,25.428571428571427,24.142857142857142,22.233333333333334,21.0
2025-11-20 00:00:00+00:00,2,21,True,3,11,47,0,27.0,28.0,24.0,20.0,25.285714285714285,24.285714285714285,22.633333333333333,30.0
2025-11-21 00:00:00+00:00,2,30,True,4,11,47,0,21.0,27.0,23.0,23.0,24.285714285714285,24.071428571428573,22.666666666666668,29.0
2025-11-22 00:00:00+00:00,2,29,True,5,11,47,1,30.0,26.0,27.0,23.0,24.714285714285715,24.571428571428573,22.9,19.0
2025-11-23 00:00:00+00:00,2,19,True,6,11,47,1,29.0,21.0,18.0,22.0,25.142857142857142,24.714285714285715,23.1,19.0
2025-11-24 00:00:00+00:00,2,19,True,0,11,48,0,19.0,20.0,18.0,21.0,24.857142857142858,24.785714285714285,23.0,31.0
2025-11-25 00:00:00+00:00,2,31,True,1,11,48,0,19.0,28.0,25.0,17.0,24.714285714285715,24.857142857142858,22.933333333333334,30.0
2025-11-26 00:00:00+00:00,2,30,True,2,11,48,0,31.0,27.0,28.0,16.0,25.142857142857142,25.285714285714285,23.4,29.0
2025-11-27 00:00:00+00:00,2,29,True,3,11,48,0,30.0,21.0,28.0,23.0,25.571428571428573,25.428571428571427,23.866666666666667,28.0
2025-11-28 00:00:00+00:00,2,28,True,4,11,48,0,29.0,30.0,27.0,22.0,26.714285714285715,25.5,24.066666666666666,32.0
2025-11-29 00:00:00+00:00,2,32,True,5,11,48,1,28.0,29.0,26.0,25.0,26.428571428571427,25.571428571428573,24.266666666666666,21.0
2025-11-30 00:00:00+00:00,2,21,True,6,11,48,1,32.0,19.0,21.0,25.0,26.857142857142858,26.0,24.5,20.0
2025-12-01 00:00:00+00:00,2,20,True,0,12,49,0,21.0,19.0,20.0,24.0,27.142857142857142,26.0,24.366666666666667,28.0
2025-12-02 00:00:00+00:00,2,28,True,1,12,49,0,20.0,31.0,28.0,16.0,27.285714285714285,26.0,24.233333333333334,32.0
2025-12-03 00:00:00+00:00,2,32,True,2,12,49,0,28.0,30.0,27.0,11.0,26.857142857142858,26.0,24.633333333333333,31.0
2025-12-04 00:00:00+00:00,2,31,True,3,12,49,0,32.0,29.0,21.0,26.0,27.142857142857142,26.357142857142858,25.333333333333332,30.0
2025-12-05 00:00:00+00:00,2,30,True,4,12,49,0,31.0,28.0,30.0,25.0,27.428571428571427,27.071428571428573,25.5,29.0
2025-12-06 00:00:00+00:00,2,29,True,5,12,49,1,30.0,32.0,29.0,24.0,27.714285714285715,27.071428571428573,25.666666666666668,14.0
2025-12-07 00:00:00+00:00,2,14,True,6,12,49,1,29.0,21.0,19.0,23.0,27.285714285714285,27.071428571428573,25.833333333333332,22.0
2025-12-08 00:00:00+00:00,2,22,True,0,12,50,0,14.0,20.0,19.0,27.0,26.285714285714285,26.714285714285715,25.533333333333335,30.0
2025-12-09 00:00:00+00:00,2,30,True,1,12,50,0,22.0,28.0,31.0,18.0,26.571428571428573,26.928571428571427,25.366666666666667,29.0
2025-12-10 00:00:00+00:00,2,29,True,2,12,50,0,30.0,32.0,30.0,18.0,26.857142857142858,26.857142857142858,25.766666666666666,28.0
2025-12-11 00:00:00+00:00,2,28,True,3,12,50,0,29.0,31.0,29.0,25.0,26.428571428571427,26.785714285714285,26.133333333333333,32.0
2025-12-12 00:00:00+00:00,2,32,True,4,12,50,0,28.0,30.0,28.0,28.0,26.0,26.714285714285715,26.233333333333334,30.0
2025-12-13 00:00:00+00:00,2,30,True,5,12,50,1,32.0,29.0,32.0,28.0,26.285714285714285,27.0,26.366666666666667,20.0
2025-12-14 00:00:00+00:00,2,20,True,6,12,50,1,30.0,14.0,21.0,27.0,26.428571428571427,26.857142857142858,26.433333333333334,19.0
2025-12-15 00:00:00+00:00,2,19,True,0,12,51,0,20.0,22.0,20.0,26.0,27.285714285714285,26.785714285714285,26.2,32.0
2025-12-16 00:00:00+00:00,2,32,True,1,12,51,0,19.0,30.0,28.0,21.0,26.857142857142858,26.714285714285715,25.966666666666665,30.0
2025-12-17 00:00:00+00:00,2,30,True,2,12,51,0,32.0,29.0,32.0,20.0,27.142857142857142,27.0,26.333333333333332,29.0
2025-12-18 00:00:00+00:00,2,29,True,3,12,51,0,30.0,28.0,31.0,28.0,27.285714285714285,26.857142857142858,26.666666666666668,28.0
2025-12-19 00:00:00+00:00,2,28,True,4,12,51,0,29.0,32.0,30.0,27.0,27.428571428571427,26.714285714285715,26.7,31.0
2025-12-20 00:00:00+00:00,2,31,True,5,12,51,1,28.0,30.0,29.0,21.0,26.857142857142858,26.571428571428573,26.733333333333334,21.0
2025-12-21 00:00:00+00:00,2,21,True,6,12,51,1,31.0,20.0,14.0,30.0,27.0,26.714285714285715,27.066666666666666,20.0
2025-12-22 00:00:00+00:00,2,20,True,0,12,52,0,21.0,19.0,22.0,29.0,27.142857142857142,27.214285714285715,26.766666666666666,27.0
2025-12-23 00:00:00+00:00,2,27,True,1,12,52,0,20.0,32.0,30.0,19.0,27.285714285714285,27.071428571428573,26.466666666666665,21.0
2025-12-24 00:00:00+00:00,2,21,True,2,12,52,0,27.0,30.0,29.0,19.0,26.571428571428573,26.857142857142858,26.733333333333334,29.0
2025-12-25 00:00:00+00:00,2,29,True,3,12,52,0,21.0,29.0,28.0,31.0,25.285714285714285,26.285714285714285,26.8,28.0
2025-12-26 00:00:00+00:00,2,28,True,4,12,52,0,29.0,28.0,32.0,30.0,25.285714285714285,26.357142857142858,26.733333333333334,27.0
2025-12-27 00:00:00+00:00,2,27,True,5,12,52,1,28.0,31.0,30.0,29.0,25.285714285714285,26.071428571428573,26.666666666666668,18.0
2025-12-28 00:00:00+00:00,2,18,True,6,12,52,1,27.0,21.0,20.0,28.0,24.714285714285715,25.857142857142858,26.6,20.0
2025-12-29 00:00:00+00:00,2,20,True,0,12,1,0,18.0,20.0,19.0,32.0,24.285714285714285,25.714285714285715,26.266666666666666,28.0
2025-12-30 00:00:00+00:00,2,28,True,1,12,1,0,20.0,27.0,32.0,21.0,24.285714285714285,25.785714285714285,25.866666666666667,26.0
2025-01-31 00:00:00+00:00,3,13,True,4,1,5,0,15.0,13.0,13.0,18.0,11.714285714285714,11.714285714285714,12.633333333333333,12.0
2025-02-01 00:00:00+00:00,3,12,True,5,2,5,1,13.0,12.0,12.0,16.0,11.714285714285714,11.714285714285714,12.466666666666667,8.0
2025-02-02 00:00:00+00:00,3,8,True,6,2,5,1,12.0,8.0,10.0,15.0,11.714285714285714,11.714285714285714,12.333333333333334,8.0
2025-02-03 00:00:00+00:00,3,8,True,0,2,6,0,8.0,9.0,9.0,14.0,11.714285714285714,11.571428571428571,12.1,11.0
2025-02-04 00:00:00+00:00,3,11,True,1,2,6,0,8.0,13.0,13.0,9.0,11.571428571428571,11.5,11.9,12.0
2025-02-05 00:00:00+00:00,3,12,True,2,2,6,0,11.0,12.0,12.0,11.0,11.285714285714286,11.357142857142858,11.966666666666667,12.0
2025-02-06 00:00:00+00:00,3,12,True,3,2,6,0,12.0,15.0,13.0,15.0,11.285714285714286,11.357142857142858,12.0,11.0
2025-02-07 00:00:00+00:00,3,11,True,4,2,6,0,12.0,13.0,13.0,14.0,10.857142857142858,11.285714285714286,11.9,11.0
2025-02-08 00:00:00+00:00,3,11,True,5,2,6,1,11.0,12.0,12.0,13.0,10.571428571428571,11.142857142857142,11.8,9.0
2025-02-09 00:00:00+00:00,3,9,True,6,2,6,1,11.0,8.0,8.0,15.0,10.428571428571429,11.071428571428571,11.733333333333333,8.0
2025-02-10 00:00:00+00:00,3,8,True,0,2,7,0,9.0,8.0,9.0,14.0,10.571428571428571,11.142857142857142,11.533333333333333,11.0
2025-02-11 00:00:00+00:00,3,11,True,1,2,7,0,8.0,11.0,13.0,10.0,10.571428571428571,11.071428571428571,11.333333333333334,11.0
2025-02-12 00:00:00+00:00,3,11,True,2,2,7,0,11.0,12.0,12.0,9.0,10.571428571428571,10.928571428571429,11.366666666666667,12.0
2025-02-13 00:00:00+00:00,3,12,True,3,2,7,0,11.0,12.0,15.0,15.0,10.428571428571429,10.857142857142858,11.433333333333334,12.0
2025-02-14 00:00:00+00:00,3,12,True,4,2,7,0,12.0,11.0,13.0,14.0,10.428571428571429,10.642857142857142,11.333333333333334,12.0
2025-02-15 00:00:00+00:00,3,12,True,5,2,7,1,12.0,11.0,12.0,13.0,10.571428571428571,10.571428571428571,11.266666666666667,8.0
2025-02-16 00:00:00+00:00,3,8,True,6,2,7,1,12.0,9.0,8.0,13.0,10.714285714285714,10.571428571428571,11.233333333333333,9.0
2025-02-17 00:00:00+00:00,3,9,True,0,2,8,0,8.0,8.0,8.0,12.0,10.571428571428571,10.571428571428571,11.066666666666666,12.0
2025-02-18 00:00:00+00:00,3,12,True,1,2,8,0,9.0,11.0,11.0,10.0,10.714285714285714,10.642857142857142,10.966666666666667,12.0
2025-02-19 00:00:00+00:00,3,12,True,2,2,8,0,12.0,11.0,12.0,9.0,10.857142857142858,10.714285714285714,11.033333333333333,11.0
2025-02-20 00:00:00+00:00,3,11,True,3,2,8,0,12.0,12.0,12.0,13.0,11.0,10.714285714285714,11.133333333333333,11.0
2025-02-21 00:00:00+00:00,3,11,True,4,2,8,0,11.0,12.0,11.0,12.0,10.857142857142858,10.642857142857142,11.066666666666666,13.0
2025-02-22 00:00:00+00:00,3,13,True,5,2,8,1,11.0,12.0,11.0,13.0,10.714285714285714,10.642857142857142,11.033333333333333,9.0
2025-02-23 00:00:00+00:00,3,9,True,6,2,8,1,13.0,8.0,9.0,13.0,10.857142857142858,10.785714285714286,11.033333333333333,8.0
2025-02-24 00:00:00+00:00,3,8,True,0,2,9,0,9.0,9.0,8.0,12.0,11.0,10.785714285714286,10.9,11.0
2025-02-25 00:00:00+00:00,3,11,True,1,2,9,0,8.0,12.0,11.0,8.0,10.857142857142858,10.785714285714286,10.766666666666667,13.0
2025-02-26 00:00:00+00:00,3,13,True,2,2,9,0,11.0,12.0,11.0,9.0,10.714285714285714,10.785714285714286,10.866666666666667,13.0
2025-02-27 00:00:00+00:00,3,13,True,3,2,9,0,13.0,11.0,12.0,13.0,10.857142857142858,10.928571428571429,11.0,16.0
2025-02-28 00:00:00+00:00,3,16,True,4,2,9,0,13.0,11.0,12.0,12.0,11.142857142857142,11.0,11.0,12.0
2025-03-01 00:00:00+00:00,3,12,True,5,3,9,1,16.0,13.0,12.0,15.0,11.857142857142858,11.285714285714286,11.133333333333333,10.0
2025-03-02 00:00:00+00:00,3,10,True,6,3,9,1,12.0,9.0,8.0,13.0,11.714285714285714,11.285714285714286,11.033333333333333,9.0
2025-03-03 00:00:00+00:00,3,9,True,0,3,10,0,10.0,8.0,9.0,12.0,11.857142857142858,11.428571428571429,10.933333333333334,13.0
2025-03-04 00:00:00+00:00,3,13,True,1,3,10,0,9.0,11.0,12.0,8.0,12.0,11.428571428571429,10.833333333333334,13.0
2025-03-05 00:00:00+00:00,3,13,True,2,3,10,0,13.0,13.0,12.0,8.0,12.285714285714286,11.5,11.0,14.0
2025-03-06 00:00:00+00:00,3,14,True,3,3,10,0,13.0,13.0,11.0,11.0,12.285714285714286,11.571428571428571,11.166666666666666,14.0
2025-03-07 00:00:00+00:00,3,14,True,4,3,10,0,14.0,16.0,11.0,12.0,12.428571428571429,11.785714285714286,11.266666666666667,14.0
2025-03-08 00:00:00+00:00,3,14,True,5,3,10,1,14.0,12.0,13.0,12.0,12.142857142857142,12.0,11.333333333333334,9.0
2025-03-09 00:00:00+00:00,3,9,True,6,3,10,1,14.0,10.0,9.0,11.0,12.428571428571429,12.071428571428571,11.4,9.0
2025-03-10 00:00:00+00:00,3,9,True,0,3,11,0,9.0,9.0,8.0,11.0,12.285714285714286,12.071428571428571,11.333333333333334,15.0
2025-03-11 00:00:00+00:00,3,15,True,1,3,11,0,9.0,13.0,11.0,9.0,12.285714285714286,12.142857142857142,11.266666666666667,14.0
2025-03-12 00:00:00+00:00,3,14,True,2,3,11,0,15.0,13.0,13.0,8.0,12.571428571428571,12.428571428571429,11.466666666666667,14.0
2025-03-13 00:00:00+00:00,3,14,True,3,3,11,0,14.0,14.0,13.0,11.0,12.714285714285714,12.5,11.666666666666666,13.0
2025-03-14 00:00:00+00:00,3,13,True,4,3,11,0,14.0,14.0,16.0,11.0,12.714285714285714,12.571428571428571,11.766666666666667,15.0
2025-03-15 00:00:00+00:00,3,15,True,5,3,11,1,13.0,14.0,12.0,12.0,12.571428571428571,12.357142857142858,11.833333333333334,10.0
2025-03-16 00:00:00+00:00,3,10,True,6,3,11,1,15.0,9.0,10.0,12.0,12.714285714285714,12.571428571428571,11.933333333333334,10.0
2025-03-17 00:00:00+00:00,3,10,True,0,3,12,0,10.0,9.0,9.0,12.0,12.857142857142858,12.571428571428571,11.866666666666667,14.0
2025-03-18 00:00:00+00:00,3,14,True,1,3,12,0,10.0,15.0,13.0,8.0,13.0,12.642857142857142,11.8,16.0
2025-03-19 00:00:00+00:00,3,16,True,2,3,12,0,14.0,14.0,13.0,9.0,12.857142857142858,12.714285714285714,12.0,16.0
2025-03-20 00:00:00+00:00,3,16,True,3,3,12,0,16.0,14.0,14.0,12.0,13.142857142857142,12.928571428571429,12.233333333333333,15.0
2025-03-21 00:00:00+00:00,3,15,True,4,3,12,0,16.0,13.0,14.0,12.0,13.428571428571429,13.071428571428571,12.366666666666667,15.0
2025-03-22 00:00:00+00:00,3,15,True,5,3,12,1,15.0,15.0,14.0,11.0,13.714285714285714,13.142857142857142,12.466666666666667,12.0
2025-03-23 00:00:00+00:00,3,12,True,6,3,12,1,15.0,10.0,9.0,11.0,13.714285714285714,13.214285714285714,12.6,11.0
2025-03-24 00:00:00+00:00,3,11,True,0,3,13,0,12.0,10.0,9.0,13.0,14.0,13.428571428571429,12.633333333333333,16.0
2025-03-25 00:00:00+00:00,3,16,True,1,3,13,0,11.0,14.0,15.0,9.0,14.142857142857142,13.571428571428571,12.566666666666666,15.0
2025-03-26 00:00:00+00:00,3,15,True,2,3,13,0,16.0,16.0,14.0,8.0,14.428571428571429,13.642857142857142,12.8,15.0
2025-03-27 00:00:00+00:00,3,15,True,3,3,13,0,15.0,16.0,14.0,11.0,14.285714285714286,13.714285714285714,13.033333333333333,17.0
2025-03-28 00:00:00+00:00,3,17,True,4,3,13,0,15.0,15.0,13.0,13.0,14.142857142857142,13.785714285714286,13.166666666666666,20.0
2025-03-29 00:00:00+00:00,3,20,True,5,3,13,1,17.0,15.0,15.0,13.0,14.428571428571429,14.071428571428571,13.3,11.0
2025-03-30 00:00:00+00:00,3,11,True,6,3,13,1,20.0,12.0,10.0,16.0,15.142857142857142,14.428571428571429,13.533333333333333,10.0
2025-03-31 00:00:00+00:00,3,10,True,0,3,14,0,11.0,11.0,10.0,12.0,15.0,14.5,13.366666666666667,17.0
2025-04-01 00:00:00+00:00,3,17,True,1,4,14,0,10.0,16.0,14.0,10.0,14.857142857142858,14.5,13.3,17.0
2025-04-02 00:00:00+00:00,3,17,True,2,4,14,0,17.0,15.0,16.0,9.0,15.0,14.714285714285714,13.533333333333333,16.0
2025-04-03 00:00:00+00:00,3,16,True,3,4,14,0,17.0,15.0,16.0,13.0,15.285714285714286,14.785714285714286,13.8,15.0
2025-04-04 00:00:00+00:00,3,15,True,4,4,14,0,16.0,17.0,15.0,13.0,15.428571428571429,14.785714285714286,13.9,18.0
2025-04-05 00:00:00+00:00,3,18,True,5,4,14,1,15.0,20.0,15.0,14.0,15.142857142857142,14.785714285714286,13.966666666666667,12.0
2025-04-06 00:00:00+00:00,3,12,True,6,4,14,1,18.0,11.0,12.0,14.0,14.857142857142858,15.0,14.1,11.0
2025-04-07 00:00:00+00:00,3,11,True,0,4,15,0,12.0,10.0,11.0,14.0,15.0,15.0,14.033333333333333,16.0
2025-04-08 00:00:00+00:00,3,16,True,1,4,15,0,11.0,17.0,16.0,9.0,15.142857142857142,15.0,13.933333333333334,18.0
2025-04-09 00:00:00+00:00,3,18,True,2,4,15,0,16.0,17.0,15.0,9.0,15.0,15.0,14.166666666666666,17.0
2025-04-10 00:00:00+00:00,3,17,True,3,4,15,0,18.0,16.0,15.0,15.0,15.142857142857142,15.214285714285714,14.466666666666667,17.0
2025-04-11 00:00:00+00:00,3,17,True,4,4,15,0,17.0,15.0,17.0,14.0,15.285714285714286,15.357142857142858,14.533333333333333,16.0
2025-04-12 00:00:00+00:00,3,16,True,5,4,15,1,17.0,18.0,20.0,14.0,15.571428571428571,15.357142857142858,14.633333333333333,11.0
2025-04-13 00:00:00+00:00,3,11,True,6,4,15,1,16.0,12.0,11.0,13.0,15.285714285714286,15.071428571428571,14.7,12.0
2025-04-14 00:00:00+00:00,3,12,True,0,4,16,0,11.0,11.0,10.0,15.0,15.142857142857142,15.071428571428571,14.633333333333333,17.0
2025-04-15 00:00:00+00:00,3,17,True,1,4,16,0,12.0,16.0,17.0,10.0,15.285714285714286,15.214285714285714,14.533333333333333,16.0
2025-04-16 00:00:00+00:00,3,16,True,2,4,16,0,17.0,18.0,17.0,10.0,15.428571428571429,15.214285714285714,14.766666666666667,15.0
2025-04-17 00:00:00+00:00,3,15,True,3,4,16,0,16.0,17.0,16.0,14.0,15.142857142857142,15.142857142857142,14.966666666666667,17.0
2025-04-18 00:00:00+00:00,3,17,True,4,4,16,0,15.0,17.0,15.0,16.0,14.857142857142858,15.071428571428571,15.0,17.0
2025-04-19 00:00:00+00:00,3,17,True,5,4,16,1,17.0,16.0,18.0,16.0,14.857142857142858,15.214285714285714,15.033333333333333,11.0
2025-04-20 00:00:00+00:00,3,11,True,6,4,16,1,17.0,11.0,12.0,15.0,15.0,15.142857142857142,15.066666666666666,11.0
2025-04-21 00:00:00+00:00,3,11,True,0,4,17,0,11.0,12.0,11.0,15.0,15.0,15.071428571428571,14.933333333333334,17.0
2025-04-22 00:00:00+00:00,3,17,True,1,4,17,0,11.0,17.0,16.0,12.0,14.857142857142858,15.071428571428571,14.8,17.0
2025-04-23 00:00:00+00:00,3,17,True,2,4,17,0,17.0,16.0,18.0,11.0,14.857142857142858,15.142857142857142,14.966666666666667,16.0
2025-04-24 00:00:00+00:00,3,16,True,3,4,17,0,17.0,15.0,17.0,16.0,15.0,15.071428571428571,15.166666666666666,15.0
2025-04-25 00:00:00+00:00,3,15,True,4,4,17,0,16.0,17.0,17.0,15.0,15.142857142857142,15.0,15.166666666666666,17.0
2025-04-26 00:00:00+00:00,3,17,True,5,4,17,1,15.0,17.0,16.0,15.0,14.857142857142858,14.857142857142858,15.166666666666666,15.0
2025-04-27 00:00:00+00:00,3,15,True,6,4,17,1,17.0,11.0,11.0,17.0,14.857142857142858,14.928571428571429,15.233333333333333,11.0
2025-04-28 00:00:00+00:00,3,11,True,0,4,18,0,15.0,11.0,12.0,20.0,15.428571428571429,15.214285714285714,15.166666666666666,15.0
2025-04-29 00:00:00+00:00,3,15,True,1,4,18,0,11.0,17.0,17.0,11.0,15.428571428571429,15.142857142857142,14.866666666666667,14.0
2025-04-30 00:00:00+00:00,3,14,True,2,4,18,0,15.0,17.0,16.0,10.0,15.142857142857142,15.0,15.0,16.0
2025-05-01 00:00:00+00:00,3,16,True,3,5,18,0,14.0,16.0,15.0,17.0,14.714285714285714,14.857142857142858,15.133333333333333,15.0
2025-05-02 00:00:00+00:00,3,15,True,4,5,18,0,16.0,15.0,17.0,17.0,14.714285714285714,14.928571428571429,15.1,15.0
2025-05-03 00:00:00+00:00,3,15,True,5,5,18,1,15.0,17.0,17.0,16.0,14.714285714285714,14.785714285714286,15.033333333333333,10.0
2025-05-04 00:00:00+00:00,3,10,True,6,5,18,1,15.0,15.0,11.0,15.0,14.428571428571429,14.642857142857142,15.0,11.0
2025-05-05 00:00:00+00:00,3,11,True,0,5,19,0,10.0,11.0,11.0,18.0,13.714285714285714,14.571428571428571,14.833333333333334,15.0
2025-05-06 00:00:00+00:00,3,15,True,1,5,19,0,11.0,15.0,17.0,12.0,13.714285714285714,14.571428571428571,14.6,14.0
2025-05-07 00:00:00+00:00,3,14,True,2,5,19,0,15.0,14.0,17.0,11.0,13.714285714285714,14.428571428571429,14.7,14.0
2025-05-08 00:00:00+00:00,3,14,True,3,5,19,0,14.0,16.0,16.0,16.0,13.714285714285714,14.214285714285714,14.8,15.0
2025-05-09 00:00:00+00:00,3,15,True,4,5,19,0,14.0,15.0,15.0,18.0,13.428571428571429,14.071428571428571,14.733333333333333,15.0
2025-05-10 00:00:00+00:00,3,15,True,5,5,19,1,15.0,15.0,17.0,17.0,13.428571428571429,14.071428571428571,14.633333333333333,10.0
2025-05-11 00:00:00+00:00,3,10,True,6,5,19,1,15.0,10.0,15.0,17.0,13.428571428571429,13.928571428571429,14.566666666666666,9.0
2025-05-12 00:00:00+00:00,3,9,True,0,5,20,0,10.0,11.0,11.0,16.0,13.428571428571429,13.571428571428571,14.333333333333334,15.0
2025-05-13 00:00:00+00:00,3,15,True,1,5,20,0,9.0,15.0,15.0,11.0,13.142857142857142,13.428571428571429,14.1,14.0
2025-05-14 00:00:00+00:00,3,14,True,2,5,20,0,15.0,14.0,14.0,12.0,13.142857142857142,13.428571428571429,14.233333333333333,14.0
2025-05-15 00:00:00+00:00,3,14,True,3,5,20,0,14.0,14.0,16.0,17.0,13.142857142857142,13.428571428571429,14.3,13.0
2025-05-16 00:00:00+00:00,3,13,True,4,5,20,0,14.0,15.0,15.0,16.0,13.142857142857142,13.285714285714286,14.2,12.0
2025-05-17 00:00:00+00:00,3,12,True,5,5,20,1,13.0,15.0,15.0,15.0,12.857142857142858,13.142857142857142,14.1,10.0
2025-05-18 00:00:00+00:00,3,10,True,6,5,20,1,12.0,10.0,10.0,17.0,12.428571428571429,12.928571428571429,14.0,9.0
2025-05-19 00:00:00+00:00,3,9,True,0,5,21,0,10.0,9.0,11.0,17.0,12.428571428571429,12.928571428571429,13.766666666666667,13.0
2025-05-20 00:00:00+00:00,3,13,True,1,5,21,0,9.0,15.0,15.0,11.0,12.428571428571429,12.785714285714286,13.5,12.0
2025-05-21 00:00:00+00:00,3,12,True,2,5,21,0,13.0,14.0,14.0,11.0,12.142857142857142,12.642857142857142,13.566666666666666,14.0
2025-05-22 00:00:00+00:00,3,14,True,3,5,21,0,12.0,14.0,14.0,17.0,11.857142857142858,12.5,13.6,13.0
2025-05-23 00:00:00+00:00,3,13,True,4,5,21,0,14.0,13.0,15.0,17.0,11.857142857142858,12.5,13.5,13.0
2025-05-24 00:00:00+00:00,3,13,True,5,5,21,1,13.0,12.0,15.0,16.0,11.857142857142858,12.357142857142858,13.366666666666667,8.0
2025-05-25 00:00:00+00:00,3,8,True,6,5,21,1,13.0,10.0,10.0,15.0,12.0,12.214285714285714,13.266666666666667,13.0
2025-05-26 00:00:00+00:00,3,13,True,0,5,22,0,8.0,9.0,9.0,17.0,11.714285714285714,12.071428571428571,13.033333333333333,13.0
2025-05-27 00:00:00+00:00,3,13,True,1,5,22,0,13.0,13.0,15.0,15.0,12.285714285714286,12.357142857142858,12.9,12.0
2025-05-28 00:00:00+00:00,3,12,True,2,5,22,0,13.0,12.0,14.0,11.0,12.285714285714286,12.214285714285714,12.833333333333334,12.0
2025-05-29 00:00:00+00:00,3,12,True,3,5,22,0,12.0,14.0,14.0,15.0,12.285714285714286,12.071428571428571,12.866666666666667,14.0
2025-05-30 00:00:00+00:00,3,14,True,4,5,22,0,12.0,13.0,13.0,14.0,12.0,11.928571428571429,12.766666666666667,13.0
2025-05-31 00:00:00+00:00,3,13,True,5,5,22,1,14.0,13.0,12.0,16.0,12.142857142857142,12.0,12.766666666666667,9.0
2025-06-01 00:00:00+00:00,3,9,True,6,6,22,1,13.0,8.0,10.0,15.0,12.142857142857142,12.071428571428571,12.666666666666666,8.0
2025-06-02 00:00:00+00:00,3,8,True,0,6,23,0,9.0,13.0,9.0,15.0,12.285714285714286,12.0,12.466666666666667,11.0
2025-06-03 00:00:00+00:00,3,11,True,1,6,23,0,8.0,13.0,13.0,10.0,11.571428571428571,11.928571428571429,12.233333333333333,13.0
2025-06-04 00:00:00+00:00,3,13,True,2,6,23,0,11.0,12.0,12.0,11.0,11.285714285714286,11.785714285714286,12.266666666666667,13.0
2025-06-05 00:00:00+00:00,3,13,True,3,6,23,0,13.0,12.0,14.0,15.0,11.428571428571429,11.857142857142858,12.333333333333334,12.0
2025-06-06 00:00:00+00:00,3,12,True,4,6,23,0,13.0,14.0,13.0,14.0,11.571428571428571,11.785714285714286,12.266666666666667,12.0
2025-06-07 00:00:00+00:00,3,12,True,5,6,23,1,12.0,13.0,13.0,14.0,11.285714285714286,11.714285714285714,12.2,9.0
2025-06-08 00:00:00+00:00,3,9,True,6,6,23,1,12.0,9.0,8.0,15.0,11.142857142857142,11.642857142857142,12.133333333333333,9.0
2025-06-09 00:00:00+00:00,3,9,True,0,6,24,0,9.0,8.0,13.0,15.0,11.142857142857142,11.714285714285714,11.933333333333334,12.0
2025-06-10 00:00:00+00:00,3,12,True,1,6,24,0,9.0,11.0,13.0,10.0,11.285714285714286,11.428571428571429,11.733333333333333,12.0
2025-06-11 00:00:00+00:00,3,12,True,2,6,24,0,12.0,13.0,12.0,9.0,11.428571428571429,11.357142857142858,11.8,14.0
2025-06-12 00:00:00+00:00,3,14,True,3,6,24,0,12.0,13.0,12.0,15.0,11.285714285714286,11.357142857142858,11.9,13.0
2025-06-13 00:00:00+00:00,3,13,True,4,6,24,0,14.0,12.0,14.0,14.0,11.428571428571429,11.5,11.866666666666667,13.0
2025-06-14 00:00:00+00:00,3,13,True,5,6,24,1,13.0,12.0,13.0,14.0,11.571428571428571,11.428571428571429,11.833333333333334,8.0
2025-06-15 00:00:00+00:00,3,8,True,6,6,24,1,13.0,9.0,9.0,13.0,11.714285714285714,11.428571428571429,11.8,10.0
2025-06-16 00:00:00+00:00,3,10,True,0,6,25,0,8.0,9.0,8.0,12.0,11.571428571428571,11.357142857142858,11.633333333333333,14.0
2025-06-17 00:00:00+00:00,3,14,True,1,6,25,0,10.0,12.0,11.0,10.0,11.714285714285714,11.5,11.566666666666666,13.0
2025-06-18 00:00:00+00:00,3,13,True,2,6,25,0,14.0,12.0,13.0,9.0,12.0,11.714285714285714,11.7,13.0
2025-06-19 00:00:00+00:00,3,13,True,3,6,25,0,13.0,14.0,13.0,13.0,12.142857142857142,11.714285714285714,11.833333333333334,12.0
2025-06-20 00:00:00+00:00,3,12,True,4,6,25,0,13.0,13.0,12.0,12.0,12.0,11.714285714285714,11.833333333333334,14.0
2025-06-21 00:00:00+00:00,3,14,True,5,6,25,1,12.0,13.0,12.0,14.0,11.857142857142858,11.714285714285714,11.833333333333334,10.0
2025-06-22 00:00:00+00:00,3,10,True,6,6,25,1,14.0,8.0,9.0,13.0,12.0,11.857142857142858,11.833333333333334,9.0
2025-06-23 00:00:00+00:00,3,9,True,0,6,26,0,10.0,10.0,9.0,13.0,12.285714285714286,11.928571428571429,11.733333333333333,17.0
2025-06-24 00:00:00+00:00,3,17,True,1,6,26,0,9.0,14.0,12.0,8.0,12.142857142857142,11.928571428571429,11.6,15.0
2025-06-25 00:00:00+00:00,3,15,True,2,6,26,0,17.0,13.0,12.0,13.0,12.571428571428571,12.285714285714286,11.9,14.0
2025-06-26 00:00:00+00:00,3,14,True,3,6,26,0,15.0,13.0,14.0,13.0,12.857142857142858,12.5,11.966666666666667,14.0
2025-06-27 00:00:00+00:00,3,14,True,4,6,26,0,14.0,12.0,13.0,12.0,13.0,12.5,12.0,13.0
2025-06-28 00:00:00+00:00,3,13,True,5,6,26,1,14.0,14.0,13.0,12.0,13.285714285714286,12.571428571428571,12.066666666666666,11.0
2025-06-29 00:00:00+00:00,3,11,True,6,6,26,1,13.0,10.0,8.0,14.0,13.142857142857142,12.571428571428571,12.1,10.0
2025-06-30 00:00:00+00:00,3,10,True,0,6,27,0,11.0,9.0,10.0,13.0,13.285714285714286,12.785714285714286,12.0,15.0
2025-07-01 00:00:00+00:00,3,15,True,1,7,27,0,10.0,17.0,14.0,9.0,13.428571428571429,12.785714285714286,11.9,14.0
2025-07-02 00:00:00+00:00,3,14,True,2,7,27,0,15.0,15.0,13.0,8.0,13.142857142857142,12.857142857142858,12.1,16.0
2025-07-03 00:00:00+00:00,3,16,True,3,7,27,0,14.0,14.0,13.0,11.0,13.0,12.928571428571429,12.3,16.0
2025-07-04 00:00:00+00:00,3,16,True,4,7,27,0,16.0,14.0,12.0,13.0,13.285714285714286,13.142857142857142,12.466666666666667,15.0
2025-07-05 00:00:00+00:00,3,15,True,5,7,27,1,16.0,13.0,14.0,13.0,13.571428571428571,13.428571428571429,12.566666666666666,10.0
2025-07-06 00:00:00+00:00,3,10,True,6,7,27,1,15.0,11.0,10.0,12.0,13.857142857142858,13.5,12.633333333333333,10.0
2025-07-07 00:00:00+00:00,3,10,True,0,7,28,0,10.0,10.0,9.0,12.0,13.714285714285714,13.5,12.566666666666666,17.0
2025-07-08 00:00:00+00:00,3,17,True,1,7,28,0,10.0,15.0,17.0,9.0,13.714285714285714,13.571428571428571,12.5,16.0
2025-07-09 00:00:00+00:00,3,16,True,2,7,28,0,17.0,14.0,15.0,9.0,14.0,13.571428571428571,12.766666666666667,15.0
2025-07-10 00:00:00+00:00,3,15,True,3,7,28,0,16.0,16.0,14.0,12.0,14.285714285714286,13.642857142857142,13.0,15.0
2025-07-11 00:00:00+00:00,3,15,True,4,7,28,0,15.0,16.0,14.0,12.0,14.142857142857142,13.714285714285714,13.1,17.0
2025-07-12 00:00:00+00:00,3,17,True,5,7,28,1,15.0,15.0,13.0,14.0,14.0,13.785714285714286,13.2,12.0
2025-07-13 00:00:00+00:00,3,12,True,6,7,28,1,17.0,10.0,11.0,13.0,14.285714285714286,14.071428571428571,13.3,11.0
2025-07-14 00:00:00+00:00,3,11,True,0,7,29,0,12.0,10.0,10.0,13.0,14.571428571428571,14.142857142857142,13.266666666666667,16.0
2025-07-15 00:00:00+00:00,3,16,True,1,7,29,0,11.0,17.0,15.0,8.0,14.714285714285714,14.214285714285714,13.2,18.0
2025-07-16 00:00:00+00:00,3,18,True,2,7,29,0,16.0,16.0,14.0,10.0,14.571428571428571,14.285714285714286,13.466666666666667,17.0
2025-07-17 00:00:00+00:00,3,17,True,3,7,29,0,18.0,15.0,16.0,14.0,14.857142857142858,14.571428571428571,13.733333333333333,17.0
2025-07-18 00:00:00+00:00,3,17,True,4,7,29,0,17.0,15.0,16.0,13.0,15.142857142857142,14.642857142857142,13.833333333333334,16.0
2025-07-19 00:00:00+00:00,3,16,True,5,7,29,1,17.0,17.0,15.0,13.0,15.428571428571429,14.714285714285714,13.966666666666667,13.0
2025-07-20 00:00:00+00:00,3,13,True,6,7,29,1,16.0,12.0,10.0,12.0,15.285714285714286,14.785714285714286,14.066666666666666,12.0
2025-07-21 00:00:00+00:00,3,12,True,0,7,30,0,13.0,11.0,10.0,14.0,15.428571428571429,15.0,14.1,17.0
2025-07-22 00:00:00+00:00,3,17,True,1,7,30,0,12.0,16.0,17.0,10.0,15.571428571428571,15.142857142857142,14.033333333333333,21.0
2025-07-23 00:00:00+00:00,3,21,True,2,7,30,0,17.0,18.0,16.0,9.0,15.714285714285714,15.142857142857142,14.266666666666667,16.0
2025-07-24 00:00:00+00:00,3,16,True,3,7,30,0,21.0,17.0,15.0,17.0,16.142857142857142,15.5,14.666666666666666,18.0
2025-07-25 00:00:00+00:00,3,18,True,4,7,30,0,16.0,17.0,15.0,15.0,16.0,15.571428571428571,14.633333333333333,18.0
2025-07-26 00:00:00+00:00,3,18,True,5,7,30,1,18.0,16.0,17.0,14.0,16.142857142857142,15.785714285714286,14.733333333333333,12.0
2025-07-27 00:00:00+00:00,3,12,True,6,7,30,1,18.0,13.0,12.0,14.0,16.428571428571427,15.857142857142858,14.866666666666667,11.0
2025-07-28 00:00:00+00:00,3,11,True,0,7,31,0,12.0,12.0,11.0,13.0,16.285714285714285,15.857142857142858,14.8,19.0
2025-07-29 00:00:00+00:00,3,19,True,1,7,31,0,11.0,17.0,16.0,11.0,16.142857142857142,15.857142857142858,14.733333333333333,18.0
2025-07-30 00:00:00+00:00,3,18,True,2,7,31,0,19.0,21.0,18.0,10.0,16.428571428571427,16.071428571428573,15.0,17.0
2025-07-31 00:00:00+00:00,3,17,True,3,7,31,0,18.0,16.0,17.0,15.0,16.0,16.071428571428573,15.266666666666667,17.0
2025-08-01 00:00:00+00:00,3,17,True,4,8,31,0,17.0,18.0,17.0,14.0,16.142857142857142,16.071428571428573,15.333333333333334,19.0
2025-08-02 00:00:00+00:00,3,19,True,5,8,31,1,17.0,18.0,16.0,16.0,16.0,16.071428571428573,15.433333333333334,13.0
2025-08-03 00:00:00+00:00,3,13,True,6,8,31,1,19.0,12.0,13.0,16.0,16.142857142857142,16.285714285714285,15.533333333333333,12.0
2025-08-04 00:00:00+00:00,3,12,True,0,8,32,0,13.0,11.0,12.0,15.0,16.285714285714285,16.285714285714285,15.433333333333334,17.0
2025-08-05 00:00:00+00:00,3,17,True,1,8,32,0,12.0,19.0,17.0,10.0,16.428571428571427,16.285714285714285,15.333333333333334,19.0
2025-08-06 00:00:00+00:00,3,19,True,2,8,32,0,17.0,18.0,21.0,10.0,16.142857142857142,16.285714285714285,15.566666666666666,18.0
2025-08-07 00:00:00+00:00,3,18,True,3,8,32,0,19.0,17.0,16.0,17.0,16.285714285714285,16.142857142857142,15.866666666666667,18.0
2025-08-08 00:00:00+00:00,3,18,True,4,8,32,0,18.0,17.0,18.0,16.0,16.428571428571427,16.285714285714285,15.9,17.0
2025-08-09 00:00:00+00:00,3,17,True,5,8,32,1,18.0,19.0,18.0,15.0,16.571428571428573,16.285714285714285,15.966666666666667,11.0
2025-08-10 00:00:00+00:00,3,11,True,6,8,32,1,17.0,13.0,12.0,15.0,16.285714285714285,16.214285714285715,16.033333333333335,13.0
2025-08-11 00:00:00+00:00,3,13,True,0,8,33,0,11.0,12.0,11.0,17.0,16.0,16.142857142857142,15.9,17.0
2025-08-12 00:00:00+00:00,3,17,True,1,8,33,0,13.0,17.0,19.0,12.0,16.142857142857142,16.285714285714285,15.766666666666667,17.0
2025-08-13 00:00:00+00:00,3,17,True,2,8,33,0,17.0,19.0,18.0,11.0,16.142857142857142,16.142857142857142,15.933333333333334,16.0
2025-08-14 00:00:00+00:00,3,16,True,3,8,33,0,17.0,18.0,17.0,16.0,15.857142857142858,16.071428571428573,16.133333333333333,18.0
2025-08-15 00:00:00+00:00,3,18,True,4,8,33,0,16.0,18.0,17.0,18.0,15.571428571428571,16.0,16.133333333333333,17.0
2025-08-16 00:00:00+00:00,3,17,True,5,8,33,1,18.0,17.0,19.0,17.0,15.571428571428571,16.071428571428573,16.133333333333333,11.0
2025-08-17 00:00:00+00:00,3,11,True,6,8,33,1,17.0,11.0,13.0,17.0,15.571428571428571,15.928571428571429,16.133333333333333,11.0
2025-08-18 00:00:00+00:00,3,11,True,0,8,34,0,11.0,13.0,12.0,16.0,15.571428571428571,15.785714285714286,15.933333333333334,18.0
2025-08-19 00:00:00+00:00,3,18,True,1,8,34,0,11.0,17.0,17.0,13.0,15.285714285714286,15.714285714285714,15.766666666666667,17.0
2025-08-20 00:00:00+00:00,3,17,True,2,8,34,0,18.0,17.0,19.0,12.0,15.428571428571429,15.785714285714286,15.933333333333334,20.0
2025-08-21 00:00:00+00:00,3,20,True,3,8,34,0,17.0,16.0,18.0,17.0,15.428571428571429,15.642857142857142,16.1,15.0
2025-08-22 00:00:00+00:00,3,15,True,4,8,34,0,20.0,18.0,18.0,21.0,16.0,15.785714285714286,16.2,18.0
2025-08-23 00:00:00+00:00,3,18,True,5,8,34,1,15.0,17.0,17.0,16.0,15.571428571428571,15.571428571428571,16.0,12.0
2025-08-24 00:00:00+00:00,3,12,True,6,8,34,1,18.0,11.0,11.0,18.0,15.714285714285714,15.642857142857142,16.066666666666666,11.0
2025-08-25 00:00:00+00:00,3,11,True,0,8,35,0,12.0,11.0,13.0,18.0,15.857142857142858,15.714285714285714,15.866666666666667,15.0
2025-08-26 00:00:00+00:00,3,15,True,1,8,35,0,11.0,18.0,17.0,12.0,15.857142857142858,15.571428571428571,15.633333333333333,14.0
2025-08-27 00:00:00+00:00,3,14,True,2,8,35,0,15.0,17.0,17.0,11.0,15.428571428571429,15.428571428571429,15.733333333333333,16.0
2025-08-28 00:00:00+00:00,3,16,True,3,8,35,0,14.0,20.0,16.0,19.0,15.0,15.214285714285714,15.833333333333334,16.0
2025-08-29 00:00:00+00:00,3,16,True,4,8,35,0,16.0,15.0,18.0,18.0,14.428571428571429,15.214285714285714,15.733333333333333,15.0
2025-08-30 00:00:00+00:00,3,15,True,5,8,35,1,16.0,18.0,17.0,17.0,14.571428571428571,15.071428571428571,15.666666666666666,10.0
2025-08-31 00:00:00+00:00,3,10,True,6,8,35,1,15.0,12.0,11.0,17.0,14.142857142857142,14.928571428571429,15.6,11.0
2025-09-01 00:00:00+00:00,3,11,True,0,9,36,0,10.0,11.0,11.0,19.0,13.857142857142858,14.857142857142858,15.366666666666667,15.0
2025-09-02 00:00:00+00:00,3,15,True,1,9,36,0,11.0,15.0,18.0,13.0,13.857142857142858,14.857142857142858,15.1,14.0
2025-09-03 00:00:00+00:00,3,14,True,2,9,36,0,15.0,14.0,17.0,12.0,13.857142857142858,14.642857142857142,15.166666666666666,14.0
2025-09-04 00:00:00+00:00,3,14,True,3,9,36,0,14.0,16.0,20.0,17.0,13.857142857142858,14.428571428571429,15.233333333333333,16.0
2025-09-05 00:00:00+00:00,3,16,True,4,9,36,0,14.0,16.0,15.0,19.0,13.571428571428571,14.0,15.133333333333333,15.0
2025-09-06 00:00:00+00:00,3,15,True,5,9,36,1,16.0,15.0,18.0,18.0,13.571428571428571,14.071428571428571,15.033333333333333,10.0
2025-09-07 00:00:00+00:00,3,10,True,6,9,36,1,15.0,10.0,12.0,18.0,13.571428571428571,13.857142857142858,14.933333333333334,9.0
2025-09-08 00:00:00+00:00,3,9,True,0,9,37,0,10.0,11.0,11.0,17.0,13.571428571428571,13.714285714285714,14.666666666666666,15.0
2025-09-09 00:00:00+00:00,3,15,True,1,9,37,0,9.0,15.0,15.0,11.0,13.285714285714286,13.571428571428571,14.4,15.0
2025-09-10 00:00:00+00:00,3,15,True,2,9,37,0,15.0,14.0,14.0,13.0,13.285714285714286,13.571428571428571,14.533333333333333,14.0
2025-09-11 00:00:00+00:00,3,14,True,3,9,37,0,15.0,14.0,16.0,17.0,13.428571428571429,13.642857142857142,14.6,13.0
2025-09-12 00:00:00+00:00,3,13,True,4,9,37,0,14.0,16.0,16.0,17.0,13.428571428571429,13.5,14.5,13.0
2025-09-13 00:00:00+00:00,3,13,True,5,9,37,1,13.0,15.0,15.0,16.0,13.0,13.285714285714286,14.366666666666667,10.0
2025-09-14 00:00:00+00:00,3,10,True,6,9,37,1,13.0,10.0,10.0,18.0,12.714285714285714,13.142857142857142,14.266666666666667,10.0
2025-09-15 00:00:00+00:00,3,10,True,0,9,38,0,10.0,9.0,11.0,17.0,12.714285714285714,13.142857142857142,14.0,13.0
2025-09-16 00:00:00+00:00,3,13,True,1,9,38,0,10.0,15.0,15.0,11.0,12.857142857142858,13.071428571428571,13.766666666666667,12.0
2025-09-17 00:00:00+00:00,3,12,True,2,9,38,0,13.0,15.0,14.0,11.0,12.571428571428571,12.928571428571429,13.833333333333334,14.0
2025-09-18 00:00:00+00:00,3,14,True,3,9,38,0,12.0,14.0,14.0,18.0,12.142857142857142,12.785714285714286,13.866666666666667,18.0
2025-09-19 00:00:00+00:00,3,18,True,4,9,38,0,14.0,13.0,16.0,17.0,12.142857142857142,12.785714285714286,13.733333333333333,13.0
2025-09-20 00:00:00+00:00,3,13,True,5,9,38,1,18.0,13.0,15.0,20.0,12.857142857142858,12.928571428571429,13.766666666666667,9.0
2025-09-21 00:00:00+00:00,3,9,True,6,9,38,1,13.0,10.0,10.0,15.0,12.857142857142858,12.785714285714286,13.533333333333333,10.0
2025-09-22 00:00:00+00:00,3,10,True,0,9,39,0,9.0,10.0,9.0,18.0,12.714285714285714,12.714285714285714,13.333333333333334,14.0
2025-09-23 00:00:00+00:00,3,14,True,1,9,39,0,10.0,13.0,15.0,12.0,12.714285714285714,12.785714285714286,13.066666666666666,13.0
2025-09-24 00:00:00+00:00,3,13,True,2,9,39,0,14.0,12.0,15.0,11.0,12.857142857142858,12.714285714285714,13.133333333333333,13.0
2025-09-25 00:00:00+00:00,3,13,True,3,9,39,0,13.0,14.0,14.0,15.0,13.0,12.571428571428571,13.2,14.0
2025-09-26 00:00:00+00:00,3,14,True,4,9,39,0,13.0,18.0,13.0,14.0,12.857142857142858,12.5,13.133333333333333,14.0
2025-09-27 00:00:00+00:00,3,14,True,5,9,39,1,14.0,13.0,13.0,16.0,12.285714285714286,12.571428571428571,13.133333333333333,9.0
2025-09-28 00:00:00+00:00,3,9,True,6,9,39,1,14.0,9.0,10.0,16.0,12.428571428571429,12.642857142857142,13.066666666666666,9.0
2025-09-29 00:00:00+00:00,3,9,True,0,9,40,0,9.0,10.0,10.0,15.0,12.428571428571429,12.571428571428571,12.833333333333334,12.0
2025-09-30 00:00:00+00:00,3,12,True,1,9,40,0,9.0,14.0,13.0,10.0,12.285714285714286,12.5,12.633333333333333,14.0
2025-10-01 00:00:00+00:00,3,14,True,2,10,40,0,12.0,13.0,12.0,11.0,12.0,12.428571428571429,12.7,14.0
2025-10-02 00:00:00+00:00,3,14,True,3,10,40,0,14.0,13.0,14.0,15.0,12.142857142857142,12.571428571428571,12.8,13.0
2025-10-03 00:00:00+00:00,3,13,True,4,10,40,0,14.0,14.0,18.0,14.0,12.285714285714286,12.571428571428571,12.766666666666667,13.0
2025-10-04 00:00:00+00:00,3,13,True,5,10,40,1,13.0,14.0,13.0,14.0,12.142857142857142,12.214285714285714,12.733333333333333,10.0
2025-10-05 00:00:00+00:00,3,10,True,6,10,40,1,13.0,9.0,9.0,16.0,12.0,12.214285714285714,12.7,10.0
2025-10-06 00:00:00+00:00,3,10,True,0,10,41,0,10.0,9.0,10.0,15.0,12.142857142857142,12.285714285714286,12.5,13.0
2025-10-07 00:00:00+00:00,3,13,True,1,10,41,0,10.0,12.0,14.0,10.0,12.285714285714286,12.285714285714286,12.333333333333334,13.0
2025-10-08 00:00:00+00:00,3,13,True,2,10,41,0,13.0,14.0,13.0,9.0,12.428571428571429,12.214285714285714,12.433333333333334,15.0
2025-10-09 00:00:00+00:00,3,15,True,3,10,41,0,13.0,14.0,13.0,15.0,12.285714285714286,12.214285714285714,12.566666666666666,14.0
2025-10-10 00:00:00+00:00,3,14,True,4,10,41,0,15.0,13.0,14.0,15.0,12.428571428571429,12.357142857142858,12.566666666666666,14.0
2025-10-11 00:00:00+00:00,3,14,True,5,10,41,1,14.0,13.0,14.0,14.0,12.571428571428571,12.357142857142858,12.533333333333333,9.0
2025-10-12 00:00:00+00:00,3,9,True,6,10,41,1,14.0,10.0,9.0,13.0,12.714285714285714,12.357142857142858,12.533333333333333,11.0
2025-10-13 00:00:00+00:00,3,11,True,0,10,42,0,9.0,10.0,9.0,13.0,12.571428571428571,12.357142857142858,12.4,15.0
2025-10-14 00:00:00+00:00,3,15,True,1,10,42,0,11.0,13.0,12.0,10.0,12.714285714285714,12.5,12.333333333333334,15.0
2025-10-15 00:00:00+00:00,3,15,True,2,10,42,0,15.0,13.0,14.0,10.0,13.0,12.714285714285714,12.5,14.0
2025-10-16 00:00:00+00:00,3,14,True,3,10,42,0,15.0,15.0,14.0,13.0,13.285714285714286,12.785714285714286,12.666666666666666,14.0
2025-10-17 00:00:00+00:00,3,14,True,4,10,42,0,14.0,14.0,13.0,12.0,13.142857142857142,12.785714285714286,12.7,20.0
2025-10-18 00:00:00+00:00,3,20,True,5,10,42,1,14.0,14.0,13.0,14.0,13.142857142857142,12.857142857142858,12.766666666666667,11.0
2025-10-19 00:00:00+00:00,3,11,True,6,10,42,1,20.0,9.0,10.0,18.0,14.0,13.357142857142858,12.966666666666667,10.0
2025-10-20 00:00:00+00:00,3,10,True,0,10,43,0,11.0,11.0,10.0,13.0,14.285714285714286,13.428571428571429,12.733333333333333,14.0
2025-10-21 00:00:00+00:00,3,14,True,1,10,43,0,10.0,15.0,13.0,9.0,14.142857142857142,13.428571428571429,12.633333333333333,17.0
2025-10-22 00:00:00+00:00,3,17,True,2,10,43,0,14.0,15.0,13.0,10.0,14.0,13.5,12.8,16.0
2025-10-23 00:00:00+00:00,3,16,True,3,10,43,0,17.0,14.0,15.0,14.0,14.285714285714286,13.785714285714286,13.033333333333333,16.0
2025-10-24 00:00:00+00:00,3,16,True,4,10,43,0,16.0,14.0,14.0,13.0,14.571428571428571,13.857142857142858,13.1,15.0
2025-10-25 00:00:00+00:00,3,15,True,5,10,43,1,16.0,20.0,14.0,13.0,14.857142857142858,14.0,13.2,12.0
2025-10-26 00:00:00+00:00,3,12,True,6,10,43,1,15.0,11.0,9.0,14.0,14.142857142857142,14.071428571428571,13.266666666666667,12.0
2025-10-27 00:00:00+00:00,3,12,True,0,10,44,0,12.0,10.0,11.0,14.0,14.285714285714286,14.285714285714286,13.2,16.0
2025-10-28 00:00:00+00:00,3,16,True,1,10,44,0,12.0,14.0,15.0,9.0,14.571428571428571,14.357142857142858,13.133333333333333,16.0
2025-10-29 00:00:00+00:00,3,16,True,2,10,44,0,16.0,17.0,15.0,9.0,14.857142857142858,14.428571428571429,13.366666666666667,18.0
2025-10-30 00:00:00+00:00,3,18,True,3,10,44,0,16.0,16.0,14.0,12.0,14.714285714285714,14.5,13.6,18.0
2025-10-31 00:00:00+00:00,3,18,True,4,10,44,0,18.0,16.0,14.0,14.0,15.0,14.785714285714286,13.8,17.0
2025-11-01 00:00:00+00:00,3,17,True,5,11,44,1,18.0,15.0,20.0,14.0,15.285714285714286,15.071428571428571,13.933333333333334,11.0
2025-11-02 00:00:00+00:00,3,11,True,6,11,44,1,17.0,12.0,11.0,13.0,15.571428571428571,14.857142857142858,14.033333333333333,11.0
2025-11-03 00:00:00+00:00,3,11,True,0,11,45,0,11.0,12.0,10.0,13.0,15.428571428571429,14.857142857142858,13.966666666666667,18.0
2025-11-04 00:00:00+00:00,3,18,True,1,11,45,0,11.0,16.0,14.0,10.0,15.285714285714286,14.928571428571429,13.9,18.0
2025-11-05 00:00:00+00:00,3,18,True,2,11,45,0,18.0,16.0,17.0,10.0,15.571428571428571,15.214285714285714,14.166666666666666,17.0
2025-11-06 00:00:00+00:00,3,17,True,3,11,45,0,18.0,18.0,16.0,13.0,15.857142857142858,15.285714285714286,14.433333333333334,17.0
2025-11-07 00:00:00+00:00,3,17,True,4,11,45,0,17.0,18.0,16.0,13.0,15.714285714285714,15.357142857142858,14.566666666666666,19.0
2025-11-08 00:00:00+00:00,3,19,True,5,11,45,1,17.0,17.0,15.0,15.0,15.571428571428571,15.428571428571429,14.7,13.0
2025-11-09 00:00:00+00:00,3,13,True,6,11,45,1,19.0,11.0,12.0,14.0,15.857142857142858,15.714285714285714,14.833333333333334,12.0
2025-11-10 00:00:00+00:00,3,12,True,0,11,46,0,13.0,11.0,12.0,14.0,16.142857142857142,15.785714285714286,14.8,17.0
2025-11-11 00:00:00+00:00,3,17,True,1,11,46,0,12.0,18.0,16.0,9.0,16.285714285714285,15.785714285714286,14.733333333333333,20.0
2025-11-12 00:00:00+00:00,3,20,True,2,11,46,0,17.0,18.0,16.0,11.0,16.142857142857142,15.857142857142858,15.0,19.0
2025-11-13 00:00:00+00:00,3,19,True,3,11,46,0,20.0,17.0,18.0,15.0,16.428571428571427,16.142857142857142,15.3,18.0
2025-11-14 00:00:00+00:00,3,18,True,4,11,46,0,19.0,17.0,18.0,15.0,16.714285714285715,16.214285714285715,15.433333333333334,18.0
2025-11-15 00:00:00+00:00,3,18,True,5,11,46,1,18.0,19.0,17.0,14.0,16.857142857142858,16.214285714285715,15.533333333333333,18.0
2025-11-16 00:00:00+00:00,3,18,True,6,11,46,1,18.0,13.0,11.0,14.0,16.714285714285715,16.285714285714285,15.666666666666666,13.0
2025-11-17 00:00:00+00:00,3,13,True,0,11,47,0,18.0,12.0,11.0,20.0,17.428571428571427,16.785714285714285,15.8,19.0
2025-11-18 00:00:00+00:00,3,19,True,1,11,47,0,13.0,17.0,18.0,11.0,17.571428571428573,16.928571428571427,15.566666666666666,18.0
2025-11-19 00:00:00+00:00,3,18,True,2,11,47,0,19.0,20.0,18.0,10.0,17.857142857142858,17.0,15.833333333333334,17.0
2025-11-20 00:00:00+00:00,3,17,True,3,11,47,0,18.0,19.0,17.0,14.0,17.571428571428573,17.0,16.1,20.0
2025-11-21 00:00:00+00:00,3,20,True,4,11,47,0,17.0,18.0,17.0,17.0,17.285714285714285,17.0,16.2,19.0
2025-11-22 00:00:00+00:00,3,19,True,5,11,47,1,20.0,18.0,19.0,16.0,17.571428571428573,17.214285714285715,16.3,13.0
2025-11-23 00:00:00+00:00,3,13,True,6,11,47,1,19.0,18.0,13.0,16.0,17.714285714285715,17.214285714285715,16.4,12.0
2025-11-24 00:00:00+00:00,3,12,True,0,11,48,0,13.0,13.0,12.0,15.0,17.0,17.214285714285715,16.3,20.0
2025-11-25 00:00:00+00:00,3,20,True,1,11,48,0,12.0,19.0,17.0,12.0,16.857142857142858,17.214285714285715,16.2,19.0
2025-11-26 00:00:00+00:00,3,19,True,2,11,48,0,20.0,18.0,20.0,12.0,17.0,17.428571428571427,16.466666666666665,18.0
2025-11-27 00:00:00+00:00,3,18,True,3,11,48,0,19.0,17.0,19.0,16.0,17.142857142857142,17.357142857142858,16.7,18.0
2025-11-28 00:00:00+00:00,3,18,True,4,11,48,0,18.0,20.0,18.0,16.0,17.285714285714285,17.285714285714285,16.766666666666666,20.0
2025-11-29 00:00:00+00:00,3,20,True,5,11,48,1,18.0,19.0,18.0,18.0,17.0,17.285714285714285,16.833333333333332,13.0
2025-11-30 00:00:00+00:00,3,13,True,6,11,48,1,20.0,13.0,18.0,18.0,17.142857142857142,17.428571428571427,16.9,13.0
2025-12-01 00:00:00+00:00,3,13,True,0,12,49,0,13.0,12.0,13.0,17.0,17.142857142857142,17.071428571428573,16.733333333333334,17.0
2025-12-02 00:00:00+00:00,3,17,True,1,12,49,0,13.0,20.0,19.0,11.0,17.285714285714285,17.071428571428573,16.6,20.0
2025-12-03 00:00:00+00:00,3,20,True,2,12,49,0,17.0,19.0,18.0,11.0,16.857142857142858,16.928571428571427,16.8,19.0
2025-12-04 00:00:00+00:00,3,19,True,3,12,49,0,20.0,18.0,17.0,18.0,17.0,17.071428571428573,17.1,18.0
2025-12-05 00:00:00+00:00,3,18,True,4,12,49,0,19.0,18.0,20.0,18.0,17.142857142857142,17.214285714285715,17.133333333333333,17.0
2025-12-06 00:00:00+00:00,3,17,True,5,12,49,1,18.0,20.0,19.0,17.0,17.142857142857142,17.071428571428573,17.133333333333333,11.0
2025-12-07 00:00:00+00:00,3,11,True,6,12,49,1,17.0,13.0,13.0,17.0,16.714285714285715,16.928571428571427,17.133333333333333,13.0
2025-12-08 00:00:00+00:00,3,13,True,0,12,50,0,11.0,13.0,12.0,19.0,16.428571428571427,16.785714285714285,16.933333333333334,18.0
2025-12-09 00:00:00+00:00,3,18,True,1,12,50,0,13.0,17.0,20.0,13.0,16.428571428571427,16.857142857142858,16.733333333333334,17.0
2025-12-10 00:00:00+00:00,3,17,True,2,12,50,0,18.0,20.0,19.0,12.0,16.571428571428573,16.714285714285715,16.9,16.0
2025-12-11 00:00:00+00:00,3,16,True,3,12,50,0,17.0,19.0,18.0,17.0,16.142857142857142,16.571428571428573,17.066666666666666,18.0
2025-12-12 00:00:00+00:00,3,18,True,4,12,50,0,16.0,18.0,18.0,20.0,15.714285714285714,16.428571428571427,17.033333333333335,18.0
2025-12-13 00:00:00+00:00,3,18,True,5,12,50,1,18.0,17.0,20.0,19.0,15.714285714285714,16.428571428571427,16.966666666666665,12.0
2025-12-14 00:00:00+00:00,3,12,True,6,12,50,1,18.0,11.0,13.0,18.0,15.857142857142858,16.285714285714285,16.933333333333334,15.0
2025-12-15 00:00:00+00:00,3,15,True,0,12,51,0,12.0,13.0,13.0,18.0,16.0,16.214285714285715,16.733333333333334,18.0
2025-12-16 00:00:00+00:00,3,18,True,1,12,51,0,15.0,18.0,17.0,18.0,16.285714285714285,16.357142857142858,16.633333333333333,17.0
2025-12-17 00:00:00+00:00,3,17,True,2,12,51,0,18.0,17.0,20.0,13.0,16.285714285714285,16.428571428571427,16.633333333333333,16.0
2025-12-18 00:00:00+00:00,3,16,True,3,12,51,0,17.0,16.0,19.0,19.0,16.285714285714285,16.214285714285715,16.766666666666666,16.0
2025-12-19 00:00:00+00:00,3,16,True,4,12,51,0,16.0,18.0,18.0,18.0,16.285714285714285,16.0,16.666666666666668,18.0
2025-12-20 00:00:00+00:00,3,18,True,5,12,51,1,16.0,18.0,17.0,17.0,16.0,15.857142857142858,16.6,12.0
2025-12-21 00:00:00+00:00,3,12,True,6,12,51,1,18.0,12.0,11.0,20.0,16.0,15.928571428571429,16.633333333333333,11.0
2025-12-22 00:00:00+00:00,3,11,True,0,12,52,0,12.0,15.0,13.0,19.0,16.0,16.0,16.366666666666667,15.0
2025-12-23 00:00:00+00:00,3,15,True,1,12,52,0,11.0,18.0,18.0,13.0,15.428571428571429,15.857142857142858,16.1,15.0
2025-12-24 00:00:00+00:00,3,15,True,2,12,52,0,15.0,17.0,17.0,12.0,15.0,15.642857142857142,16.166666666666668,16.0
2025-12-25 00:00:00+00:00,3,16,True,3,12,52,0,15.0,16.0,16.0,20.0,14.714285714285714,15.5,16.266666666666666,16.0
2025-12-26 00:00:00+00:00,3,16,True,4,12,52,0,16.0,16.0,18.0,19.0,14.714285714285714,15.5,16.133333333333333,15.0
2025-12-27 00:00:00+00:00,3,15,True,5,12,52,1,16.0,18.0,18.0,18.0,14.714285714285714,15.357142857142858,16.033333333333335,10.0
2025-12-28 00:00:00+00:00,3,10,True,6,12,52,1,15.0,12.0,12.0,18.0,14.285714285714286,15.142857142857142,15.933333333333334,11.0
2025-12-29 00:00:00+00:00,3,11,True,0,12,1,0,10.0,11.0,15.0,20.0,14.0,15.0,15.666666666666666,15.0
2025-12-30 00:00:00+00:00,3,15,True,1,12,1,0,11.0,15.0,18.0,13.0,14.0,14.714285714285714,15.366666666666667,15.0
2025-01-31 00:00:00+00:00,4,17,True,4,1,5,0,15.0,16.0,15.0,11.0,14.0,13.5,14.5,16.0
2025-02-01 00:00:00+00:00,4,16,True,5,2,5,1,17.0,15.0,9.0,19.0,14.142857142857142,13.642857142857142,14.7,11.0
2025-02-02 00:00:00+00:00,4,11,True,6,2,5,1,16.0,10.0,11.0,18.0,14.285714285714286,14.142857142857142,14.6,10.0
2025-02-03 00:00:00+00:00,4,10,True,0,2,6,0,11.0,11.0,11.0,17.0,14.428571428571429,14.142857142857142,14.366666666666667,9.0
2025-02-04 00:00:00+00:00,4,9,True,1,2,6,0,10.0,16.0,15.0,11.0,14.285714285714286,14.071428571428571,14.133333333333333,17.0
2025-02-05 00:00:00+00:00,4,17,True,2,2,6,0,9.0,15.0,14.0,13.0,13.285714285714286,13.642857142857142,14.066666666666666,16.0
2025-02-06 00:00:00+00:00,4,16,True,3,2,6,0,17.0,15.0,16.0,17.0,13.571428571428571,13.857142857142858,14.2,15.0
2025-02-07 00:00:00+00:00,4,15,True,4,2,6,0,16.0,17.0,16.0,17.0,13.714285714285714,13.857142857142858,14.166666666666666,15.0
2025-02-08 00:00:00+00:00,4,15,True,5,2,6,1,15.0,16.0,15.0,16.0,13.428571428571429,13.785714285714286,14.1,12.0
2025-02-09 00:00:00+00:00,4,12,True,6,2,6,1,15.0,11.0,10.0,18.0,13.285714285714286,13.785714285714286,14.066666666666666,12.0
2025-02-10 00:00:00+00:00,4,12,True,0,2,7,0,12.0,10.0,11.0,17.0,13.428571428571429,13.928571428571429,13.866666666666667,16.0
2025-02-11 00:00:00+00:00,4,16,True,1,2,7,0,12.0,9.0,16.0,11.0,13.714285714285714,14.0,13.7,15.0
2025-02-12 00:00:00+00:00,4,15,True,2,2,7,0,16.0,17.0,15.0,11.0,14.714285714285714,14.0,13.866666666666667,18.0
2025-02-13 00:00:00+00:00,4,18,True,3,2,7,0,15.0,16.0,15.0,17.0,14.428571428571429,14.0,14.0,17.0
2025-02-14 00:00:00+00:00,4,17,True,4,2,7,0,18.0,15.0,17.0,17.0,14.714285714285714,14.214285714285714,14.033333333333333,17.0
2025-02-15 00:00:00+00:00,4,17,True,5,2,7,1,17.0,15.0,16.0,16.0,15.0,14.214285714285714,14.033333333333333,11.0
2025-02-16 00:00:00+00:00,4,11,True,6,2,7,1,17.0,12.0,11.0,15.0,15.285714285714286,14.285714285714286,14.066666666666666,13.0
2025-02-17 00:00:00+00:00,4,13,True,0,2,8,0,11.0,12.0,10.0,9.0,15.142857142857142,14.285714285714286,13.933333333333334,18.0
2025-02-18 00:00:00+00:00,4,18,True,1,2,8,0,13.0,16.0,9.0,11.0,15.285714285714286,14.5,14.066666666666666,18.0
2025-02-19 00:00:00+00:00,4,18,True,2,2,8,0,18.0,15.0,17.0,11.0,15.571428571428571,15.142857142857142,14.3,17.0
2025-02-20 00:00:00+00:00,4,17,True,3,2,8,0,18.0,18.0,16.0,15.0,16.0,15.214285714285714,14.533333333333333,11.0
2025-02-21 00:00:00+00:00,4,11,True,4,2,8,0,17.0,17.0,15.0,14.0,15.857142857142858,15.285714285714286,14.6,19.0
2025-02-22 00:00:00+00:00,4,19,True,5,2,8,1,11.0,17.0,15.0,16.0,15.0,15.0,14.5,13.0
2025-02-23 00:00:00+00:00,4,13,True,6,2,8,1,19.0,11.0,12.0,16.0,15.285714285714286,15.285714285714286,14.6,12.0
2025-02-24 00:00:00+00:00,4,12,True,0,2,9,0,13.0,13.0,12.0,15.0,15.571428571428571,15.357142857142858,14.5,17.0
2025-02-25 00:00:00+00:00,4,17,True,1,2,9,0,12.0,18.0,16.0,10.0,15.428571428571429,15.357142857142858,14.4,20.0
2025-02-26 00:00:00+00:00,4,20,True,2,2,9,0,17.0,18.0,15.0,11.0,15.285714285714286,15.428571428571429,14.633333333333333,19.0
2025-02-27 00:00:00+00:00,4,19,True,3,2,9,0,20.0,17.0,18.0,16.0,15.571428571428571,15.785714285714286,14.933333333333334,19.0
2025-02-28 00:00:00+00:00,4,19,True,4,2,9,0,19.0,11.0,17.0,15.0,15.857142857142858,15.857142857142858,15.033333333333333,18.0
2025-03-01 00:00:00+00:00,4,18,True,5,3,9,1,19.0,19.0,17.0,15.0,17.0,16.0,15.166666666666666,14.0
2025-03-02 00:00:00+00:00,4,14,True,6,3,9,1,18.0,13.0,11.0,17.0,16.857142857142858,16.071428571428573,15.266666666666667,14.0
2025-03-03 00:00:00+00:00,4,14,True,0,3,10,0,14.0,12.0,13.0,16.0,17.0,16.285714285714285,15.166666666666666,20.0
2025-03-04 00:00:00+00:00,4,20,True,1,3,10,0,14.0,17.0,18.0,11.0,17.285714285714285,16.357142857142858,15.1,19.0
2025-03-05 00:00:00+00:00,4,19,True,2,3,10,0,20.0,20.0,18.0,10.0,17.714285714285715,16.5,15.4,22.0
2025-03-06 00:00:00+00:00,4,22,True,3,3,10,0,19.0,19.0,17.0,9.0,17.571428571428573,16.571428571428573,15.7,21.0
2025-03-07 00:00:00+00:00,4,21,True,4,3,10,0,22.0,19.0,11.0,17.0,18.0,16.928571428571427,16.133333333333333,20.0
2025-03-08 00:00:00+00:00,4,20,True,5,3,10,1,21.0,18.0,19.0,16.0,18.285714285714285,17.642857142857142,16.266666666666666,14.0
2025-03-09 00:00:00+00:00,4,14,True,6,3,10,1,20.0,14.0,13.0,15.0,18.571428571428573,17.714285714285715,16.4,8.0
2025-03-10 00:00:00+00:00,4,8,True,0,3,11,0,14.0,14.0,12.0,15.0,18.571428571428573,17.785714285714285,16.366666666666667,22.0
2025-03-11 00:00:00+00:00,4,22,True,1,3,11,0,8.0,20.0,17.0,12.0,17.714285714285715,17.5,16.133333333333333,21.0
2025-03-12 00:00:00+00:00,4,21,True,2,3,11,0,22.0,19.0,20.0,12.0,18.0,17.857142857142858,16.466666666666665,20.0
2025-03-13 00:00:00+00:00,4,20,True,3,3,11,0,21.0,22.0,19.0,16.0,18.285714285714285,17.928571428571427,16.766666666666666,20.0
2025-03-14 00:00:00+00:00,4,20,True,4,3,11,0,20.0,21.0,19.0,15.0,18.0,18.0,16.9,23.0
2025-03-15 00:00:00+00:00,4,23,True,5,3,11,1,20.0,20.0,18.0,18.0,17.857142857142858,18.071428571428573,17.066666666666666,15.0
2025-03-16 00:00:00+00:00,4,15,True,6,3,11,1,23.0,14.0,14.0,17.0,18.285714285714285,18.428571428571427,17.233333333333334,15.0
2025-03-17 00:00:00+00:00,4,15,True,0,3,12,0,15.0,8.0,14.0,17.0,18.428571428571427,18.5,17.166666666666668,20.0
2025-03-18 00:00:00+00:00,4,20,True,1,3,12,0,15.0,22.0,20.0,11.0,19.428571428571427,18.571428571428573,17.1,23.0
2025-03-19 00:00:00+00:00,4,23,True,2,3,12,0,20.0,21.0,19.0,13.0,19.142857142857142,18.571428571428573,17.4,22.0
2025-03-20 00:00:00+00:00,4,22,True,3,3,12,0,23.0,20.0,22.0,18.0,19.428571428571427,18.857142857142858,17.733333333333334,22.0
2025-03-21 00:00:00+00:00,4,22,True,4,3,12,0,22.0,20.0,21.0,18.0,19.714285714285715,18.857142857142858,17.866666666666667,21.0
2025-03-22 00:00:00+00:00,4,21,True,5,3,12,1,22.0,23.0,20.0,17.0,20.0,18.928571428571427,18.0,16.0
2025-03-23 00:00:00+00:00,4,16,True,6,3,12,1,21.0,15.0,14.0,11.0,19.714285714285715,19.0,18.133333333333333,16.0
2025-03-24 00:00:00+00:00,4,16,True,0,3,13,0,16.0,15.0,8.0,19.0,19.857142857142858,19.142857142857142,18.3,22.0
2025-03-25 00:00:00+00:00,4,22,True,1,3,13,0,16.0,20.0,22.0,13.0,20.0,19.714285714285715,18.2,21.0
2025-03-26 00:00:00+00:00,4,21,True,2,3,13,0,22.0,23.0,21.0,12.0,20.285714285714285,19.714285714285715,18.5,15.0
2025-03-27 00:00:00+00:00,4,15,True,3,3,13,0,21.0,22.0,20.0,17.0,20.0,19.714285714285715,18.8,23.0
2025-03-28 00:00:00+00:00,4,23,True,4,3,13,0,15.0,22.0,20.0,20.0,19.0,19.357142857142858,18.733333333333334,22.0
2025-03-29 00:00:00+00:00,4,22,True,5,3,13,1,23.0,21.0,23.0,19.0,19.142857142857142,19.571428571428573,18.833333333333332,15.0
2025-03-30 00:00:00+00:00,4,15,True,6,3,13,1,22.0,16.0,15.0,19.0,19.285714285714285,19.5,18.933333333333334,14.0
2025-03-31 00:00:00+00:00,4,14,True,0,3,14,0,15.0,16.0,15.0,18.0,19.142857142857142,19.5,18.8,23.0
2025-04-01 00:00:00+00:00,4,23,True,1,4,14,0,14.0,22.0,20.0,14.0,18.857142857142858,19.428571428571427,18.666666666666668,22.0
2025-04-02 00:00:00+00:00,4,22,True,2,4,14,0,23.0,21.0,23.0,14.0,19.0,19.642857142857142,18.966666666666665,21.0
2025-04-03 00:00:00+00:00,4,21,True,3,4,14,0,22.0,15.0,22.0,20.0,19.142857142857142,19.571428571428573,19.233333333333334,20.0
2025-04-04 00:00:00+00:00,4,20,True,4,4,14,0,21.0,23.0,22.0,19.0,20.0,19.5,19.266666666666666,23.0
2025-04-05 00:00:00+00:00,4,23,True,5,4,14,1,20.0,22.0,21.0,22.0,19.571428571428573,19.357142857142858,19.3,15.0
2025-04-06 00:00:00+00:00,4,15,True,6,4,14,1,23.0,15.0,16.0,21.0,19.714285714285715,19.5,19.333333333333332,15.0
2025-04-07 00:00:00+00:00,4,15,True,0,4,15,0,15.0,14.0,16.0,20.0,19.714285714285715,19.428571428571427,19.133333333333333,20.0
2025-04-08 00:00:00+00:00,4,20,True,1,4,15,0,15.0,23.0,22.0,14.0,19.857142857142858,19.357142857142858,18.966666666666665,23.0
2025-04-09 00:00:00+00:00,4,23,True,2,4,15,0,20.0,22.0,21.0,8.0,19.428571428571427,19.214285714285715,19.166666666666668,22.0
2025-04-10 00:00:00+00:00,4,22,True,3,4,15,0,23.0,21.0,15.0,22.0,19.571428571428573,19.357142857142858,19.666666666666668,21.0
2025-04-11 00:00:00+00:00,4,21,True,4,4,15,0,22.0,20.0,23.0,21.0,19.714285714285715,19.857142857142858,19.666666666666668,20.0
2025-04-12 00:00:00+00:00,4,20,True,5,4,15,1,21.0,23.0,22.0,20.0,19.857142857142858,19.714285714285715,19.666666666666668,8.0
2025-04-13 00:00:00+00:00,4,8,True,6,4,15,1,20.0,15.0,15.0,20.0,19.428571428571427,19.571428571428573,19.666666666666668,15.0
2025-04-14 00:00:00+00:00,4,15,True,0,4,16,0,8.0,15.0,14.0,23.0,18.428571428571427,19.071428571428573,19.266666666666666,21.0
2025-04-15 00:00:00+00:00,4,21,True,1,4,16,0,15.0,20.0,23.0,15.0,18.428571428571427,19.142857142857142,19.0,20.0
2025-04-16 00:00:00+00:00,4,20,True,2,4,16,0,21.0,23.0,22.0,15.0,18.571428571428573,19.0,19.2,19.0
2025-04-17 00:00:00+00:00,4,19,True,3,4,16,0,20.0,22.0,21.0,20.0,18.142857142857142,18.857142857142858,19.366666666666667,21.0
2025-04-18 00:00:00+00:00,4,21,True,4,4,16,0,19.0,21.0,20.0,23.0,17.714285714285715,18.714285714285715,19.333333333333332,20.0
2025-04-19 00:00:00+00:00,4,20,True,5,4,16,1,21.0,20.0,23.0,22.0,17.714285714285715,18.785714285714285,19.266666666666666,13.0
2025-04-20 00:00:00+00:00,4,13,True,6,4,16,1,20.0,8.0,15.0,22.0,17.714285714285715,18.571428571428573,19.2,13.0
2025-04-21 00:00:00+00:00,4,13,True,0,4,17,0,13.0,15.0,15.0,21.0,18.428571428571427,18.428571428571427,18.9,21.0
2025-04-22 00:00:00+00:00,4,21,True,1,4,17,0,13.0,21.0,20.0,16.0,18.142857142857142,18.285714285714285,18.633333333333333,20.0
2025-04-23 00:00:00+00:00,4,20,True,2,4,17,0,21.0,20.0,23.0,16.0,18.142857142857142,18.357142857142858,18.8,19.0
2025-04-24 00:00:00+00:00,4,19,True,3,4,17,0,20.0,19.0,22.0,22.0,18.142857142857142,18.142857142857142,18.933333333333334,18.0
2025-04-25 00:00:00+00:00,4,18,True,4,4,17,0,19.0,21.0,21.0,21.0,18.142857142857142,17.928571428571427,18.833333333333332,20.0
2025-04-26 00:00:00+00:00,4,20,True,5,4,17,1,18.0,20.0,20.0,15.0,17.714285714285715,17.714285714285715,18.733333333333334,13.0
2025-04-27 00:00:00+00:00,4,13,True,6,4,17,1,20.0,13.0,8.0,23.0,17.714285714285715,17.714285714285715,18.9,13.0
2025-04-28 00:00:00+00:00,4,13,True,0,4,18,0,13.0,13.0,15.0,22.0,17.714285714285715,18.071428571428573,18.566666666666666,18.0
2025-04-29 00:00:00+00:00,4,18,True,1,4,18,0,13.0,21.0,21.0,15.0,17.714285714285715,17.928571428571427,18.266666666666666,12.0
2025-04-30 00:00:00+00:00,4,12,True,2,4,18,0,18.0,20.0,20.0,14.0,17.285714285714285,17.714285714285715,18.366666666666667,19.0
2025-05-01 00:00:00+00:00,4,19,True,3,5,18,0,12.0,19.0,19.0,23.0,16.142857142857142,17.142857142857142,18.3,18.0
2025-05-02 00:00:00+00:00,4,18,True,4,5,18,0,19.0,18.0,21.0,22.0,16.142857142857142,17.142857142857142,18.166666666666668,17.0
2025-05-03 00:00:00+00:00,4,17,True,5,5,18,1,18.0,20.0,20.0,21.0,16.142857142857142,16.928571428571427,18.033333333333335,11.0
2025-05-04 00:00:00+00:00,4,11,True,6,5,18,1,17.0,13.0,13.0,20.0,15.714285714285714,16.714285714285715,17.9,13.0
2025-05-05 00:00:00+00:00,4,13,True,0,5,19,0,11.0,13.0,13.0,23.0,15.428571428571429,16.571428571428573,17.6,18.0
2025-05-06 00:00:00+00:00,4,18,True,1,5,19,0,13.0,18.0,21.0,15.0,15.428571428571429,16.571428571428573,17.266666666666666,17.0
2025-05-07 00:00:00+00:00,4,17,True,2,5,19,0,18.0,12.0,20.0,15.0,15.428571428571429,16.357142857142858,17.366666666666667,16.0
2025-05-08 00:00:00+00:00,4,16,True,3,5,19,0,17.0,19.0,19.0,20.0,16.142857142857142,16.142857142857142,17.433333333333334,18.0
2025-05-09 00:00:00+00:00,4,18,True,4,5,19,0,16.0,18.0,18.0,23.0,15.714285714285714,15.928571428571429,17.3,17.0
2025-05-10 00:00:00+00:00,4,17,True,5,5,19,1,18.0,17.0,20.0,22.0,15.714285714285714,15.928571428571429,17.133333333333333,12.0
2025-05-11 00:00:00+00:00,4,12,True,6,5,19,1,17.0,11.0,13.0,21.0,15.714285714285714,15.714285714285714,16.966666666666665,11.0
2025-05-12 00:00:00+00:00,4,11,True,0,5,20,0,12.0,13.0,13.0,20.0,15.857142857142858,15.642857142857142,16.666666666666668,18.0
2025-05-13 00:00:00+00:00,4,18,True,1,5,20,0,11.0,18.0,18.0,8.0,15.571428571428571,15.5,16.366666666666667,17.0
2025-05-14 00:00:00+00:00,4,17,True,2,5,20,0,18.0,17.0,12.0,15.0,15.571428571428571,15.5,16.7,17.0
2025-05-15 00:00:00+00:00,4,17,True,3,5,20,0,17.0,16.0,19.0,21.0,15.571428571428571,15.857142857142858,16.766666666666666,16.0
2025-05-16 00:00:00+00:00,4,16,True,4,5,20,0,17.0,18.0,18.0,20.0,15.714285714285714,15.714285714285714,16.633333333333333,10.0
2025-05-17 00:00:00+00:00,4,10,True,5,5,20,1,16.0,17.0,17.0,19.0,15.428571428571429,15.571428571428571,16.5,12.0
2025-05-18 00:00:00+00:00,4,12,True,6,5,20,1,10.0,12.0,11.0,21.0,14.428571428571429,15.071428571428571,16.2,12.0
2025-05-19 00:00:00+00:00,4,12,True,0,5,21,0,12.0,11.0,13.0,20.0,14.428571428571429,15.142857142857142,15.9,16.0
2025-05-20 00:00:00+00:00,4,16,True,1,5,21,0,12.0,18.0,18.0,13.0,14.571428571428571,15.071428571428571,15.633333333333333,15.0
2025-05-21 00:00:00+00:00,4,15,True,2,5,21,0,16.0,17.0,17.0,13.0,14.285714285714286,14.928571428571429,15.733333333333333,17.0
2025-05-22 00:00:00+00:00,4,17,True,3,5,21,0,15.0,17.0,16.0,21.0,14.0,14.785714285714286,15.8,17.0
2025-05-23 00:00:00+00:00,4,17,True,4,5,21,0,17.0,16.0,18.0,20.0,14.0,14.857142857142858,15.666666666666666,16.0
2025-05-24 00:00:00+00:00,4,16,True,5,5,21,1,17.0,10.0,17.0,19.0,14.142857142857142,14.785714285714286,15.566666666666666,11.0
2025-05-25 00:00:00+00:00,4,11,True,6,5,21,1,16.0,12.0,12.0,18.0,15.0,14.714285714285714,15.466666666666667,12.0
2025-05-26 00:00:00+00:00,4,12,True,0,5,22,0,11.0,12.0,11.0,20.0,14.857142857142858,14.642857142857142,15.233333333333333,17.0
2025-05-27 00:00:00+00:00,4,17,True,1,5,22,0,12.0,16.0,18.0,13.0,14.857142857142858,14.714285714285714,14.966666666666667,17.0
2025-05-28 00:00:00+00:00,4,17,True,2,5,22,0,17.0,15.0,17.0,13.0,15.0,14.642857142857142,15.1,16.0
2025-05-29 00:00:00+00:00,4,16,True,3,5,22,0,17.0,17.0,17.0,18.0,15.285714285714286,14.642857142857142,15.233333333333333,18.0
2025-05-30 00:00:00+00:00,4,18,True,4,5,22,0,16.0,17.0,16.0,12.0,15.142857142857142,14.571428571428571,15.166666666666666,18.0
2025-05-31 00:00:00+00:00,4,18,True,5,5,22,1,18.0,16.0,10.0,19.0,15.285714285714286,14.714285714285714,15.366666666666667,12.0
2025-06-01 00:00:00+00:00,4,12,True,6,6,22,1,18.0,11.0,12.0,18.0,15.571428571428571,15.285714285714286,15.333333333333334,11.0
2025-06-02 00:00:00+00:00,4,11,True,0,6,23,0,12.0,12.0,12.0,17.0,15.714285714285714,15.285714285714286,15.133333333333333,11.0
2025-06-03 00:00:00+00:00,4,11,True,1,6,23,0,11.0,17.0,16.0,11.0,15.571428571428571,15.214285714285714,14.933333333333334,18.0
2025-06-04 00:00:00+00:00,4,18,True,2,6,23,0,11.0,17.0,15.0,13.0,14.714285714285714,14.857142857142858,14.933333333333334,18.0
2025-06-05 00:00:00+00:00,4,18,True,3,6,23,0,18.0,16.0,17.0,18.0,14.857142857142858,15.071428571428571,15.1,17.0
2025-06-06 00:00:00+00:00,4,17,True,4,6,23,0,18.0,18.0,17.0,17.0,15.142857142857142,15.142857142857142,15.1,17.0
2025-06-07 00:00:00+00:00,4,17,True,5,6,23,1,17.0,18.0,16.0,16.0,15.0,15.142857142857142,15.1,13.0
2025-06-08 00:00:00+00:00,4,13,True,6,6,23,1,17.0,12.0,11.0,18.0,14.857142857142858,15.214285714285714,15.133333333333333,13.0
2025-06-09 00:00:00+00:00,4,13,True,0,6,24,0,13.0,11.0,12.0,17.0,15.0,15.357142857142858,14.966666666666667,18.0
2025-06-10 00:00:00+00:00,4,18,True,1,6,24,0,13.0,11.0,17.0,12.0,15.285714285714286,15.428571428571429,14.833333333333334,17.0
2025-06-11 00:00:00+00:00,4,17,True,2,6,24,0,18.0,18.0,17.0,11.0,16.285714285714285,15.5,15.033333333333333,20.0
2025-06-12 00:00:00+00:00,4,20,True,3,6,24,0,17.0,18.0,16.0,18.0,16.142857142857142,15.5,15.233333333333333,19.0
2025-06-13 00:00:00+00:00,4,19,True,4,6,24,0,20.0,17.0,18.0,17.0,16.428571428571427,15.785714285714286,15.3,19.0
2025-06-14 00:00:00+00:00,4,19,True,5,6,24,1,19.0,17.0,18.0,17.0,16.714285714285715,15.857142857142858,15.366666666666667,13.0
2025-06-15 00:00:00+00:00,4,13,True,6,6,24,1,19.0,13.0,12.0,16.0,17.0,15.928571428571429,15.433333333333334,15.0
2025-06-16 00:00:00+00:00,4,15,True,0,6,25,0,13.0,13.0,11.0,10.0,17.0,16.0,15.333333333333334,20.0
2025-06-17 00:00:00+00:00,4,20,True,1,6,25,0,15.0,18.0,11.0,12.0,17.285714285714285,16.285714285714285,15.5,20.0
2025-06-18 00:00:00+00:00,4,20,True,2,6,25,0,20.0,17.0,18.0,12.0,17.571428571428573,16.928571428571427,15.766666666666667,19.0
2025-06-19 00:00:00+00:00,4,19,True,3,6,25,0,20.0,20.0,18.0,16.0,18.0,17.071428571428573,16.033333333333335,13.0
2025-06-20 00:00:00+00:00,4,13,True,4,6,25,0,19.0,19.0,17.0,15.0,17.857142857142858,17.142857142857142,16.133333333333333,21.0
2025-06-21 00:00:00+00:00,4,21,True,5,6,25,1,13.0,19.0,17.0,17.0,17.0,16.857142857142858,16.066666666666666,14.0
2025-06-22 00:00:00+00:00,4,14,True,6,6,25,1,21.0,13.0,13.0,17.0,17.285714285714285,17.142857142857142,16.2,14.0
2025-06-23 00:00:00+00:00,4,14,True,0,6,26,0,14.0,15.0,13.0,16.0,17.428571428571427,17.214285714285715,16.1,19.0
2025-06-24 00:00:00+00:00,4,19,True,1,6,26,0,14.0,20.0,18.0,11.0,17.285714285714285,17.285714285714285,16.033333333333335,22.0
2025-06-25 00:00:00+00:00,4,22,True,2,6,26,0,19.0,20.0,17.0,12.0,17.142857142857142,17.357142857142858,16.3,22.0
2025-06-26 00:00:00+00:00,4,22,True,3,6,26,0,22.0,19.0,20.0,17.0,17.428571428571427,17.714285714285715,16.633333333333333,21.0
2025-06-27 00:00:00+00:00,4,21,True,4,6,26,0,22.0,13.0,19.0,17.0,17.857142857142858,17.857142857142858,16.8,20.0
2025-06-28 00:00:00+00:00,4,20,True,5,6,26,1,21.0,21.0,19.0,16.0,19.0,18.0,16.933333333333334,16.0
2025-06-29 00:00:00+00:00,4,16,True,6,6,26,1,20.0,14.0,13.0,18.0,18.857142857142858,18.071428571428573,17.066666666666666,16.0
2025-06-30 00:00:00+00:00,4,16,True,0,6,27,0,16.0,14.0,15.0,18.0,19.142857142857142,18.285714285714285,17.0,22.0
2025-07-01 00:00:00+00:00,4,22,True,1,7,27,0,16.0,19.0,20.0,12.0,19.428571428571427,18.357142857142858,16.933333333333334,21.0
2025-07-02 00:00:00+00:00,4,21,True,2,7,27,0,22.0,22.0,20.0,11.0,19.857142857142858,18.5,17.266666666666666,24.0
2025-07-03 00:00:00+00:00,4,24,True,3,7,27,0,21.0,22.0,19.0,11.0,19.714285714285715,18.571428571428573,17.6,23.0
2025-07-04 00:00:00+00:00,4,23,True,4,7,27,0,24.0,21.0,13.0,18.0,20.0,18.928571428571427,18.033333333333335,23.0
2025-07-05 00:00:00+00:00,4,23,True,5,7,27,1,23.0,20.0,21.0,18.0,20.285714285714285,19.642857142857142,18.2,15.0
2025-07-06 00:00:00+00:00,4,15,True,6,7,27,1,23.0,16.0,14.0,17.0,20.714285714285715,19.785714285714285,18.366666666666667,10.0
2025-07-07 00:00:00+00:00,4,10,True,0,7,28,0,15.0,16.0,14.0,17.0,20.571428571428573,19.857142857142858,18.3,24.0
2025-07-08 00:00:00+00:00,4,24,True,1,7,28,0,10.0,22.0,19.0,13.0,19.714285714285715,19.571428571428573,18.066666666666666,23.0
2025-07-09 00:00:00+00:00,4,23,True,2,7,28,0,24.0,21.0,22.0,13.0,20.0,19.928571428571427,18.433333333333334,22.0
2025-07-10 00:00:00+00:00,4,22,True,3,7,28,0,23.0,24.0,22.0,18.0,20.285714285714285,20.0,18.766666666666666,22.0
2025-07-11 00:00:00+00:00,4,22,True,4,7,28,0,22.0,23.0,21.0,17.0,20.0,20.0,18.9,25.0
2025-07-12 00:00:00+00:00,4,25,True,5,7,28,1,22.0,23.0,20.0,20.0,19.857142857142858,20.071428571428573,19.066666666666666,17.0
2025-07-13 00:00:00+00:00,4,17,True,6,7,28,1,25.0,15.0,16.0,19.0,20.142857142857142,20.428571428571427,19.233333333333334,16.0
2025-07-14 00:00:00+00:00,4,16,True,0,7,29,0,17.0,10.0,16.0,19.0,20.428571428571427,20.5,19.166666666666668,22.0
2025-07-15 00:00:00+00:00,4,22,True,1,7,29,0,16.0,24.0,22.0,13.0,21.285714285714285,20.5,19.066666666666666,25.0
2025-07-16 00:00:00+00:00,4,25,True,2,7,29,0,22.0,23.0,21.0,15.0,21.0,20.5,19.366666666666667,24.0
2025-07-17 00:00:00+00:00,4,24,True,3,7,29,0,25.0,22.0,24.0,20.0,21.285714285714285,20.785714285714285,19.7,23.0
2025-07-18 00:00:00+00:00,4,23,True,4,7,29,0,24.0,22.0,23.0,20.0,21.571428571428573,20.785714285714285,19.833333333333332,22.0
2025-07-19 00:00:00+00:00,4,22,True,5,7,29,1,23.0,25.0,23.0,19.0,21.714285714285715,20.785714285714285,19.933333333333334,18.0
2025-07-20 00:00:00+00:00,4,18,True,6,7,29,1,22.0,17.0,15.0,13.0,21.285714285714285,20.714285714285715,20.033333333333335,17.0
2025-07-21 00:00:00+00:00,4,17,True,0,7,30,0,18.0,16.0,10.0,21.0,21.428571428571427,20.928571428571427,20.2,23.0
2025-07-22 00:00:00+00:00,4,23,True,1,7,30,0,17.0,22.0,24.0,14.0,21.571428571428573,21.428571428571427,20.066666666666666,22.0
2025-07-23 00:00:00+00:00,4,22,True,2,7,30,0,23.0,25.0,23.0,14.0,21.714285714285715,21.357142857142858,20.366666666666667,16.0
2025-07-24 00:00:00+00:00,4,16,True,3,7,30,0,22.0,24.0,22.0,19.0,21.285714285714285,21.285714285714285,20.633333333333333,24.0
2025-07-25 00:00:00+00:00,4,24,True,4,7,30,0,16.0,23.0,22.0,22.0,20.142857142857142,20.857142857142858,20.533333333333335,23.0
2025-07-26 00:00:00+00:00,4,23,True,5,7,30,1,24.0,22.0,25.0,22.0,20.285714285714285,21.0,20.6,16.0
2025-07-27 00:00:00+00:00,4,16,True,6,7,30,1,23.0,18.0,17.0,21.0,20.428571428571427,20.857142857142858,20.633333333333333,15.0
2025-07-28 00:00:00+00:00,4,15,True,0,7,31,0,16.0,17.0,16.0,20.0,20.142857142857142,20.785714285714285,20.466666666666665,24.0
2025-07-29 00:00:00+00:00,4,24,True,1,7,31,0,15.0,23.0,22.0,16.0,19.857142857142858,20.714285714285715,20.3,23.0
2025-07-30 00:00:00+00:00,4,23,True,2,7,31,0,24.0,22.0,25.0,16.0,20.0,20.857142857142858,20.566666666666666,22.0
2025-07-31 00:00:00+00:00,4,22,True,3,7,31,0,23.0,16.0,24.0,22.0,20.142857142857142,20.714285714285715,20.8,21.0
2025-08-01 00:00:00+00:00,4,21,True,4,8,31,0,22.0,24.0,23.0,21.0,21.0,20.571428571428573,20.8,24.0
2025-08-02 00:00:00+00:00,4,24,True,5,8,31,1,21.0,23.0,22.0,24.0,20.571428571428573,20.428571428571427,20.8,16.0
2025-08-03 00:00:00+00:00,4,16,True,6,8,31,1,24.0,16.0,18.0,23.0,20.714285714285715,20.571428571428573,20.8,15.0
2025-08-04 00:00:00+00:00,4,15,True,0,8,32,0,16.0,15.0,17.0,23.0,20.714285714285715,20.428571428571427,20.566666666666666,21.0
2025-08-05 00:00:00+00:00,4,21,True,1,8,32,0,15.0,24.0,23.0,15.0,20.714285714285715,20.285714285714285,20.3,24.0
2025-08-06 00:00:00+00:00,4,24,True,2,8,32,0,21.0,23.0,22.0,10.0,20.285714285714285,20.142857142857142,20.5,23.0
2025-08-07 00:00:00+00:00,4,23,True,3,8,32,0,24.0,22.0,16.0,24.0,20.428571428571427,20.285714285714285,20.966666666666665,22.0
2025-08-08 00:00:00+00:00,4,22,True,4,8,32,0,23.0,21.0,24.0,23.0,20.571428571428573,20.785714285714285,20.933333333333334,20.0
2025-08-09 00:00:00+00:00,4,20,True,5,8,32,1,22.0,24.0,23.0,22.0,20.714285714285715,20.642857142857142,20.9,9.0
2025-08-10 00:00:00+00:00,4,9,True,6,8,32,1,20.0,16.0,16.0,22.0,20.142857142857142,20.428571428571427,20.833333333333332,15.0
2025-08-11 00:00:00+00:00,4,15,True,0,8,33,0,9.0,15.0,15.0,25.0,19.142857142857142,19.928571428571427,20.4,21.0
2025-08-12 00:00:00+00:00,4,21,True,1,8,33,0,15.0,21.0,24.0,17.0,19.142857142857142,19.928571428571427,20.066666666666666,20.0
2025-08-13 00:00:00+00:00,4,20,True,2,8,33,0,21.0,24.0,23.0,16.0,19.142857142857142,19.714285714285715,20.2,19.0
2025-08-14 00:00:00+00:00,4,19,True,3,8,33,0,20.0,23.0,22.0,22.0,18.571428571428573,19.5,20.333333333333332,22.0
2025-08-15 00:00:00+00:00,4,22,True,4,8,33,0,19.0,22.0,21.0,25.0,18.0,19.285714285714285,20.233333333333334,21.0
2025-08-16 00:00:00+00:00,4,21,True,5,8,33,1,22.0,20.0,24.0,24.0,18.0,19.357142857142858,20.133333333333333,14.0
2025-08-17 00:00:00+00:00,4,14,True,6,8,33,1,21.0,9.0,16.0,23.0,18.142857142857142,19.142857142857142,20.033333333333335,13.0
2025-08-18 00:00:00+00:00,4,13,True,0,8,34,0,14.0,15.0,15.0,22.0,18.857142857142858,19.0,19.733333333333334,21.0
2025-08-19 00:00:00+00:00,4,21,True,1,8,34,0,13.0,21.0,21.0,18.0,18.571428571428573,18.857142857142858,19.433333333333334,20.0
2025-08-20 00:00:00+00:00,4,20,True,2,8,34,0,21.0,20.0,24.0,17.0,18.571428571428573,18.857142857142858,19.533333333333335,19.0
2025-08-21 00:00:00+00:00,4,19,True,3,8,34,0,20.0,19.0,23.0,23.0,18.571428571428573,18.571428571428573,19.633333333333333,18.0
2025-08-22 00:00:00+00:00,4,18,True,4,8,34,0,19.0,22.0,22.0,22.0,18.571428571428573,18.285714285714285,19.5,21.0
2025-08-23 00:00:00+00:00,4,21,True,5,8,34,1,18.0,21.0,20.0,16.0,18.0,18.0,19.366666666666667,14.0
2025-08-24 00:00:00+00:00,4,14,True,6,8,34,1,21.0,14.0,9.0,24.0,18.0,18.071428571428573,19.533333333333335,13.0
2025-08-25 00:00:00+00:00,4,13,True,0,8,35,0,14.0,13.0,15.0,23.0,18.0,18.428571428571427,19.2,18.0
2025-08-26 00:00:00+00:00,4,18,True,1,8,35,0,13.0,21.0,21.0,16.0,18.0,18.285714285714285,18.866666666666667,12.0
2025-08-27 00:00:00+00:00,4,12,True,2,8,35,0,18.0,20.0,20.0,15.0,17.571428571428573,18.071428571428573,18.933333333333334,19.0
2025-08-28 00:00:00+00:00,4,19,True,3,8,35,0,12.0,19.0,19.0,24.0,16.428571428571427,17.5,18.833333333333332,18.0
2025-08-29 00:00:00+00:00,4,18,True,4,8,35,0,19.0,18.0,22.0,23.0,16.428571428571427,17.5,18.666666666666668,18.0
2025-08-30 00:00:00+00:00,4,18,True,5,8,35,1,18.0,21.0,21.0,22.0,16.428571428571427,17.214285714285715,18.5,12.0
2025-08-31 00:00:00+00:00,4,12,True,6,8,35,1,18.0,14.0,14.0,21.0,16.0,17.0,18.366666666666667,13.0
2025-09-01 00:00:00+00:00,4,13,True,0,9,36,0,12.0,13.0,13.0,24.0,15.714285714285714,16.857142857142858,18.066666666666666,18.0
2025-09-02 00:00:00+00:00,4,18,True,1,9,36,0,13.0,18.0,21.0,16.0,15.714285714285714,16.857142857142858,17.7,17.0
2025-09-03 00:00:00+00:00,4,17,True,2,9,36,0,18.0,12.0,20.0,15.0,15.714285714285714,16.642857142857142,17.766666666666666,17.0
2025-09-04 00:00:00+00:00,4,17,True,3,9,36,0,17.0,19.0,19.0,21.0,16.428571428571427,16.428571428571427,17.833333333333332,19.0
2025-09-05 00:00:00+00:00,4,19,True,4,9,36,0,17.0,18.0,18.0,24.0,16.142857142857142,16.285714285714285,17.7,18.0
2025-09-06 00:00:00+00:00,4,18,True,5,9,36,1,19.0,18.0,21.0,23.0,16.285714285714285,16.357142857142858,17.533333333333335,12.0
2025-09-07 00:00:00+00:00,4,12,True,6,9,36,1,18.0,12.0,14.0,22.0,16.285714285714285,16.142857142857142,17.366666666666667,12.0
2025-09-08 00:00:00+00:00,4,12,True,0,9,37,0,12.0,13.0,13.0,20.0,16.285714285714285,16.0,17.033333333333335,19.0
2025-09-09 00:00:00+00:00,4,19,True,1,9,37,0,12.0,18.0,18.0,9.0,16.142857142857142,15.928571428571429,16.766666666666666,18.0
2025-09-10 00:00:00+00:00,4,18,True,2,9,37,0,19.0,17.0,12.0,15.0,16.285714285714285,16.0,17.1,17.0
2025-09-11 00:00:00+00:00,4,17,True,3,9,37,0,18.0,17.0,19.0,21.0,16.428571428571427,16.428571428571427,17.2,17.0
2025-09-12 00:00:00+00:00,4,17,True,4,9,37,0,17.0,19.0,18.0,20.0,16.428571428571427,16.285714285714285,17.066666666666666,11.0
2025-09-13 00:00:00+00:00,4,11,True,5,9,37,1,17.0,18.0,18.0,19.0,16.142857142857142,16.214285714285715,16.966666666666665,13.0
2025-09-14 00:00:00+00:00,4,13,True,6,9,37,1,11.0,12.0,12.0,22.0,15.142857142857142,15.714285714285714,16.7,12.0
2025-09-15 00:00:00+00:00,4,12,True,0,9,38,0,13.0,12.0,13.0,21.0,15.285714285714286,15.785714285714286,16.4,17.0
2025-09-16 00:00:00+00:00,4,17,True,1,9,38,0,12.0,19.0,18.0,14.0,15.285714285714286,15.714285714285714,16.1,16.0
2025-09-17 00:00:00+00:00,4,16,True,2,9,38,0,17.0,18.0,17.0,13.0,15.0,15.642857142857142,16.2,19.0
2025-09-18 00:00:00+00:00,4,19,True,3,9,38,0,16.0,17.0,17.0,21.0,14.714285714285714,15.571428571428571,16.3,18.0
2025-09-19 00:00:00+00:00,4,18,True,4,9,38,0,19.0,17.0,19.0,20.0,15.0,15.714285714285714,16.233333333333334,18.0
2025-09-20 00:00:00+00:00,4,18,True,5,9,38,1,18.0,11.0,18.0,19.0,15.142857142857142,15.642857142857142,16.166666666666668,12.0
2025-09-21 00:00:00+00:00,4,12,True,6,9,38,1,18.0,13.0,12.0,18.0,16.142857142857142,15.642857142857142,16.133333333333333,14.0
2025-09-22 00:00:00+00:00,4,14,True,0,9,39,0,12.0,12.0,12.0,21.0,16.0,15.642857142857142,15.933333333333334,19.0
2025-09-23 00:00:00+00:00,4,19,True,1,9,39,0,14.0,17.0,19.0,14.0,16.285714285714285,15.785714285714286,15.7,18.0
2025-09-24 00:00:00+00:00,4,18,True,2,9,39,0,19.0,16.0,18.0,13.0,16.571428571428573,15.785714285714286,15.866666666666667,18.0
2025-09-25 00:00:00+00:00,4,18,True,3,9,39,0,18.0,19.0,17.0,18.0,16.857142857142858,15.785714285714286,16.033333333333335,20.0
2025-09-26 00:00:00+00:00,4,20,True,4,9,39,0,18.0,18.0,17.0,12.0,16.714285714285715,15.857142857142858,16.033333333333335,20.0
2025-09-27 00:00:00+00:00,4,20,True,5,9,39,1,20.0,18.0,11.0,19.0,17.0,16.071428571428573,16.3,13.0
2025-09-28 00:00:00+00:00,4,13,True,6,9,39,1,20.0,12.0,13.0,18.0,17.285714285714285,16.714285714285715,16.333333333333332,13.0
2025-09-29 00:00:00+00:00,4,13,True,0,9,40,0,13.0,14.0,12.0,18.0,17.428571428571427,16.714285714285715,16.166666666666668,13.0
2025-09-30 00:00:00+00:00,4,13,True,1,9,40,0,13.0,19.0,17.0,12.0,17.285714285714285,16.785714285714285,16.0,20.0
2025-10-01 00:00:00+00:00,4,20,True,2,10,40,0,13.0,18.0,16.0,13.0,16.428571428571427,16.5,16.033333333333335,20.0
2025-10-02 00:00:00+00:00,4,20,True,3,10,40,0,20.0,18.0,19.0,18.0,16.714285714285715,16.785714285714285,16.266666666666666,19.0
2025-10-03 00:00:00+00:00,4,19,True,4,10,40,0,20.0,20.0,18.0,17.0,17.0,16.857142857142858,16.333333333333332,19.0
2025-10-04 00:00:00+00:00,4,19,True,5,10,40,1,19.0,20.0,18.0,17.0,16.857142857142858,16.928571428571427,16.4,15.0
2025-10-05 00:00:00+00:00,4,15,True,6,10,40,1,19.0,13.0,12.0,19.0,16.714285714285715,17.0,16.466666666666665,14.0
2025-10-06 00:00:00+00:00,4,14,True,0,10,41,0,15.0,13.0,14.0,18.0,17.0,17.214285714285715,16.333333333333332,20.0
2025-10-07 00:00:00+00:00,4,20,True,1,10,41,0,14.0,13.0,19.0,12.0,17.142857142857142,17.214285714285715,16.2,19.0
2025-10-08 00:00:00+00:00,4,19,True,2,10,41,0,20.0,20.0,18.0,12.0,18.142857142857142,17.285714285714285,16.466666666666665,22.0
2025-10-09 00:00:00+00:00,4,22,True,3,10,41,0,19.0,20.0,18.0,19.0,18.0,17.357142857142858,16.7,22.0
2025-10-10 00:00:00+00:00,4,22,True,4,10,41,0,22.0,19.0,20.0,18.0,18.285714285714285,17.642857142857142,16.8,21.0
2025-10-11 00:00:00+00:00,4,21,True,5,10,41,1,22.0,19.0,20.0,17.0,18.714285714285715,17.785714285714285,16.933333333333334,14.0
2025-10-12 00:00:00+00:00,4,14,True,6,10,41,1,21.0,15.0,13.0,17.0,19.0,17.857142857142858,17.066666666666666,16.0
2025-10-13 00:00:00+00:00,4,16,True,0,10,42,0,14.0,14.0,13.0,11.0,18.857142857142858,17.928571428571427,16.966666666666665,23.0
2025-10-14 00:00:00+00:00,4,23,True,1,10,42,0,16.0,20.0,13.0,13.0,19.142857142857142,18.142857142857142,17.133333333333333,22.0
2025-10-15 00:00:00+00:00,4,22,True,2,10,42,0,23.0,19.0,20.0,12.0,19.571428571428573,18.857142857142858,17.466666666666665,21.0
2025-10-16 00:00:00+00:00,4,21,True,3,10,42,0,22.0,22.0,20.0,17.0,20.0,19.0,17.8,16.0
2025-10-17 00:00:00+00:00,4,16,True,4,10,42,0,21.0,22.0,19.0,16.0,19.857142857142858,19.071428571428573,17.933333333333334,24.0
2025-10-18 00:00:00+00:00,4,24,True,5,10,42,1,16.0,21.0,19.0,19.0,19.0,18.857142857142858,17.933333333333334,16.0
2025-10-19 00:00:00+00:00,4,16,True,6,10,42,1,24.0,14.0,15.0,18.0,19.428571428571427,19.214285714285715,18.1,16.0
2025-10-20 00:00:00+00:00,4,16,True,0,10,43,0,16.0,16.0,14.0,18.0,19.714285714285715,19.285714285714285,18.033333333333335,22.0
2025-10-21 00:00:00+00:00,4,22,True,1,10,43,0,16.0,23.0,20.0,12.0,19.714285714285715,19.428571428571427,17.966666666666665,25.0
2025-10-22 00:00:00+00:00,4,25,True,2,10,43,0,22.0,22.0,19.0,14.0,19.571428571428573,19.571428571428573,18.3,24.0
2025-10-23 00:00:00+00:00,4,24,True,3,10,43,0,25.0,21.0,22.0,19.0,20.0,20.0,18.666666666666668,23.0
2025-10-24 00:00:00+00:00,4,23,True,4,10,43,0,24.0,16.0,22.0,18.0,20.428571428571427,20.142857142857142,18.833333333333332,22.0
2025-10-25 00:00:00+00:00,4,22,True,5,10,43,1,23.0,24.0,21.0,18.0,21.428571428571427,20.214285714285715,19.0,18.0
2025-10-26 00:00:00+00:00,4,18,True,6,10,43,1,22.0,16.0,14.0,20.0,21.142857142857142,20.285714285714285,19.133333333333333,17.0
2025-10-27 00:00:00+00:00,4,17,True,0,10,44,0,18.0,16.0,16.0,20.0,21.428571428571427,20.571428571428573,19.066666666666666,24.0
2025-10-28 00:00:00+00:00,4,24,True,1,10,44,0,17.0,22.0,23.0,13.0,21.571428571428573,20.642857142857142,18.966666666666665,23.0
2025-10-29 00:00:00+00:00,4,23,True,2,10,44,0,24.0,25.0,22.0,13.0,21.857142857142858,20.714285714285715,19.333333333333332,26.0
2025-10-30 00:00:00+00:00,4,26,True,3,10,44,0,23.0,24.0,21.0,13.0,21.571428571428573,20.785714285714285,19.666666666666668,25.0
2025-10-31 00:00:00+00:00,4,25,True,4,10,44,0,26.0,23.0,16.0,20.0,21.857142857142858,21.142857142857142,20.1,25.0
2025-11-01 00:00:00+00:00,4,25,True,5,11,44,1,25.0,22.0,24.0,20.0,22.142857142857142,21.785714285714285,20.266666666666666,16.0
2025-11-02 00:00:00+00:00,4,16,True,6,11,44,1,25.0,18.0,16.0,19.0,22.571428571428573,21.857142857142858,20.433333333333334,11.0
2025-11-03 00:00:00+00:00,4,11,True,0,11,45,0,16.0,17.0,16.0,19.0,22.285714285714285,21.857142857142858,20.333333333333332,26.0
2025-11-04 00:00:00+00:00,4,26,True,1,11,45,0,11.0,24.0,22.0,15.0,21.428571428571427,21.5,20.066666666666666,25.0
2025-11-05 00:00:00+00:00,4,25,True,2,11,45,0,26.0,23.0,25.0,14.0,21.714285714285715,21.785714285714285,20.433333333333334,24.0
2025-11-06 00:00:00+00:00,4,24,True,3,11,45,0,25.0,26.0,24.0,20.0,22.0,21.785714285714285,20.8,23.0
2025-11-07 00:00:00+00:00,4,23,True,4,11,45,0,24.0,25.0,23.0,19.0,21.714285714285715,21.785714285714285,20.933333333333334,26.0
2025-11-08 00:00:00+00:00,4,26,True,5,11,45,1,23.0,25.0,22.0,22.0,21.428571428571427,21.785714285714285,21.066666666666666,18.0
2025-11-09 00:00:00+00:00,4,18,True,6,11,45,1,26.0,16.0,18.0,22.0,21.571428571428573,22.071428571428573,21.2,17.0
2025-11-10 00:00:00+00:00,4,17,True,0,11,46,0,18.0,11.0,17.0,21.0,21.857142857142858,22.071428571428573,21.066666666666666,23.0
2025-11-11 00:00:00+00:00,4,23,True,1,11,46,0,17.0,26.0,24.0,14.0,22.714285714285715,22.071428571428573,20.933333333333334,27.0
2025-11-12 00:00:00+00:00,4,27,True,2,11,46,0,23.0,25.0,23.0,16.0,22.285714285714285,22.0,21.233333333333334,25.0
2025-11-13 00:00:00+00:00,4,25,True,3,11,46,0,27.0,24.0,26.0,23.0,22.571428571428573,22.285714285714285,21.6,24.0
2025-11-14 00:00:00+00:00,4,24,True,4,11,46,0,25.0,23.0,25.0,22.0,22.714285714285715,22.214285714285715,21.666666666666668,23.0
2025-11-15 00:00:00+00:00,4,23,True,5,11,46,1,24.0,26.0,25.0,21.0,22.857142857142858,22.142857142857142,21.733333333333334,18.0
2025-11-16 00:00:00+00:00,4,18,True,6,11,46,1,23.0,18.0,16.0,16.0,22.428571428571427,22.0,21.8,18.0
2025-11-17 00:00:00+00:00,4,18,True,0,11,47,0,18.0,17.0,11.0,24.0,22.428571428571427,22.142857142857142,21.866666666666667,24.0
2025-11-18 00:00:00+00:00,4,24,True,1,11,47,0,18.0,23.0,26.0,16.0,22.571428571428573,22.642857142857142,21.666666666666668,23.0
2025-11-19 00:00:00+00:00,4,23,True,2,11,47,0,24.0,27.0,25.0,16.0,22.714285714285715,22.5,21.933333333333334,17.0
2025-11-20 00:00:00+00:00,4,17,True,3,11,47,0,23.0,25.0,24.0,22.0,22.142857142857142,22.357142857142858,22.166666666666668,25.0
2025-11-21 00:00:00+00:00,4,25,True,4,11,47,0,17.0,24.0,23.0,25.0,21.0,21.857142857142858,22.0,24.0
2025-11-22 00:00:00+00:00,4,24,True,5,11,47,1,25.0,23.0,26.0,24.0,21.142857142857142,22.0,22.0,16.0
2025-11-23 00:00:00+00:00,4,16,True,6,11,47,1,24.0,18.0,18.0,23.0,21.285714285714285,21.857142857142858,22.0,15.0
2025-11-24 00:00:00+00:00,4,15,True,0,11,48,0,16.0,18.0,17.0,22.0,21.0,21.714285714285715,21.766666666666666,25.0
2025-11-25 00:00:00+00:00,4,25,True,1,11,48,0,15.0,24.0,23.0,18.0,20.571428571428573,21.571428571428573,21.533333333333335,24.0
2025-11-26 00:00:00+00:00,4,24,True,2,11,48,0,25.0,23.0,27.0,17.0,20.714285714285715,21.714285714285715,21.766666666666666,23.0
2025-11-27 00:00:00+00:00,4,23,True,3,11,48,0,24.0,17.0,25.0,24.0,20.857142857142858,21.5,22.0,22.0
2025-11-28 00:00:00+00:00,4,22,True,4,11,48,0,23.0,25.0,24.0,23.0,21.714285714285715,21.357142857142858,21.966666666666665,24.0
2025-11-29 00:00:00+00:00,4,24,True,5,11,48,1,22.0,24.0,23.0,26.0,21.285714285714285,21.214285714285715,21.933333333333334,16.0
2025-11-30 00:00:00+00:00,4,16,True,6,11,48,1,24.0,16.0,18.0,25.0,21.285714285714285,21.285714285714285,21.866666666666667,15.0
2025-12-01 00:00:00+00:00,4,15,True,0,12,49,0,16.0,15.0,18.0,25.0,21.285714285714285,21.142857142857142,21.566666666666666,21.0
2025-12-02 00:00:00+00:00,4,21,True,1,12,49,0,15.0,25.0,24.0,16.0,21.285714285714285,20.928571428571427,21.233333333333334,24.0
2025-12-03 00:00:00+00:00,4,24,True,2,12,49,0,21.0,24.0,23.0,11.0,20.714285714285715,20.714285714285715,21.4,23.0
2025-12-04 00:00:00+00:00,4,23,True,3,12,49,0,24.0,23.0,17.0,26.0,20.714285714285715,20.785714285714285,21.833333333333332,22.0
2025-12-05 00:00:00+00:00,4,22,True,4,12,49,0,23.0,22.0,25.0,25.0,20.714285714285715,21.214285714285715,21.733333333333334,21.0
2025-12-06 00:00:00+00:00,4,21,True,5,12,49,1,22.0,24.0,24.0,24.0,20.714285714285715,21.0,21.633333333333333,9.0
2025-12-07 00:00:00+00:00,4,9,True,6,12,49,1,21.0,16.0,16.0,23.0,20.285714285714285,20.785714285714285,21.533333333333335,16.0
2025-12-08 00:00:00+00:00,4,16,True,0,12,50,0,9.0,15.0,15.0,26.0,19.285714285714285,20.285714285714285,21.066666666666666,21.0
2025-12-09 00:00:00+00:00,4,21,True,1,12,50,0,16.0,21.0,25.0,18.0,19.428571428571427,20.357142857142858,20.733333333333334,20.0
2025-12-10 00:00:00+00:00,4,20,True,2,12,50,0,21.0,24.0,24.0,17.0,19.428571428571427,20.071428571428573,20.833333333333332,19.0
2025-12-11 00:00:00+00:00,4,19,True,3,12,50,0,20.0,23.0,23.0,23.0,18.857142857142858,19.785714285714285,20.933333333333334,22.0
2025-12-12 00:00:00+00:00,4,22,True,4,12,50,0,19.0,22.0,22.0,27.0,18.285714285714285,19.5,20.8,21.0
2025-12-13 00:00:00+00:00,4,21,True,5,12,50,1,22.0,21.0,24.0,25.0,18.285714285714285,19.5,20.633333333333333,14.0
2025-12-14 00:00:00+00:00,4,14,True,6,12,50,1,21.0,9.0,16.0,24.0,18.285714285714285,19.285714285714285,20.5,13.0
2025-12-15 00:00:00+00:00,4,13,True,0,12,51,0,14.0,16.0,15.0,23.0,19.0,19.142857142857142,20.166666666666668,21.0
2025-12-16 00:00:00+00:00,4,21,True,1,12,51,0,13.0,21.0,21.0,18.0,18.571428571428573,19.0,19.833333333333332,20.0
2025-12-17 00:00:00+00:00,4,20,True,2,12,51,0,21.0,20.0,24.0,18.0,18.571428571428573,19.0,19.933333333333334,19.0
2025-12-18 00:00:00+00:00,4,19,True,3,12,51,0,20.0,19.0,23.0,24.0,18.571428571428573,18.714285714285715,20.0,18.0
2025-12-19 00:00:00+00:00,4,18,True,4,12,51,0,19.0,22.0,22.0,23.0,18.571428571428573,18.428571428571427,19.833333333333332,21.0
2025-12-20 00:00:00+00:00,4,21,True,5,12,51,1,18.0,21.0,21.0,17.0,18.0,18.142857142857142,19.666666666666668,14.0
2025-12-21 00:00:00+00:00,4,14,True,6,12,51,1,21.0,14.0,9.0,25.0,18.0,18.142857142857142,19.8,13.0
2025-12-22 00:00:00+00:00,4,13,True,0,12,52,0,14.0,13.0,16.0,24.0,18.0,18.5,19.433333333333334,18.0
2025-12-23 00:00:00+00:00,4,18,True,1,12,52,0,13.0,21.0,21.0,16.0,18.0,18.285714285714285,19.066666666666666,12.0
2025-12-24 00:00:00+00:00,4,12,True,2,12,52,0,18.0,20.0,20.0,15.0,17.571428571428573,18.071428571428573,19.133333333333333,20.0
2025-12-25 00:00:00+00:00,4,20,True,3,12,52,0,12.0,19.0,19.0,25.0,16.428571428571427,17.5,19.033333333333335,19.0
2025-12-26 00:00:00+00:00,4,19,True,4,12,52,0,20.0,18.0,22.0,24.0,16.571428571428573,17.571428571428573,18.866666666666667,18.0
2025-12-27 00:00:00+00:00,4,18,True,5,12,52,1,19.0,21.0,21.0,23.0,16.714285714285715,17.357142857142858,18.7,12.0
2025-12-28 00:00:00+00:00,4,12,True,6,12,52,1,18.0,14.0,14.0,22.0,16.285714285714285,17.142857142857142,18.533333333333335,14.0
2025-12-29 00:00:00+00:00,4,14,True,0,12,1,0,12.0,13.0,13.0,24.0,16.0,17.0,18.2,19.0
2025-12-30 00:00:00+00:00,4,19,True,1,12,1,0,14.0,18.0,21.0,16.0,16.142857142857142,17.071428571428573,17.866666666666667,18.0
2025-01-31 00:00:00+00:00,5,12,True,4,1,5,0,11.0,11.0,10.0,10.0,10.142857142857142,9.785714285714286,9.8,12.0
2025-02-01 00:00:00+00:00,5,12,True,5,2,5,1,12.0,11.0,10.0,11.0,10.285714285714286,9.928571428571429,9.866666666666667,8.0
2025-02-02 00:00:00+00:00,5,8,True,6,2,5,1,12.0,7.0,8.0,11.0,10.428571428571429,10.071428571428571,9.9,8.0
2025-02-03 00:00:00+00:00,5,8,True,0,2,6,0,8.0,8.0,7.0,10.0,10.571428571428571,10.071428571428571,9.8,11.0
2025-02-04 00:00:00+00:00,5,11,True,1,2,6,0,8.0,12.0,10.0,7.0,10.571428571428571,10.142857142857142,9.733333333333333,13.0
2025-02-05 00:00:00+00:00,5,13,True,2,2,6,0,11.0,11.0,10.0,8.0,10.428571428571429,10.214285714285714,9.866666666666667,12.0
2025-02-06 00:00:00+00:00,5,12,True,3,2,6,0,13.0,11.0,11.0,11.0,10.714285714285714,10.428571428571429,10.033333333333333,12.0
2025-02-07 00:00:00+00:00,5,12,True,4,2,6,0,12.0,12.0,11.0,10.0,10.857142857142858,10.5,10.066666666666666,11.0
2025-02-08 00:00:00+00:00,5,11,True,5,2,6,1,12.0,12.0,11.0,10.0,10.857142857142858,10.571428571428571,10.133333333333333,9.0
2025-02-09 00:00:00+00:00,5,9,True,6,2,6,1,11.0,8.0,7.0,11.0,10.714285714285714,10.571428571428571,10.166666666666666,9.0
2025-02-10 00:00:00+00:00,5,9,True,0,2,7,0,9.0,8.0,8.0,11.0,10.857142857142858,10.714285714285714,10.1,12.0
2025-02-11 00:00:00+00:00,5,12,True,1,2,7,0,9.0,11.0,12.0,7.0,11.0,10.785714285714286,10.033333333333333,12.0
2025-02-12 00:00:00+00:00,5,12,True,2,2,7,0,12.0,13.0,11.0,7.0,11.142857142857142,10.785714285714286,10.2,14.0
2025-02-13 00:00:00+00:00,5,14,True,3,2,7,0,12.0,12.0,11.0,11.0,11.0,10.857142857142858,10.366666666666667,13.0
2025-02-14 00:00:00+00:00,5,13,True,4,2,7,0,14.0,12.0,12.0,11.0,11.285714285714286,11.071428571428571,10.466666666666667,13.0
2025-02-15 00:00:00+00:00,5,13,True,5,2,7,1,13.0,11.0,12.0,11.0,11.428571428571429,11.142857142857142,10.533333333333333,9.0
2025-02-16 00:00:00+00:00,5,9,True,6,2,7,1,13.0,9.0,8.0,10.0,11.714285714285714,11.214285714285714,10.6,10.0
2025-02-17 00:00:00+00:00,5,10,True,0,2,8,0,9.0,9.0,8.0,10.0,11.714285714285714,11.285714285714286,10.566666666666666,14.0
2025-02-18 00:00:00+00:00,5,14,True,1,2,8,0,10.0,12.0,11.0,8.0,11.857142857142858,11.428571428571429,10.566666666666666,14.0
2025-02-19 00:00:00+00:00,5,14,True,2,2,8,0,14.0,12.0,13.0,7.0,12.142857142857142,11.642857142857142,10.766666666666667,13.0
2025-02-20 00:00:00+00:00,5,13,True,3,2,8,0,14.0,14.0,12.0,10.0,12.428571428571429,11.714285714285714,11.0,13.0
2025-02-21 00:00:00+00:00,5,13,True,4,2,8,0,13.0,13.0,12.0,10.0,12.285714285714286,11.785714285714286,11.1,15.0
2025-02-22 00:00:00+00:00,5,15,True,5,2,8,1,13.0,13.0,11.0,11.0,12.285714285714286,11.857142857142858,11.2,10.0
2025-02-23 00:00:00+00:00,5,10,True,6,2,8,1,15.0,9.0,9.0,11.0,12.571428571428571,12.142857142857142,11.333333333333334,10.0
2025-02-24 00:00:00+00:00,5,10,True,0,2,9,0,10.0,10.0,9.0,11.0,12.714285714285714,12.214285714285714,11.3,13.0
2025-02-25 00:00:00+00:00,5,13,True,1,2,9,0,10.0,14.0,12.0,7.0,12.714285714285714,12.285714285714286,11.266666666666667,15.0
2025-02-26 00:00:00+00:00,5,15,True,2,2,9,0,13.0,14.0,12.0,8.0,12.571428571428571,12.357142857142858,11.466666666666667,15.0
2025-02-27 00:00:00+00:00,5,15,True,3,2,9,0,15.0,13.0,14.0,12.0,12.714285714285714,12.571428571428571,11.7,14.0
2025-02-28 00:00:00+00:00,5,14,True,4,2,9,0,15.0,13.0,13.0,11.0,13.0,12.642857142857142,11.8,14.0
2025-03-01 00:00:00+00:00,5,14,True,5,3,9,1,14.0,15.0,13.0,11.0,13.142857142857142,12.714285714285714,11.9,11.0
2025-03-02 00:00:00+00:00,5,11,True,6,3,9,1,14.0,10.0,9.0,12.0,13.0,12.785714285714286,12.0,11.0
2025-03-03 00:00:00+00:00,5,11,True,0,3,10,0,11.0,10.0,10.0,12.0,13.142857142857142,12.928571428571429,11.966666666666667,15.0
2025-03-04 00:00:00+00:00,5,15,True,1,3,10,0,11.0,13.0,14.0,8.0,13.285714285714286,13.0,11.933333333333334,14.0
2025-03-05 00:00:00+00:00,5,14,True,2,3,10,0,15.0,15.0,14.0,8.0,13.571428571428571,13.071428571428571,12.166666666666666,16.0
2025-03-06 00:00:00+00:00,5,16,True,3,3,10,0,14.0,15.0,13.0,11.0,13.428571428571429,13.071428571428571,12.366666666666667,15.0
2025-03-07 00:00:00+00:00,5,15,True,4,3,10,0,16.0,14.0,13.0,13.0,13.571428571428571,13.285714285714286,12.533333333333333,15.0
2025-03-08 00:00:00+00:00,5,15,True,5,3,10,1,15.0,14.0,15.0,12.0,13.714285714285714,13.428571428571429,12.6,10.0
2025-03-09 00:00:00+00:00,5,10,True,6,3,10,1,15.0,11.0,10.0,12.0,13.857142857142858,13.428571428571429,12.7,10.0
2025-03-10 00:00:00+00:00,5,10,True,0,3,11,0,10.0,11.0,10.0,11.0,13.714285714285714,13.428571428571429,12.633333333333333,16.0
2025-03-11 00:00:00+00:00,5,16,True,1,3,11,0,10.0,15.0,13.0,9.0,13.571428571428571,13.428571428571429,12.6,15.0
2025-03-12 00:00:00+00:00,5,15,True,2,3,11,0,16.0,14.0,15.0,9.0,13.714285714285714,13.642857142857142,12.833333333333334,15.0
2025-03-13 00:00:00+00:00,5,15,True,3,3,11,0,15.0,16.0,15.0,12.0,13.857142857142858,13.642857142857142,13.033333333333333,14.0
2025-03-14 00:00:00+00:00,5,14,True,4,3,11,0,15.0,15.0,14.0,12.0,13.714285714285714,13.642857142857142,13.133333333333333,16.0
2025-03-15 00:00:00+00:00,5,16,True,5,3,11,1,14.0,15.0,14.0,14.0,13.571428571428571,13.642857142857142,13.2,11.0
2025-03-16 00:00:00+00:00,5,11,True,6,3,11,1,16.0,10.0,11.0,13.0,13.714285714285714,13.785714285714286,13.266666666666667,10.0
2025-03-17 00:00:00+00:00,5,10,True,0,3,12,0,11.0,10.0,11.0,13.0,13.857142857142858,13.785714285714286,13.2,14.0
2025-03-18 00:00:00+00:00,5,14,True,1,3,12,0,10.0,16.0,15.0,9.0,13.857142857142858,13.714285714285714,13.1,16.0
2025-03-19 00:00:00+00:00,5,16,True,2,3,12,0,14.0,15.0,14.0,10.0,13.571428571428571,13.642857142857142,13.266666666666667,15.0
2025-03-20 00:00:00+00:00,5,15,True,3,3,12,0,16.0,15.0,16.0,14.0,13.714285714285714,13.785714285714286,13.466666666666667,15.0
2025-03-21 00:00:00+00:00,5,15,True,4,3,12,0,15.0,14.0,15.0,14.0,13.714285714285714,13.714285714285714,13.5,14.0
2025-03-22 00:00:00+00:00,5,14,True,5,3,12,1,15.0,16.0,15.0,13.0,13.857142857142858,13.714285714285714,13.533333333333333,11.0
2025-03-23 00:00:00+00:00,5,11,True,6,3,12,1,14.0,11.0,10.0,13.0,13.571428571428571,13.642857142857142,13.566666666666666,11.0
2025-03-24 00:00:00+00:00,5,11,True,0,3,13,0,11.0,10.0,10.0,15.0,13.571428571428571,13.714285714285714,13.5,15.0
2025-03-25 00:00:00+00:00,5,15,True,1,3,13,0,11.0,14.0,16.0,10.0,13.714285714285714,13.785714285714286,13.366666666666667,14.0
2025-03-26 00:00:00+00:00,5,14,True,2,3,13,0,15.0,16.0,15.0,10.0,13.857142857142858,13.714285714285714,13.533333333333333,13.0
2025-03-27 00:00:00+00:00,5,13,True,3,3,13,0,14.0,15.0,15.0,13.0,13.571428571428571,13.642857142857142,13.666666666666666,15.0
2025-03-28 00:00:00+00:00,5,15,True,4,3,13,0,13.0,15.0,14.0,15.0,13.285714285714286,13.5,13.666666666666666,14.0
2025-03-29 00:00:00+00:00,5,14,True,5,3,13,1,15.0,14.0,16.0,15.0,13.285714285714286,13.571428571428571,13.666666666666666,10.0
2025-03-30 00:00:00+00:00,5,10,True,6,3,13,1,14.0,11.0,11.0,14.0,13.285714285714286,13.428571428571429,13.633333333333333,9.0
2025-03-31 00:00:00+00:00,5,9,True,0,3,14,0,10.0,11.0,10.0,14.0,13.142857142857142,13.357142857142858,13.5,15.0
2025-04-01 00:00:00+00:00,5,15,True,1,4,14,0,9.0,15.0,14.0,11.0,12.857142857142858,13.285714285714286,13.333333333333334,14.0
2025-04-02 00:00:00+00:00,5,14,True,2,4,14,0,15.0,14.0,16.0,11.0,12.857142857142858,13.357142857142858,13.466666666666667,13.0
2025-04-03 00:00:00+00:00,5,13,True,3,4,14,0,14.0,13.0,15.0,15.0,12.857142857142858,13.214285714285714,13.566666666666666,13.0
2025-04-04 00:00:00+00:00,5,13,True,4,4,14,0,13.0,15.0,15.0,14.0,12.857142857142858,13.071428571428571,13.5,14.0
2025-04-05 00:00:00+00:00,5,14,True,5,4,14,1,13.0,14.0,14.0,16.0,12.571428571428571,12.928571428571429,13.466666666666667,10.0
2025-04-06 00:00:00+00:00,5,10,True,6,4,14,1,14.0,10.0,11.0,15.0,12.571428571428571,12.928571428571429,13.4,9.0
2025-04-07 00:00:00+00:00,5,9,True,0,4,15,0,10.0,9.0,11.0,15.0,12.571428571428571,12.857142857142858,13.233333333333333,13.0
2025-04-08 00:00:00+00:00,5,13,True,1,4,15,0,9.0,15.0,15.0,10.0,12.571428571428571,12.714285714285714,13.033333333333333,14.0
2025-04-09 00:00:00+00:00,5,14,True,2,4,15,0,13.0,14.0,14.0,10.0,12.285714285714286,12.571428571428571,13.133333333333333,14.0
2025-04-10 00:00:00+00:00,5,14,True,3,4,15,0,14.0,13.0,13.0,16.0,12.285714285714286,12.571428571428571,13.266666666666667,13.0
2025-04-11 00:00:00+00:00,5,13,True,4,4,15,0,14.0,13.0,15.0,15.0,12.428571428571429,12.642857142857142,13.2,12.0
2025-04-12 00:00:00+00:00,5,12,True,5,4,15,1,13.0,14.0,14.0,15.0,12.428571428571429,12.5,13.133333333333333,8.0
2025-04-13 00:00:00+00:00,5,8,True,6,4,15,1,12.0,10.0,10.0,14.0,12.142857142857142,12.357142857142858,13.033333333333333,9.0
2025-04-14 00:00:00+00:00,5,9,True,0,4,16,0,8.0,9.0,9.0,16.0,11.857142857142858,12.214285714285714,12.833333333333334,13.0
2025-04-15 00:00:00+00:00,5,13,True,1,4,16,0,9.0,13.0,15.0,11.0,11.857142857142858,12.214285714285714,12.6,12.0
2025-04-16 00:00:00+00:00,5,12,True,2,4,16,0,13.0,14.0,14.0,10.0,11.857142857142858,12.071428571428571,12.666666666666666,11.0
2025-04-17 00:00:00+00:00,5,11,True,3,4,16,0,12.0,14.0,13.0,14.0,11.571428571428571,11.928571428571429,12.733333333333333,13.0
2025-04-18 00:00:00+00:00,5,13,True,4,4,16,0,11.0,13.0,13.0,16.0,11.142857142857142,11.785714285714286,12.633333333333333,12.0
2025-04-19 00:00:00+00:00,5,12,True,5,4,16,1,13.0,12.0,14.0,15.0,11.142857142857142,11.785714285714286,12.533333333333333,8.0
2025-04-20 00:00:00+00:00,5,8,True,6,4,16,1,12.0,8.0,10.0,15.0,11.142857142857142,11.642857142857142,12.433333333333334,8.0
2025-04-21 00:00:00+00:00,5,8,True,0,4,17,0,8.0,9.0,9.0,14.0,11.142857142857142,11.5,12.2,13.0
2025-04-22 00:00:00+00:00,5,13,True,1,4,17,0,8.0,13.0,13.0,11.0,11.0,11.428571428571429,12.0,12.0
2025-04-23 00:00:00+00:00,5,12,True,2,4,17,0,13.0,12.0,14.0,11.0,11.0,11.428571428571429,12.066666666666666,12.0
2025-04-24 00:00:00+00:00,5,12,True,3,4,17,0,12.0,11.0,14.0,15.0,11.0,11.285714285714286,12.1,11.0
2025-04-25 00:00:00+00:00,5,11,True,4,4,17,0,12.0,13.0,13.0,14.0,11.142857142857142,11.142857142857142,12.0,12.0
2025-04-26 00:00:00+00:00,5,12,True,5,4,17,1,11.0,12.0,12.0,13.0,10.857142857142858,11.0,11.9,8.0
2025-04-27 00:00:00+00:00,5,8,True,6,4,17,1,12.0,8.0,8.0,15.0,10.857142857142858,11.0,11.866666666666667,8.0
2025-04-28 00:00:00+00:00,5,8,True,0,4,18,0,8.0,8.0,9.0,14.0,10.857142857142858,11.0,11.633333333333333,11.0
2025-04-29 00:00:00+00:00,5,11,True,1,4,18,0,8.0,13.0,13.0,10.0,10.857142857142858,10.928571428571429,11.433333333333334,10.0
2025-04-30 00:00:00+00:00,5,10,True,2,4,18,0,11.0,12.0,12.0,9.0,10.571428571428571,10.785714285714286,11.466666666666667,12.0
2025-05-01 00:00:00+00:00,5,12,True,3,5,18,0,10.0,12.0,11.0,15.0,10.285714285714286,10.642857142857142,11.5,11.0
2025-05-02 00:00:00+00:00,5,11,True,4,5,18,0,12.0,11.0,13.0,14.0,10.285714285714286,10.714285714285714,11.4,11.0
2025-05-03 00:00:00+00:00,5,11,True,5,5,18,1,11.0,12.0,12.0,13.0,10.285714285714286,10.571428571428571,11.3,7.0
2025-05-04 00:00:00+00:00,5,7,True,6,5,18,1,11.0,8.0,8.0,13.0,10.142857142857142,10.5,11.233333333333333,8.0
2025-05-05 00:00:00+00:00,5,8,True,0,5,19,0,7.0,8.0,8.0,14.0,10.0,10.428571428571429,11.033333333333333,11.0
2025-05-06 00:00:00+00:00,5,11,True,1,5,19,0,8.0,11.0,13.0,10.0,10.0,10.428571428571429,10.833333333333334,11.0
2025-05-07 00:00:00+00:00,5,11,True,2,5,19,0,11.0,10.0,12.0,9.0,10.0,10.285714285714286,10.866666666666667,11.0
2025-05-08 00:00:00+00:00,5,11,True,3,5,19,0,11.0,12.0,12.0,13.0,10.142857142857142,10.214285714285714,10.933333333333334,12.0
2025-05-09 00:00:00+00:00,5,12,True,4,5,19,0,11.0,11.0,11.0,14.0,10.0,10.142857142857142,10.866666666666667,12.0
2025-05-10 00:00:00+00:00,5,12,True,5,5,19,1,12.0,11.0,12.0,14.0,10.142857142857142,10.214285714285714,10.8,8.0
2025-05-11 00:00:00+00:00,5,8,True,6,5,19,1,12.0,7.0,8.0,13.0,10.285714285714286,10.214285714285714,10.733333333333333,7.0
2025-05-12 00:00:00+00:00,5,7,True,0,5,20,0,8.0,8.0,8.0,12.0,10.428571428571429,10.214285714285714,10.566666666666666,12.0
2025-05-13 00:00:00+00:00,5,12,True,1,5,20,0,7.0,11.0,11.0,8.0,10.285714285714286,10.142857142857142,10.4,12.0
2025-05-14 00:00:00+00:00,5,12,True,2,5,20,0,12.0,11.0,10.0,9.0,10.428571428571429,10.214285714285714,10.533333333333333,11.0
2025-05-15 00:00:00+00:00,5,11,True,3,5,20,0,12.0,11.0,12.0,13.0,10.571428571428571,10.357142857142858,10.633333333333333,11.0
2025-05-16 00:00:00+00:00,5,11,True,4,5,20,0,11.0,12.0,11.0,12.0,10.571428571428571,10.285714285714286,10.566666666666666,11.0
2025-05-17 00:00:00+00:00,5,11,True,5,5,20,1,11.0,12.0,11.0,11.0,10.428571428571429,10.285714285714286,10.533333333333333,9.0
2025-05-18 00:00:00+00:00,5,9,True,6,5,20,1,11.0,8.0,7.0,13.0,10.285714285714286,10.285714285714286,10.533333333333333,8.0
2025-05-19 00:00:00+00:00,5,8,True,0,5,21,0,9.0,7.0,8.0,12.0,10.428571428571429,10.428571428571429,10.4,11.0
2025-05-20 00:00:00+00:00,5,11,True,1,5,21,0,8.0,12.0,11.0,8.0,10.571428571428571,10.428571428571429,10.266666666666667,11.0
2025-05-21 00:00:00+00:00,5,11,True,2,5,21,0,11.0,12.0,11.0,8.0,10.428571428571429,10.428571428571429,10.366666666666667,13.0
2025-05-22 00:00:00+00:00,5,13,True,3,5,21,0,11.0,11.0,11.0,13.0,10.285714285714286,10.428571428571429,10.466666666666667,12.0
2025-05-23 00:00:00+00:00,5,12,True,4,5,21,0,13.0,11.0,12.0,12.0,10.571428571428571,10.571428571428571,10.466666666666667,12.0
2025-05-24 00:00:00+00:00,5,12,True,5,5,21,1,12.0,11.0,12.0,12.0,10.714285714285714,10.571428571428571,10.466666666666667,8.0
2025-05-25 00:00:00+00:00,5,8,True,6,5,21,1,12.0,9.0,8.0,11.0,10.857142857142858,10.571428571428571,10.466666666666667,9.0
2025-05-26 00:00:00+00:00,5,9,True,0,5,22,0,8.0,8.0,7.0,12.0,10.714285714285714,10.571428571428571,10.366666666666667,13.0
2025-05-27 00:00:00+00:00,5,13,True,1,5,22,0,9.0,11.0,12.0,8.0,10.857142857142858,10.714285714285714,10.266666666666667,13.0
2025-05-28 00:00:00+00:00,5,13,True,2,5,22,0,13.0,11.0,12.0,8.0,11.142857142857142,10.785714285714286,10.433333333333334,12.0
2025-05-29 00:00:00+00:00,5,12,True,3,5,22,0,13.0,13.0,11.0,11.0,11.428571428571429,10.857142857142858,10.6,14.0
2025-05-30 00:00:00+00:00,5,14,True,4,5,22,0,12.0,12.0,11.0,10.0,11.285714285714286,10.928571428571429,10.633333333333333,14.0
2025-05-31 00:00:00+00:00,5,14,True,5,5,22,1,14.0,12.0,11.0,12.0,11.571428571428571,11.142857142857142,10.766666666666667,9.0
2025-06-01 00:00:00+00:00,5,9,True,6,6,22,1,14.0,8.0,9.0,11.0,11.857142857142858,11.357142857142858,10.833333333333334,9.0
2025-06-02 00:00:00+00:00,5,9,True,0,6,23,0,9.0,9.0,8.0,11.0,12.0,11.357142857142858,10.766666666666667,12.0
2025-06-03 00:00:00+00:00,5,12,True,1,6,23,0,9.0,13.0,11.0,7.0,12.0,11.428571428571429,10.7,14.0
2025-06-04 00:00:00+00:00,5,14,True,2,6,23,0,12.0,13.0,11.0,8.0,11.857142857142858,11.5,10.866666666666667,14.0
2025-06-05 00:00:00+00:00,5,14,True,3,6,23,0,14.0,12.0,13.0,11.0,12.0,11.714285714285714,11.066666666666666,13.0
2025-06-06 00:00:00+00:00,5,13,True,4,6,23,0,14.0,14.0,12.0,11.0,12.285714285714286,11.785714285714286,11.166666666666666,13.0
2025-06-07 00:00:00+00:00,5,13,True,5,6,23,1,13.0,14.0,12.0,11.0,12.142857142857142,11.857142857142858,11.233333333333333,10.0
2025-06-08 00:00:00+00:00,5,10,True,6,6,23,1,13.0,9.0,8.0,12.0,12.0,11.928571428571429,11.3,10.0
2025-06-09 00:00:00+00:00,5,10,True,0,6,24,0,10.0,9.0,9.0,12.0,12.142857142857142,12.071428571428571,11.233333333333333,14.0
2025-06-10 00:00:00+00:00,5,14,True,1,6,24,0,10.0,12.0,13.0,8.0,12.285714285714286,12.142857142857142,11.166666666666666,14.0
2025-06-11 00:00:00+00:00,5,14,True,2,6,24,0,14.0,14.0,13.0,7.0,12.571428571428571,12.214285714285714,11.366666666666667,16.0
2025-06-12 00:00:00+00:00,5,16,True,3,6,24,0,14.0,14.0,12.0,12.0,12.571428571428571,12.285714285714286,11.6,15.0
2025-06-13 00:00:00+00:00,5,15,True,4,6,24,0,16.0,13.0,14.0,12.0,12.857142857142858,12.571428571428571,11.733333333333333,15.0
2025-06-14 00:00:00+00:00,5,15,True,5,6,24,1,15.0,13.0,14.0,11.0,13.142857142857142,12.642857142857142,11.833333333333334,10.0
2025-06-15 00:00:00+00:00,5,10,True,6,6,24,1,15.0,10.0,9.0,11.0,13.428571428571429,12.714285714285714,11.966666666666667,11.0
2025-06-16 00:00:00+00:00,5,11,True,0,6,25,0,10.0,10.0,9.0,11.0,13.428571428571429,12.785714285714286,11.933333333333334,16.0
2025-06-17 00:00:00+00:00,5,16,True,1,6,25,0,11.0,14.0,12.0,9.0,13.571428571428571,12.928571428571429,11.933333333333334,15.0
2025-06-18 00:00:00+00:00,5,15,True,2,6,25,0,16.0,14.0,14.0,8.0,13.857142857142858,13.214285714285714,12.166666666666666,15.0
2025-06-19 00:00:00+00:00,5,15,True,3,6,25,0,15.0,16.0,14.0,11.0,14.0,13.285714285714286,12.4,14.0
2025-06-20 00:00:00+00:00,5,14,True,4,6,25,0,15.0,15.0,13.0,11.0,13.857142857142858,13.357142857142858,12.533333333333333,16.0
2025-06-21 00:00:00+00:00,5,16,True,5,6,25,1,14.0,15.0,13.0,13.0,13.714285714285714,13.428571428571429,12.633333333333333,11.0
2025-06-22 00:00:00+00:00,5,11,True,6,6,25,1,16.0,10.0,10.0,12.0,13.857142857142858,13.642857142857142,12.733333333333333,11.0
2025-06-23 00:00:00+00:00,5,11,True,0,6,26,0,11.0,11.0,10.0,12.0,14.0,13.714285714285714,12.7,15.0
2025-06-24 00:00:00+00:00,5,15,True,1,6,26,0,11.0,16.0,14.0,8.0,14.0,13.785714285714286,12.666666666666666,17.0
2025-06-25 00:00:00+00:00,5,17,True,2,6,26,0,15.0,15.0,14.0,9.0,13.857142857142858,13.857142857142858,12.9,16.0
2025-06-26 00:00:00+00:00,5,16,True,3,6,26,0,17.0,15.0,16.0,13.0,14.142857142857142,14.071428571428571,13.166666666666666,15.0
2025-06-27 00:00:00+00:00,5,15,True,4,6,26,0,16.0,14.0,15.0,13.0,14.285714285714286,14.071428571428571,13.266666666666667,15.0
2025-06-28 00:00:00+00:00,5,15,True,5,6,26,1,15.0,16.0,15.0,12.0,14.428571428571429,14.071428571428571,13.333333333333334,12.0
2025-06-29 00:00:00+00:00,5,12,True,6,6,26,1,15.0,11.0,10.0,14.0,14.285714285714286,14.071428571428571,13.433333333333334,11.0
2025-06-30 00:00:00+00:00,5,11,True,0,6,27,0,12.0,11.0,11.0,14.0,14.428571428571429,14.214285714285714,13.366666666666667,16.0
2025-07-01 00:00:00+00:00,5,16,True,1,7,27,0,11.0,15.0,16.0,9.0,14.428571428571429,14.214285714285714,13.266666666666667,15.0
2025-07-02 00:00:00+00:00,5,15,True,2,7,27,0,16.0,17.0,15.0,9.0,14.571428571428571,14.214285714285714,13.5,17.0
2025-07-03 00:00:00+00:00,5,17,True,3,7,27,0,15.0,16.0,15.0,12.0,14.285714285714286,14.214285714285714,13.7,17.0
2025-07-04 00:00:00+00:00,5,17,True,4,7,27,0,17.0,15.0,14.0,14.0,14.428571428571429,14.357142857142858,13.866666666666667,16.0
2025-07-05 00:00:00+00:00,5,16,True,5,7,27,1,17.0,15.0,16.0,14.0,14.714285714285714,14.571428571428571,13.966666666666667,11.0
2025-07-06 00:00:00+00:00,5,11,True,6,7,27,1,16.0,12.0,11.0,13.0,14.857142857142858,14.571428571428571,14.033333333333333,10.0
2025-07-07 00:00:00+00:00,5,10,True,0,7,28,0,11.0,11.0,11.0,13.0,14.714285714285714,14.571428571428571,13.966666666666667,17.0
2025-07-08 00:00:00+00:00,5,17,True,1,7,28,0,10.0,16.0,15.0,10.0,14.571428571428571,14.5,13.866666666666667,16.0
2025-07-09 00:00:00+00:00,5,16,True,2,7,28,0,17.0,15.0,17.0,10.0,14.714285714285714,14.642857142857142,14.1,15.0
2025-07-10 00:00:00+00:00,5,15,True,3,7,28,0,16.0,17.0,16.0,14.0,14.857142857142858,14.571428571428571,14.3,15.0
2025-07-11 00:00:00+00:00,5,15,True,4,7,28,0,15.0,17.0,15.0,14.0,14.571428571428571,14.5,14.333333333333334,17.0
2025-07-12 00:00:00+00:00,5,17,True,5,7,28,1,15.0,16.0,15.0,16.0,14.285714285714286,14.5,14.366666666666667,11.0
2025-07-13 00:00:00+00:00,5,11,True,6,7,28,1,17.0,11.0,12.0,15.0,14.428571428571429,14.642857142857142,14.4,11.0
2025-07-14 00:00:00+00:00,5,11,True,0,7,29,0,11.0,10.0,11.0,15.0,14.428571428571429,14.571428571428571,14.266666666666667,15.0
2025-07-15 00:00:00+00:00,5,15,True,1,7,29,0,11.0,17.0,16.0,10.0,14.571428571428571,14.571428571428571,14.133333333333333,17.0
2025-07-16 00:00:00+00:00,5,17,True,2,7,29,0,15.0,16.0,15.0,11.0,14.285714285714286,14.5,14.3,16.0
2025-07-17 00:00:00+00:00,5,16,True,3,7,29,0,17.0,15.0,17.0,16.0,14.428571428571429,14.642857142857142,14.5,15.0
2025-07-18 00:00:00+00:00,5,15,True,4,7,29,0,16.0,15.0,17.0,15.0,14.571428571428571,14.571428571428571,14.5,14.0
2025-07-19 00:00:00+00:00,5,14,True,5,7,29,1,15.0,17.0,16.0,15.0,14.571428571428571,14.428571428571429,14.5,11.0
2025-07-20 00:00:00+00:00,5,11,True,6,7,29,1,14.0,11.0,11.0,14.0,14.142857142857142,14.285714285714286,14.466666666666667,11.0
2025-07-21 00:00:00+00:00,5,11,True,0,7,30,0,11.0,11.0,10.0,16.0,14.142857142857142,14.285714285714286,14.366666666666667,15.0
2025-07-22 00:00:00+00:00,5,15,True,1,7,30,0,11.0,15.0,17.0,11.0,14.142857142857142,14.357142857142858,14.2,14.0
2025-07-23 00:00:00+00:00,5,14,True,2,7,30,0,15.0,17.0,16.0,11.0,14.142857142857142,14.214285714285714,14.333333333333334,14.0
2025-07-24 00:00:00+00:00,5,14,True,3,7,30,0,14.0,16.0,15.0,15.0,13.714285714285714,14.071428571428571,14.433333333333334,15.0
2025-07-25 00:00:00+00:00,5,15,True,4,7,30,0,14.0,15.0,15.0,17.0,13.428571428571429,14.0,14.4,15.0
2025-07-26 00:00:00+00:00,5,15,True,5,7,30,1,15.0,14.0,17.0,16.0,13.428571428571429,14.0,14.333333333333334,10.0
2025-07-27 00:00:00+00:00,5,10,True,6,7,30,1,15.0,11.0,11.0,15.0,13.571428571428571,13.857142857142858,14.3,9.0
2025-07-28 00:00:00+00:00,5,9,True,0,7,31,0,10.0,11.0,11.0,15.0,13.428571428571429,13.785714285714286,14.133333333333333,15.0
2025-07-29 00:00:00+00:00,5,15,True,1,7,31,0,9.0,15.0,15.0,12.0,13.142857142857142,13.642857142857142,13.933333333333334,14.0
2025-07-30 00:00:00+00:00,5,14,True,2,7,31,0,15.0,14.0,17.0,11.0,13.142857142857142,13.642857142857142,14.033333333333333,14.0
2025-07-31 00:00:00+00:00,5,14,True,3,7,31,0,14.0,14.0,16.0,16.0,13.142857142857142,13.428571428571429,14.133333333333333,13.0
2025-08-01 00:00:00+00:00,5,13,True,4,8,31,0,14.0,15.0,15.0,15.0,13.142857142857142,13.285714285714286,14.066666666666666,15.0
2025-08-02 00:00:00+00:00,5,15,True,5,8,31,1,13.0,15.0,14.0,17.0,12.857142857142858,13.142857142857142,14.0,10.0
2025-08-03 00:00:00+00:00,5,10,True,6,8,31,1,15.0,10.0,11.0,17.0,12.857142857142858,13.214285714285714,13.933333333333334,9.0
2025-08-04 00:00:00+00:00,5,9,True,0,8,32,0,10.0,9.0,11.0,16.0,12.857142857142858,13.142857142857142,13.7,13.0
2025-08-05 00:00:00+00:00,5,13,True,1,8,32,0,9.0,15.0,15.0,11.0,12.857142857142858,13.0,13.466666666666667,14.0
2025-08-06 00:00:00+00:00,5,14,True,2,8,32,0,13.0,14.0,14.0,10.0,12.571428571428571,12.857142857142858,13.533333333333333,14.0
2025-08-07 00:00:00+00:00,5,14,True,3,8,32,0,14.0,14.0,14.0,17.0,12.571428571428571,12.857142857142858,13.666666666666666,13.0
2025-08-08 00:00:00+00:00,5,13,True,4,8,32,0,14.0,13.0,15.0,16.0,12.571428571428571,12.857142857142858,13.566666666666666,12.0
2025-08-09 00:00:00+00:00,5,12,True,5,8,32,1,13.0,15.0,15.0,15.0,12.571428571428571,12.714285714285714,13.466666666666667,8.0
2025-08-10 00:00:00+00:00,5,8,True,6,8,32,1,12.0,10.0,10.0,15.0,12.142857142857142,12.5,13.366666666666667,9.0
2025-08-11 00:00:00+00:00,5,9,True,0,8,33,0,8.0,9.0,9.0,17.0,11.857142857142858,12.357142857142858,13.133333333333333,13.0
2025-08-12 00:00:00+00:00,5,13,True,1,8,33,0,9.0,13.0,15.0,11.0,11.857142857142858,12.357142857142858,12.866666666666667,12.0
2025-08-13 00:00:00+00:00,5,12,True,2,8,33,0,13.0,14.0,14.0,11.0,11.857142857142858,12.214285714285714,12.933333333333334,12.0
2025-08-14 00:00:00+00:00,5,12,True,3,8,33,0,12.0,14.0,14.0,15.0,11.571428571428571,12.071428571428571,12.966666666666667,13.0
2025-08-15 00:00:00+00:00,5,13,True,4,8,33,0,12.0,13.0,13.0,17.0,11.285714285714286,11.928571428571429,12.866666666666667,13.0
2025-08-16 00:00:00+00:00,5,13,True,5,8,33,1,13.0,12.0,15.0,16.0,11.285714285714286,11.928571428571429,12.733333333333333,8.0
2025-08-17 00:00:00+00:00,5,8,True,6,8,33,1,13.0,8.0,10.0,15.0,11.428571428571429,11.785714285714286,12.633333333333333,8.0
2025-08-18 00:00:00+00:00,5,8,True,0,8,34,0,8.0,9.0,9.0,14.0,11.428571428571429,11.642857142857142,12.4,13.0
2025-08-19 00:00:00+00:00,5,13,True,1,8,34,0,8.0,13.0,13.0,11.0,11.285714285714286,11.571428571428571,12.2,12.0
2025-08-20 00:00:00+00:00,5,12,True,2,8,34,0,13.0,12.0,14.0,11.0,11.285714285714286,11.571428571428571,12.266666666666667,12.0
2025-08-21 00:00:00+00:00,5,12,True,3,8,34,0,12.0,12.0,14.0,15.0,11.285714285714286,11.428571428571429,12.3,11.0
2025-08-22 00:00:00+00:00,5,11,True,4,8,34,0,12.0,13.0,13.0,14.0,11.285714285714286,11.285714285714286,12.2,13.0
2025-08-23 00:00:00+00:00,5,13,True,5,8,34,1,11.0,13.0,12.0,14.0,11.0,11.142857142857142,12.1,9.0
2025-08-24 00:00:00+00:00,5,9,True,6,8,34,1,13.0,8.0,8.0,15.0,11.0,11.214285714285714,12.066666666666666,8.0
2025-08-25 00:00:00+00:00,5,8,True,0,8,35,0,9.0,8.0,9.0,15.0,11.142857142857142,11.285714285714286,11.866666666666667,11.0
2025-08-26 00:00:00+00:00,5,11,True,1,8,35,0,8.0,13.0,13.0,10.0,11.142857142857142,11.214285714285714,11.633333333333333,11.0
2025-08-27 00:00:00+00:00,5,11,True,2,8,35,0,11.0,12.0,12.0,9.0,10.857142857142858,11.071428571428571,11.666666666666666,13.0
2025-08-28 00:00:00+00:00,5,13,True,3,8,35,0,11.0,12.0,12.0,15.0,10.714285714285714,11.0,11.733333333333333,12.0
2025-08-29 00:00:00+00:00,5,12,True,4,8,35,0,13.0,11.0,13.0,14.0,10.857142857142858,11.071428571428571,11.666666666666666,12.0
2025-08-30 00:00:00+00:00,5,12,True,5,8,35,1,12.0,13.0,13.0,14.0,11.0,11.0,11.6,8.0
2025-08-31 00:00:00+00:00,5,8,True,6,8,35,1,12.0,9.0,8.0,13.0,10.857142857142858,10.928571428571429,11.533333333333333,9.0
2025-09-01 00:00:00+00:00,5,9,True,0,9,36,0,8.0,8.0,8.0,15.0,10.714285714285714,10.928571428571429,11.366666666666667,12.0
2025-09-02 00:00:00+00:00,5,12,True,1,9,36,0,9.0,11.0,13.0,10.0,10.857142857142858,11.0,11.166666666666666,12.0
2025-09-03 00:00:00+00:00,5,12,True,2,9,36,0,12.0,11.0,12.0,9.0,11.0,10.928571428571429,11.233333333333333,11.0
2025-09-04 00:00:00+00:00,5,11,True,3,9,36,0,12.0,13.0,12.0,13.0,11.142857142857142,10.928571428571429,11.333333333333334,13.0
2025-09-05 00:00:00+00:00,5,13,True,4,9,36,0,11.0,12.0,11.0,14.0,10.857142857142858,10.857142857142858,11.266666666666667,13.0
2025-09-06 00:00:00+00:00,5,13,True,5,9,36,1,13.0,12.0,13.0,14.0,11.0,11.0,11.233333333333333,8.0
2025-09-07 00:00:00+00:00,5,8,True,6,9,36,1,13.0,8.0,9.0,13.0,11.142857142857142,11.0,11.2,8.0
2025-09-08 00:00:00+00:00,5,8,True,0,9,37,0,8.0,9.0,8.0,12.0,11.142857142857142,10.928571428571429,11.033333333333333,13.0
2025-09-09 00:00:00+00:00,5,13,True,1,9,37,0,8.0,12.0,11.0,8.0,11.0,10.928571428571429,10.9,13.0
2025-09-10 00:00:00+00:00,5,13,True,2,9,37,0,13.0,12.0,11.0,9.0,11.142857142857142,11.071428571428571,11.066666666666666,13.0
2025-09-11 00:00:00+00:00,5,13,True,3,9,37,0,13.0,11.0,13.0,13.0,11.285714285714286,11.214285714285714,11.2,12.0
2025-09-12 00:00:00+00:00,5,12,True,4,9,37,0,13.0,13.0,12.0,12.0,11.571428571428571,11.214285714285714,11.2,12.0
2025-09-13 00:00:00+00:00,5,12,True,5,9,37,1,12.0,13.0,12.0,12.0,11.428571428571429,11.214285714285714,11.2,9.0
2025-09-14 00:00:00+00:00,5,9,True,6,9,37,1,12.0,8.0,8.0,13.0,11.285714285714286,11.214285714285714,11.2,9.0
2025-09-15 00:00:00+00:00,5,9,True,0,9,38,0,9.0,8.0,9.0,13.0,11.428571428571429,11.285714285714286,11.066666666666666,13.0
2025-09-16 00:00:00+00:00,5,13,True,1,9,38,0,9.0,13.0,12.0,8.0,11.571428571428571,11.285714285714286,10.933333333333334,12.0
2025-09-17 00:00:00+00:00,5,12,True,2,9,38,0,13.0,13.0,12.0,8.0,11.571428571428571,11.357142857142858,11.1,14.0
2025-09-18 00:00:00+00:00,5,14,True,3,9,38,0,12.0,13.0,11.0,13.0,11.428571428571429,11.357142857142858,11.233333333333333,14.0
2025-09-19 00:00:00+00:00,5,14,True,4,9,38,0,14.0,12.0,13.0,12.0,11.571428571428571,11.571428571428571,11.266666666666667,13.0
2025-09-20 00:00:00+00:00,5,13,True,5,9,38,1,14.0,12.0,13.0,12.0,11.857142857142858,11.642857142857142,11.333333333333334,9.0
2025-09-21 00:00:00+00:00,5,9,True,6,9,38,1,13.0,9.0,8.0,11.0,12.0,11.642857142857142,11.366666666666667,10.0
2025-09-22 00:00:00+00:00,5,10,True,0,9,39,0,9.0,9.0,8.0,13.0,12.0,11.714285714285714,11.3,15.0
2025-09-23 00:00:00+00:00,5,15,True,1,9,39,0,10.0,13.0,13.0,9.0,12.142857142857142,11.857142857142858,11.2,14.0
2025-09-24 00:00:00+00:00,5,14,True,2,9,39,0,15.0,12.0,13.0,8.0,12.428571428571429,12.0,11.4,14.0
2025-09-25 00:00:00+00:00,5,14,True,3,9,39,0,14.0,14.0,13.0,11.0,12.714285714285714,12.071428571428571,11.6,16.0
2025-09-26 00:00:00+00:00,5,16,True,4,9,39,0,14.0,14.0,12.0,11.0,12.714285714285714,12.142857142857142,11.7,15.0
2025-09-27 00:00:00+00:00,5,15,True,5,9,39,1,16.0,13.0,12.0,13.0,13.0,12.428571428571429,11.866666666666667,10.0
2025-09-28 00:00:00+00:00,5,10,True,6,9,39,1,15.0,9.0,9.0,12.0,13.285714285714286,12.642857142857142,11.933333333333334,10.0
2025-09-29 00:00:00+00:00,5,10,True,0,9,40,0,10.0,10.0,9.0,12.0,13.428571428571429,12.714285714285714,11.866666666666667,14.0
2025-09-30 00:00:00+00:00,5,14,True,1,9,40,0,10.0,15.0,13.0,8.0,13.428571428571429,12.785714285714286,11.8,16.0
2025-10-01 00:00:00+00:00,5,16,True,2,10,40,0,14.0,14.0,12.0,9.0,13.285714285714286,12.857142857142858,12.0,15.0
2025-10-02 00:00:00+00:00,5,15,True,3,10,40,0,16.0,14.0,14.0,12.0,13.571428571428571,13.142857142857142,12.233333333333333,15.0
2025-10-03 00:00:00+00:00,5,15,True,4,10,40,0,15.0,16.0,14.0,12.0,13.714285714285714,13.214285714285714,12.333333333333334,14.0
2025-10-04 00:00:00+00:00,5,14,True,5,10,40,1,15.0,15.0,13.0,11.0,13.571428571428571,13.285714285714286,12.433333333333334,12.0
2025-10-05 00:00:00+00:00,5,12,True,6,10,40,1,14.0,10.0,9.0,13.0,13.428571428571429,13.357142857142858,12.533333333333333,11.0
2025-10-06 00:00:00+00:00,5,11,True,0,10,41,0,12.0,10.0,10.0,13.0,13.714285714285714,13.571428571428571,12.5,16.0
2025-10-07 00:00:00+00:00,5,16,True,1,10,41,0,11.0,14.0,15.0,8.0,13.857142857142858,13.642857142857142,12.433333333333334,15.0
2025-10-08 00:00:00+00:00,5,15,True,2,10,41,0,16.0,16.0,14.0,8.0,14.142857142857142,13.714285714285714,12.7,17.0
2025-10-09 00:00:00+00:00,5,17,True,3,10,41,0,15.0,15.0,14.0,13.0,14.0,13.785714285714286,12.933333333333334,17.0
2025-10-10 00:00:00+00:00,5,17,True,4,10,41,0,17.0,15.0,16.0,13.0,14.285714285714286,14.0,13.066666666666666,16.0
2025-10-11 00:00:00+00:00,5,16,True,5,10,41,1,17.0,14.0,15.0,13.0,14.571428571428571,14.071428571428571,13.2,11.0
2025-10-12 00:00:00+00:00,5,11,True,6,10,41,1,16.0,12.0,10.0,12.0,14.857142857142858,14.142857142857142,13.3,12.0
2025-10-13 00:00:00+00:00,5,12,True,0,10,42,0,11.0,11.0,10.0,12.0,14.714285714285714,14.214285714285714,13.266666666666667,17.0
2025-10-14 00:00:00+00:00,5,17,True,1,10,42,0,12.0,16.0,14.0,9.0,14.857142857142858,14.357142857142858,13.266666666666667,17.0
2025-10-15 00:00:00+00:00,5,17,True,2,10,42,0,17.0,15.0,16.0,9.0,15.0,14.571428571428571,13.533333333333333,16.0
2025-10-16 00:00:00+00:00,5,16,True,3,10,42,0,17.0,17.0,15.0,13.0,15.285714285714286,14.642857142857142,13.8,15.0
2025-10-17 00:00:00+00:00,5,15,True,4,10,42,0,16.0,17.0,15.0,12.0,15.142857142857142,14.714285714285714,13.9,18.0
2025-10-18 00:00:00+00:00,5,18,True,5,10,42,1,15.0,16.0,14.0,14.0,14.857142857142858,14.714285714285714,14.0,12.0
2025-10-19 00:00:00+00:00,5,12,True,6,10,42,1,18.0,11.0,12.0,14.0,15.142857142857142,15.0,14.133333333333333,11.0
2025-10-20 00:00:00+00:00,5,11,True,0,10,43,0,12.0,12.0,11.0,13.0,15.285714285714286,15.0,14.066666666666666,16.0
2025-10-21 00:00:00+00:00,5,16,True,1,10,43,0,11.0,17.0,16.0,9.0,15.142857142857142,15.0,14.0,18.0
2025-10-22 00:00:00+00:00,5,18,True,2,10,43,0,16.0,17.0,15.0,10.0,15.0,15.0,14.233333333333333,17.0
2025-10-23 00:00:00+00:00,5,17,True,3,10,43,0,18.0,16.0,17.0,15.0,15.142857142857142,15.214285714285714,14.5,17.0
2025-10-24 00:00:00+00:00,5,17,True,4,10,43,0,17.0,15.0,17.0,14.0,15.285714285714286,15.214285714285714,14.566666666666666,16.0
2025-10-25 00:00:00+00:00,5,16,True,5,10,43,1,17.0,18.0,16.0,14.0,15.571428571428571,15.214285714285714,14.666666666666666,13.0
2025-10-26 00:00:00+00:00,5,13,True,6,10,43,1,16.0,12.0,11.0,16.0,15.285714285714286,15.214285714285714,14.733333333333333,12.0
2025-10-27 00:00:00+00:00,5,12,True,0,10,44,0,13.0,11.0,12.0,15.0,15.428571428571429,15.357142857142858,14.633333333333333,17.0
2025-10-28 00:00:00+00:00,5,17,True,1,10,44,0,12.0,16.0,17.0,10.0,15.571428571428571,15.357142857142858,14.533333333333333,16.0
2025-10-29 00:00:00+00:00,5,16,True,2,10,44,0,17.0,18.0,17.0,10.0,15.714285714285714,15.357142857142858,14.766666666666667,18.0
2025-10-30 00:00:00+00:00,5,18,True,3,10,44,0,16.0,17.0,16.0,14.0,15.428571428571429,15.285714285714286,14.966666666666667,17.0
2025-10-31 00:00:00+00:00,5,17,True,4,10,44,0,18.0,17.0,15.0,16.0,15.571428571428571,15.428571428571429,15.1,17.0
2025-11-01 00:00:00+00:00,5,17,True,5,11,44,1,17.0,16.0,18.0,15.0,15.571428571428571,15.571428571428571,15.133333333333333,11.0
2025-11-02 00:00:00+00:00,5,11,True,6,11,44,1,17.0,13.0,12.0,15.0,15.714285714285714,15.5,15.2,11.0
2025-11-03 00:00:00+00:00,5,11,True,0,11,45,0,11.0,12.0,11.0,14.0,15.428571428571429,15.428571428571429,15.066666666666666,17.0
2025-11-04 00:00:00+00:00,5,17,True,1,11,45,0,11.0,17.0,16.0,12.0,15.285714285714286,15.428571428571429,14.966666666666667,17.0
2025-11-05 00:00:00+00:00,5,17,True,2,11,45,0,17.0,16.0,18.0,11.0,15.285714285714286,15.5,15.133333333333333,16.0
2025-11-06 00:00:00+00:00,5,16,True,3,11,45,0,17.0,18.0,17.0,16.0,15.428571428571429,15.428571428571429,15.333333333333334,15.0
2025-11-07 00:00:00+00:00,5,15,True,4,11,45,0,16.0,17.0,17.0,15.0,15.142857142857142,15.357142857142858,15.333333333333334,17.0
2025-11-08 00:00:00+00:00,5,17,True,5,11,45,1,15.0,17.0,16.0,17.0,14.857142857142858,15.214285714285714,15.333333333333334,11.0
2025-11-09 00:00:00+00:00,5,11,True,6,11,45,1,17.0,11.0,13.0,17.0,14.857142857142858,15.285714285714286,15.333333333333334,11.0
2025-11-10 00:00:00+00:00,5,11,True,0,11,46,0,11.0,11.0,12.0,16.0,14.857142857142858,15.142857142857142,15.133333333333333,15.0
2025-11-11 00:00:00+00:00,5,15,True,1,11,46,0,11.0,17.0,17.0,11.0,14.857142857142858,15.071428571428571,14.966666666666667,17.0
2025-11-12 00:00:00+00:00,5,17,True,2,11,46,0,15.0,17.0,16.0,12.0,14.571428571428571,14.928571428571429,15.1,16.0
2025-11-13 00:00:00+00:00,5,16,True,3,11,46,0,17.0,16.0,18.0,17.0,14.571428571428571,15.0,15.266666666666667,15.0
2025-11-14 00:00:00+00:00,5,15,True,4,11,46,0,16.0,15.0,17.0,17.0,14.571428571428571,14.857142857142858,15.233333333333333,15.0
2025-11-15 00:00:00+00:00,5,15,True,5,11,46,1,15.0,17.0,17.0,16.0,14.571428571428571,14.714285714285714,15.166666666666666,12.0
2025-11-16 00:00:00+00:00,5,12,True,6,11,46,1,15.0,11.0,11.0,15.0,14.285714285714286,14.571428571428571,15.133333333333333,11.0
2025-11-17 00:00:00+00:00,5,11,True,0,11,47,0,12.0,11.0,11.0,18.0,14.428571428571429,14.642857142857142,15.033333333333333,15.0
2025-11-18 00:00:00+00:00,5,15,True,1,11,47,0,11.0,15.0,17.0,12.0,14.428571428571429,14.642857142857142,14.8,14.0
2025-11-19 00:00:00+00:00,5,14,True,2,11,47,0,15.0,17.0,17.0,11.0,14.428571428571429,14.5,14.9,14.0
2025-11-20 00:00:00+00:00,5,14,True,3,11,47,0,14.0,16.0,16.0,16.0,14.0,14.285714285714286,15.0,16.0
2025-11-21 00:00:00+00:00,5,16,True,4,11,47,0,14.0,15.0,15.0,18.0,13.714285714285714,14.142857142857142,14.933333333333334,15.0
2025-11-22 00:00:00+00:00,5,15,True,5,11,47,1,16.0,15.0,17.0,17.0,13.857142857142858,14.214285714285714,14.866666666666667,10.0
2025-11-23 00:00:00+00:00,5,10,True,6,11,47,1,15.0,12.0,11.0,17.0,13.857142857142858,14.071428571428571,14.8,9.0
2025-11-24 00:00:00+00:00,5,9,True,0,11,48,0,10.0,11.0,11.0,16.0,13.571428571428571,14.0,14.566666666666666,15.0
2025-11-25 00:00:00+00:00,5,15,True,1,11,48,0,9.0,15.0,15.0,13.0,13.285714285714286,13.857142857142858,14.333333333333334,14.0
2025-11-26 00:00:00+00:00,5,14,True,2,11,48,0,15.0,14.0,17.0,12.0,13.285714285714286,13.857142857142858,14.4,14.0
2025-11-27 00:00:00+00:00,5,14,True,3,11,48,0,14.0,14.0,16.0,17.0,13.285714285714286,13.642857142857142,14.466666666666667,13.0
2025-11-28 00:00:00+00:00,5,13,True,4,11,48,0,14.0,16.0,15.0,16.0,13.285714285714286,13.5,14.366666666666667,15.0
2025-11-29 00:00:00+00:00,5,15,True,5,11,48,1,13.0,15.0,15.0,18.0,12.857142857142858,13.357142857142858,14.266666666666667,10.0
2025-11-30 00:00:00+00:00,5,10,True,6,11,48,1,15.0,10.0,12.0,17.0,12.857142857142858,13.357142857142858,14.166666666666666,9.0
2025-12-01 00:00:00+00:00,5,9,True,0,12,49,0,10.0,9.0,11.0,17.0,12.857142857142858,13.214285714285714,13.933333333333334,13.0
2025-12-02 00:00:00+00:00,5,13,True,1,12,49,0,9.0,15.0,15.0,11.0,12.857142857142858,13.071428571428571,13.666666666666666,15.0
2025-12-03 00:00:00+00:00,5,15,True,2,12,49,0,13.0,14.0,14.0,11.0,12.571428571428571,12.928571428571429,13.733333333333333,14.0
2025-12-04 00:00:00+00:00,5,14,True,3,12,49,0,15.0,14.0,14.0,17.0,12.714285714285714,13.0,13.866666666666667,13.0
2025-12-05 00:00:00+00:00,5,13,True,4,12,49,0,14.0,13.0,16.0,17.0,12.714285714285714,13.0,13.766666666666667,13.0
2025-12-06 00:00:00+00:00,5,13,True,5,12,49,1,13.0,15.0,15.0,16.0,12.714285714285714,12.785714285714286,13.633333333333333,8.0
2025-12-07 00:00:00+00:00,5,8,True,6,12,49,1,13.0,10.0,10.0,15.0,12.428571428571429,12.642857142857142,13.533333333333333,10.0
2025-12-08 00:00:00+00:00,5,10,True,0,12,50,0,8.0,9.0,9.0,17.0,12.142857142857142,12.5,13.3,13.0
2025-12-09 00:00:00+00:00,5,13,True,1,12,50,0,10.0,13.0,15.0,11.0,12.285714285714286,12.571428571428571,13.066666666666666,12.0
2025-12-10 00:00:00+00:00,5,12,True,2,12,50,0,13.0,15.0,14.0,11.0,12.285714285714286,12.428571428571429,13.133333333333333,12.0
2025-12-11 00:00:00+00:00,5,12,True,3,12,50,0,12.0,14.0,14.0,15.0,11.857142857142858,12.285714285714286,13.166666666666666,14.0
2025-12-12 00:00:00+00:00,5,14,True,4,12,50,0,12.0,13.0,13.0,17.0,11.571428571428571,12.142857142857142,13.066666666666666,13.0
2025-12-13 00:00:00+00:00,5,13,True,5,12,50,1,14.0,13.0,15.0,16.0,11.714285714285714,12.214285714285714,12.966666666666667,9.0
2025-12-14 00:00:00+00:00,5,9,True,6,12,50,1,13.0,8.0,10.0,15.0,11.714285714285714,12.071428571428571,12.866666666666667,8.0
2025-12-15 00:00:00+00:00,5,8,True,0,12,51,0,9.0,10.0,9.0,15.0,11.857142857142858,12.0,12.666666666666666,14.0
2025-12-16 00:00:00+00:00,5,14,True,1,12,51,0,8.0,13.0,13.0,12.0,11.571428571428571,11.928571428571429,12.433333333333334,13.0
2025-12-17 00:00:00+00:00,5,13,True,2,12,51,0,14.0,12.0,15.0,11.0,11.714285714285714,12.0,12.5,12.0
2025-12-18 00:00:00+00:00,5,12,True,3,12,51,0,13.0,12.0,14.0,15.0,11.857142857142858,11.857142857142858,12.566666666666666,12.0
2025-12-19 00:00:00+00:00,5,12,True,4,12,51,0,12.0,14.0,13.0,14.0,11.857142857142858,11.714285714285714,12.466666666666667,14.0
2025-12-20 00:00:00+00:00,5,14,True,5,12,51,1,12.0,13.0,13.0,14.0,11.571428571428571,11.642857142857142,12.4,9.0
2025-12-21 00:00:00+00:00,5,9,True,6,12,51,1,14.0,9.0,8.0,16.0,11.714285714285714,11.714285714285714,12.4,9.0
2025-12-22 00:00:00+00:00,5,9,True,0,12,52,0,9.0,8.0,10.0,15.0,11.714285714285714,11.785714285714286,12.166666666666666,12.0
2025-12-23 00:00:00+00:00,5,12,True,1,12,52,0,9.0,14.0,13.0,10.0,11.857142857142858,11.714285714285714,11.966666666666667,12.0
2025-12-24 00:00:00+00:00,5,12,True,2,12,52,0,12.0,13.0,12.0,9.0,11.571428571428571,11.642857142857142,12.033333333333333,13.0
2025-12-25 00:00:00+00:00,5,13,True,3,12,52,0,12.0,12.0,12.0,15.0,11.428571428571429,11.642857142857142,12.133333333333333,13.0
2025-12-26 00:00:00+00:00,5,13,True,4,12,52,0,13.0,12.0,14.0,14.0,11.571428571428571,11.714285714285714,12.066666666666666,13.0
2025-12-27 00:00:00+00:00,5,13,True,5,12,52,1,13.0,14.0,13.0,14.0,11.714285714285714,11.642857142857142,12.033333333333333,8.0
2025-12-28 00:00:00+00:00,5,8,True,6,12,52,1,13.0,9.0,9.0,13.0,11.571428571428571,11.642857142857142,12.0,10.0
2025-12-29 00:00:00+00:00,5,10,True,0,12,1,0,8.0,9.0,8.0,15.0,11.428571428571429,11.571428571428571,11.833333333333334,13.0
2025-12-30 00:00:00+00:00,5,13,True,1,12,1,0,10.0,12.0,14.0,10.0,11.571428571428571,11.714285714285714,11.666666666666666,13.0
2025-01-31 00:00:00+00:00,6,13,True,4,1,5,0,15.0,11.0,10.0,8.0,10.714285714285714,9.785714285714286,9.433333333333334,12.0
2025-02-01 00:00:00+00:00,6,12,True,5,2,5,1,13.0,11.0,5.0,10.0,11.0,10.0,9.6,8.0
2025-02-02 00:00:00+00:00,6,8,True,6,2,5,1,12.0,7.0,8.0,10.0,11.142857142857142,10.5,9.666666666666666,8.0
2025-02-03 00:00:00+00:00,6,8,True,0,2,6,0,8.0,8.0,7.0,9.0,11.285714285714286,10.5,9.6,6.0
2025-02-04 00:00:00+00:00,6,6,True,1,2,6,0,8.0,12.0,10.0,6.0,11.285714285714286,10.571428571428571,9.566666666666666,13.0
2025-02-05 00:00:00+00:00,6,13,True,2,2,6,0,6.0,11.0,10.0,7.0,10.428571428571429,10.285714285714286,9.566666666666666,13.0
2025-02-06 00:00:00+00:00,6,13,True,3,2,6,0,13.0,15.0,12.0,10.0,10.714285714285714,10.5,9.766666666666667,12.0
2025-02-07 00:00:00+00:00,6,12,True,4,2,6,0,13.0,13.0,11.0,10.0,10.428571428571429,10.571428571428571,9.866666666666667,12.0
2025-02-08 00:00:00+00:00,6,12,True,5,2,6,1,12.0,12.0,11.0,9.0,10.285714285714286,10.642857142857142,9.933333333333334,9.0
2025-02-09 00:00:00+00:00,6,9,True,6,2,6,1,12.0,8.0,7.0,11.0,10.285714285714286,10.714285714285714,10.033333333333333,9.0
2025-02-10 00:00:00+00:00,6,9,True,0,2,7,0,9.0,8.0,8.0,10.0,10.428571428571429,10.857142857142858,9.966666666666667,13.0
2025-02-11 00:00:00+00:00,6,13,True,1,2,7,0,9.0,6.0,12.0,7.0,10.571428571428571,10.928571428571429,9.933333333333334,12.0
2025-02-12 00:00:00+00:00,6,12,True,2,2,7,0,13.0,13.0,11.0,7.0,11.571428571428571,11.0,10.133333333333333,14.0
2025-02-13 00:00:00+00:00,6,14,True,3,2,7,0,12.0,13.0,15.0,11.0,11.428571428571429,11.071428571428571,10.3,13.0
2025-02-14 00:00:00+00:00,6,13,True,4,2,7,0,14.0,12.0,13.0,11.0,11.571428571428571,11.0,10.4,13.0
2025-02-15 00:00:00+00:00,6,13,True,5,2,7,1,13.0,12.0,12.0,10.0,11.714285714285714,11.0,10.466666666666667,9.0
2025-02-16 00:00:00+00:00,6,9,True,6,2,7,1,13.0,9.0,8.0,10.0,11.857142857142858,11.071428571428571,10.566666666666666,10.0
2025-02-17 00:00:00+00:00,6,10,True,0,2,8,0,9.0,9.0,8.0,5.0,11.857142857142858,11.142857142857142,10.533333333333333,14.0
2025-02-18 00:00:00+00:00,6,14,True,1,2,8,0,10.0,13.0,6.0,8.0,12.0,11.285714285714286,10.7,13.0
2025-02-19 00:00:00+00:00,6,13,True,2,2,8,0,14.0,12.0,13.0,7.0,12.142857142857142,11.857142857142858,10.9,13.0
2025-02-20 00:00:00+00:00,6,13,True,3,2,8,0,13.0,14.0,13.0,10.0,12.285714285714286,11.857142857142858,11.1,7.0
2025-02-21 00:00:00+00:00,6,7,True,4,2,8,0,13.0,13.0,12.0,10.0,12.142857142857142,11.857142857142858,11.2,14.0
2025-02-22 00:00:00+00:00,6,14,True,5,2,8,1,7.0,13.0,12.0,12.0,11.285714285714286,11.5,11.1,9.0
2025-02-23 00:00:00+00:00,6,9,True,6,2,8,1,14.0,9.0,9.0,11.0,11.428571428571429,11.642857142857142,11.166666666666666,9.0
2025-02-24 00:00:00+00:00,6,9,True,0,2,9,0,9.0,10.0,9.0,11.0,11.428571428571429,11.642857142857142,11.1,13.0
2025-02-25 00:00:00+00:00,6,13,True,1,2,9,0,9.0,14.0,13.0,7.0,11.285714285714286,11.642857142857142,11.033333333333333,14.0
2025-02-26 00:00:00+00:00,6,14,True,2,2,9,0,13.0,13.0,12.0,8.0,11.142857142857142,11.642857142857142,11.233333333333333,14.0
2025-02-27 00:00:00+00:00,6,14,True,3,2,9,0,14.0,13.0,14.0,12.0,11.285714285714286,11.785714285714286,11.433333333333334,17.0
2025-02-28 00:00:00+00:00,6,17,True,4,2,9,0,14.0,7.0,13.0,11.0,11.428571428571429,11.785714285714286,11.5,13.0
2025-03-01 00:00:00+00:00,6,13,True,5,3,9,1,17.0,14.0,13.0,15.0,12.857142857142858,12.071428571428571,11.7,10.0
2025-03-02 00:00:00+00:00,6,10,True,6,3,9,1,13.0,9.0,9.0,13.0,12.714285714285714,12.071428571428571,11.633333333333333,10.0
2025-03-03 00:00:00+00:00,6,10,True,0,3,10,0,10.0,9.0,10.0,12.0,12.857142857142858,12.142857142857142,11.533333333333333,13.0
2025-03-04 00:00:00+00:00,6,13,True,1,3,10,0,10.0,13.0,14.0,8.0,13.0,12.142857142857142,11.466666666666667,13.0
2025-03-05 00:00:00+00:00,6,13,True,2,3,10,0,13.0,14.0,13.0,8.0,13.0,12.071428571428571,11.633333333333333,14.0
2025-03-06 00:00:00+00:00,6,14,True,3,3,10,0,13.0,14.0,13.0,6.0,12.857142857142858,12.071428571428571,11.8,14.0
2025-03-07 00:00:00+00:00,6,14,True,4,3,10,0,14.0,17.0,7.0,13.0,12.857142857142858,12.142857142857142,12.066666666666666,13.0
2025-03-08 00:00:00+00:00,6,13,True,5,3,10,1,14.0,13.0,14.0,13.0,12.428571428571429,12.642857142857142,12.1,9.0
2025-03-09 00:00:00+00:00,6,9,True,6,3,10,1,13.0,10.0,9.0,12.0,12.428571428571429,12.571428571428571,12.1,3.0
2025-03-10 00:00:00+00:00,6,3,True,0,3,11,0,9.0,10.0,9.0,12.0,12.285714285714286,12.571428571428571,12.0,14.0
2025-03-11 00:00:00+00:00,6,14,True,1,3,11,0,3.0,13.0,13.0,9.0,11.285714285714286,12.142857142857142,11.7,13.0
2025-03-12 00:00:00+00:00,6,13,True,2,3,11,0,14.0,13.0,14.0,9.0,11.428571428571429,12.214285714285714,11.866666666666667,13.0
2025-03-13 00:00:00+00:00,6,13,True,3,3,11,0,13.0,14.0,14.0,13.0,11.428571428571429,12.142857142857142,12.0,12.0
2025-03-14 00:00:00+00:00,6,12,True,4,3,11,0,13.0,14.0,17.0,12.0,11.285714285714286,12.071428571428571,12.0,14.0
2025-03-15 00:00:00+00:00,6,14,True,5,3,11,1,12.0,13.0,13.0,14.0,11.0,11.714285714285714,12.0,9.0
2025-03-16 00:00:00+00:00,6,9,True,6,3,11,1,14.0,9.0,10.0,13.0,11.142857142857142,11.785714285714286,12.0,9.0
2025-03-17 00:00:00+00:00,6,9,True,0,3,12,0,9.0,3.0,10.0,13.0,11.142857142857142,11.714285714285714,11.866666666666667,12.0
2025-03-18 00:00:00+00:00,6,12,True,1,3,12,0,9.0,14.0,13.0,9.0,12.0,11.642857142857142,11.733333333333333,13.0
2025-03-19 00:00:00+00:00,6,13,True,2,3,12,0,12.0,13.0,13.0,10.0,11.714285714285714,11.571428571428571,11.833333333333334,13.0
2025-03-20 00:00:00+00:00,6,13,True,3,3,12,0,13.0,13.0,14.0,14.0,11.714285714285714,11.571428571428571,11.933333333333334,12.0
2025-03-21 00:00:00+00:00,6,12,True,4,3,12,0,13.0,12.0,14.0,13.0,11.714285714285714,11.5,11.9,12.0
2025-03-22 00:00:00+00:00,6,12,True,5,3,12,1,12.0,14.0,13.0,13.0,11.714285714285714,11.357142857142858,11.866666666666667,9.0
2025-03-23 00:00:00+00:00,6,9,True,6,3,12,1,12.0,9.0,9.0,7.0,11.428571428571429,11.285714285714286,11.833333333333334,9.0
2025-03-24 00:00:00+00:00,6,9,True,0,3,13,0,9.0,9.0,3.0,14.0,11.428571428571429,11.285714285714286,11.9,12.0
2025-03-25 00:00:00+00:00,6,12,True,1,3,13,0,9.0,12.0,14.0,9.0,11.428571428571429,11.714285714285714,11.733333333333333,11.0
2025-03-26 00:00:00+00:00,6,11,True,2,3,13,0,12.0,13.0,13.0,9.0,11.428571428571429,11.571428571428571,11.833333333333334,6.0
2025-03-27 00:00:00+00:00,6,6,True,3,3,13,0,11.0,13.0,13.0,13.0,11.142857142857142,11.428571428571429,11.9,12.0
2025-03-28 00:00:00+00:00,6,12,True,4,3,13,0,6.0,12.0,12.0,14.0,10.142857142857142,10.928571428571429,11.666666666666666,16.0
2025-03-29 00:00:00+00:00,6,16,True,5,3,13,1,12.0,12.0,14.0,14.0,10.142857142857142,10.928571428571429,11.6,8.0
2025-03-30 00:00:00+00:00,6,8,True,6,3,13,1,16.0,9.0,9.0,17.0,10.714285714285714,11.071428571428571,11.666666666666666,7.0
2025-03-31 00:00:00+00:00,6,7,True,0,3,14,0,8.0,9.0,9.0,13.0,10.571428571428571,11.0,11.366666666666667,12.0
2025-04-01 00:00:00+00:00,6,12,True,1,4,14,0,7.0,12.0,12.0,10.0,10.285714285714286,10.857142857142858,11.166666666666666,11.0
2025-04-02 00:00:00+00:00,6,11,True,2,4,14,0,12.0,11.0,13.0,10.0,10.285714285714286,10.857142857142858,11.233333333333333,11.0
2025-04-03 00:00:00+00:00,6,11,True,3,4,14,0,11.0,6.0,13.0,13.0,10.285714285714286,10.714285714285714,11.266666666666667,10.0
2025-04-04 00:00:00+00:00,6,10,True,4,4,14,0,11.0,12.0,12.0,13.0,11.0,10.571428571428571,11.2,12.0
2025-04-05 00:00:00+00:00,6,12,True,5,4,14,1,10.0,16.0,12.0,14.0,10.714285714285714,10.428571428571429,11.1,8.0
2025-04-06 00:00:00+00:00,6,8,True,6,4,14,1,12.0,8.0,9.0,14.0,10.142857142857142,10.428571428571429,11.033333333333333,7.0
2025-04-07 00:00:00+00:00,6,7,True,0,4,15,0,8.0,7.0,9.0,13.0,10.142857142857142,10.357142857142858,10.833333333333334,10.0
2025-04-08 00:00:00+00:00,6,10,True,1,4,15,0,7.0,12.0,12.0,9.0,10.142857142857142,10.214285714285714,10.633333333333333,11.0
2025-04-09 00:00:00+00:00,6,11,True,2,4,15,0,10.0,11.0,11.0,3.0,9.857142857142858,10.071428571428571,10.666666666666666,11.0
2025-04-10 00:00:00+00:00,6,11,True,3,4,15,0,11.0,11.0,6.0,14.0,9.857142857142858,10.071428571428571,10.933333333333334,10.0
2025-04-11 00:00:00+00:00,6,10,True,4,4,15,0,11.0,10.0,12.0,13.0,9.857142857142858,10.428571428571429,10.833333333333334,10.0
2025-04-12 00:00:00+00:00,6,10,True,5,4,15,1,10.0,12.0,16.0,13.0,9.857142857142858,10.285714285714286,10.733333333333333,2.0
2025-04-13 00:00:00+00:00,6,2,True,6,4,15,1,10.0,8.0,8.0,12.0,9.571428571428571,9.857142857142858,10.633333333333333,8.0
2025-04-14 00:00:00+00:00,6,8,True,0,4,16,0,2.0,7.0,7.0,14.0,8.714285714285714,9.428571428571429,10.3,10.0
2025-04-15 00:00:00+00:00,6,10,True,1,4,16,0,8.0,10.0,12.0,9.0,8.857142857142858,9.5,10.1,10.0
2025-04-16 00:00:00+00:00,6,10,True,2,4,16,0,10.0,11.0,11.0,9.0,8.857142857142858,9.357142857142858,10.133333333333333,9.0
2025-04-17 00:00:00+00:00,6,9,True,3,4,16,0,10.0,11.0,11.0,12.0,8.714285714285714,9.285714285714286,10.166666666666666,11.0
2025-04-18 00:00:00+00:00,6,11,True,4,4,16,0,9.0,10.0,10.0,13.0,8.428571428571429,9.142857142857142,10.066666666666666,10.0
2025-04-19 00:00:00+00:00,6,10,True,5,4,16,1,11.0,10.0,12.0,13.0,8.571428571428571,9.214285714285714,10.0,7.0
2025-04-20 00:00:00+00:00,6,7,True,6,4,16,1,10.0,2.0,8.0,12.0,8.571428571428571,9.071428571428571,9.9,7.0
2025-04-21 00:00:00+00:00,6,7,True,0,4,17,0,7.0,8.0,7.0,12.0,9.285714285714286,9.0,9.733333333333333,11.0
2025-04-22 00:00:00+00:00,6,11,True,1,4,17,0,7.0,10.0,10.0,9.0,9.142857142857142,9.0,9.566666666666666,10.0
2025-04-23 00:00:00+00:00,6,10,True,2,4,17,0,11.0,10.0,11.0,9.0,9.285714285714286,9.071428571428571,9.633333333333333,10.0
2025-04-24 00:00:00+00:00,6,10,True,3,4,17,0,10.0,9.0,11.0,12.0,9.285714285714286,9.0,9.666666666666666,10.0
2025-04-25 00:00:00+00:00,6,10,True,4,4,17,0,10.0,11.0,10.0,11.0,9.428571428571429,8.928571428571429,9.6,11.0
2025-04-26 00:00:00+00:00,6,11,True,5,4,17,1,10.0,10.0,10.0,6.0,9.285714285714286,8.928571428571429,9.566666666666666,11.0
2025-04-27 00:00:00+00:00,6,11,True,6,4,17,1,11.0,7.0,2.0,12.0,9.428571428571429,9.0,9.733333333333333,7.0
2025-04-28 00:00:00+00:00,6,7,True,0,4,18,0,11.0,7.0,8.0,16.0,10.0,9.642857142857142,9.7,10.0
2025-04-29 00:00:00+00:00,6,10,True,1,4,18,0,7.0,11.0,10.0,8.0,10.0,9.571428571428571,9.4,4.0
2025-04-30 00:00:00+00:00,6,4,True,2,4,18,0,10.0,10.0,10.0,7.0,9.857142857142858,9.571428571428571,9.466666666666667,11.0
2025-05-01 00:00:00+00:00,6,11,True,3,5,18,0,4.0,10.0,9.0,12.0,9.0,9.142857142857142,9.366666666666667,11.0
2025-05-02 00:00:00+00:00,6,11,True,4,5,18,0,11.0,10.0,11.0,11.0,9.142857142857142,9.285714285714286,9.333333333333334,10.0
2025-05-03 00:00:00+00:00,6,10,True,5,5,18,1,11.0,11.0,10.0,11.0,9.285714285714286,9.285714285714286,9.333333333333334,7.0
2025-05-04 00:00:00+00:00,6,7,True,6,5,18,1,10.0,11.0,7.0,10.0,9.142857142857142,9.285714285714286,9.3,8.0
2025-05-05 00:00:00+00:00,6,8,True,0,5,19,0,7.0,7.0,7.0,12.0,8.571428571428571,9.285714285714286,9.2,11.0
2025-05-06 00:00:00+00:00,6,11,True,1,5,19,0,8.0,10.0,11.0,8.0,8.714285714285714,9.357142857142858,9.066666666666666,11.0
2025-05-07 00:00:00+00:00,6,11,True,2,5,19,0,11.0,4.0,10.0,7.0,8.857142857142858,9.357142857142858,9.166666666666666,10.0
2025-05-08 00:00:00+00:00,6,10,True,3,5,19,0,11.0,11.0,10.0,10.0,9.857142857142858,9.428571428571429,9.3,12.0
2025-05-09 00:00:00+00:00,6,12,True,4,5,19,0,10.0,11.0,10.0,11.0,9.714285714285714,9.428571428571429,9.3,11.0
2025-05-10 00:00:00+00:00,6,11,True,5,5,19,1,12.0,10.0,11.0,11.0,9.857142857142858,9.571428571428571,9.333333333333334,8.0
2025-05-11 00:00:00+00:00,6,8,True,6,5,19,1,11.0,7.0,11.0,10.0,10.0,9.571428571428571,9.333333333333334,7.0
2025-05-12 00:00:00+00:00,6,7,True,0,5,20,0,8.0,8.0,7.0,10.0,10.142857142857142,9.357142857142858,9.266666666666667,12.0
2025-05-13 00:00:00+00:00,6,12,True,1,5,20,0,7.0,11.0,10.0,2.0,10.0,9.357142857142858,9.166666666666666,12.0
2025-05-14 00:00:00+00:00,6,12,True,2,5,20,0,12.0,11.0,4.0,8.0,10.142857142857142,9.5,9.5,12.0
2025-05-15 00:00:00+00:00,6,12,True,3,5,20,0,12.0,10.0,11.0,10.0,10.285714285714286,10.071428571428571,9.633333333333333,11.0
2025-05-16 00:00:00+00:00,6,11,True,4,5,20,0,12.0,12.0,11.0,10.0,10.571428571428571,10.142857142857142,9.7,6.0
2025-05-17 00:00:00+00:00,6,6,True,5,5,20,1,11.0,11.0,10.0,9.0,10.428571428571429,10.142857142857142,9.733333333333333,9.0
2025-05-18 00:00:00+00:00,6,9,True,6,5,20,1,6.0,8.0,7.0,11.0,9.714285714285714,9.857142857142858,9.633333333333333,8.0
2025-05-19 00:00:00+00:00,6,8,True,0,5,21,0,9.0,7.0,8.0,10.0,9.857142857142858,10.0,9.566666666666666,12.0
2025-05-20 00:00:00+00:00,6,12,True,1,5,21,0,8.0,12.0,11.0,7.0,10.0,10.0,9.5,11.0
2025-05-21 00:00:00+00:00,6,11,True,2,5,21,0,12.0,12.0,11.0,7.0,10.0,10.071428571428571,9.666666666666666,13.0
2025-05-22 00:00:00+00:00,6,13,True,3,5,21,0,11.0,12.0,10.0,11.0,9.857142857142858,10.071428571428571,9.8,13.0
2025-05-23 00:00:00+00:00,6,13,True,4,5,21,0,13.0,11.0,12.0,10.0,10.0,10.285714285714286,9.866666666666667,12.0
2025-05-24 00:00:00+00:00,6,12,True,5,5,21,1,13.0,6.0,11.0,10.0,10.285714285714286,10.357142857142858,9.966666666666667,8.0
2025-05-25 00:00:00+00:00,6,8,True,6,5,21,1,12.0,9.0,8.0,10.0,11.142857142857142,10.428571428571429,10.033333333333333,14.0
2025-05-26 00:00:00+00:00,6,14,True,0,5,22,0,8.0,8.0,7.0,11.0,11.0,10.428571428571429,9.966666666666667,13.0
2025-05-27 00:00:00+00:00,6,13,True,1,5,22,0,14.0,12.0,12.0,11.0,11.857142857142858,10.928571428571429,10.066666666666666,13.0
2025-05-28 00:00:00+00:00,6,13,True,2,5,22,0,13.0,11.0,12.0,7.0,12.0,11.0,10.133333333333333,12.0
2025-05-29 00:00:00+00:00,6,12,True,3,5,22,0,13.0,13.0,12.0,10.0,12.285714285714286,11.071428571428571,10.333333333333334,14.0
2025-05-30 00:00:00+00:00,6,14,True,4,5,22,0,12.0,13.0,11.0,4.0,12.142857142857142,11.071428571428571,10.4,14.0
2025-05-31 00:00:00+00:00,6,14,True,5,5,22,1,14.0,12.0,6.0,11.0,12.285714285714286,11.285714285714286,10.733333333333333,9.0
2025-06-01 00:00:00+00:00,6,9,True,6,6,22,1,14.0,8.0,9.0,11.0,12.571428571428571,11.857142857142858,10.833333333333334,9.0
2025-06-02 00:00:00+00:00,6,9,True,0,6,23,0,9.0,14.0,8.0,10.0,12.714285714285714,11.857142857142858,10.766666666666667,8.0
2025-06-03 00:00:00+00:00,6,8,True,1,6,23,0,9.0,13.0,12.0,7.0,12.0,11.928571428571429,10.733333333333333,14.0
2025-06-04 00:00:00+00:00,6,14,True,2,6,23,0,8.0,13.0,11.0,8.0,11.285714285714286,11.642857142857142,10.766666666666667,14.0
2025-06-05 00:00:00+00:00,6,14,True,3,6,23,0,14.0,12.0,13.0,11.0,11.428571428571429,11.857142857142858,10.966666666666667,13.0
2025-06-06 00:00:00+00:00,6,13,True,4,6,23,0,14.0,14.0,13.0,11.0,11.714285714285714,11.928571428571429,11.066666666666666,13.0
2025-06-07 00:00:00+00:00,6,13,True,5,6,23,1,13.0,14.0,12.0,10.0,11.571428571428571,11.928571428571429,11.133333333333333,10.0
2025-06-08 00:00:00+00:00,6,10,True,6,6,23,1,13.0,9.0,8.0,12.0,11.428571428571429,12.0,11.233333333333333,10.0
2025-06-09 00:00:00+00:00,6,10,True,0,6,24,0,10.0,9.0,14.0,11.0,11.571428571428571,12.142857142857142,11.166666666666666,14.0
2025-06-10 00:00:00+00:00,6,14,True,1,6,24,0,10.0,8.0,13.0,8.0,11.714285714285714,11.857142857142858,11.133333333333333,13.0
2025-06-11 00:00:00+00:00,6,13,True,2,6,24,0,14.0,14.0,13.0,7.0,12.571428571428571,11.928571428571429,11.333333333333334,15.0
2025-06-12 00:00:00+00:00,6,15,True,3,6,24,0,13.0,14.0,12.0,12.0,12.428571428571429,11.928571428571429,11.533333333333333,15.0
2025-06-13 00:00:00+00:00,6,15,True,4,6,24,0,15.0,13.0,14.0,12.0,12.571428571428571,12.142857142857142,11.633333333333333,14.0
2025-06-14 00:00:00+00:00,6,14,True,5,6,24,1,15.0,13.0,14.0,12.0,12.857142857142858,12.214285714285714,11.733333333333333,9.0
2025-06-15 00:00:00+00:00,6,9,True,6,6,24,1,14.0,10.0,9.0,11.0,13.0,12.214285714285714,11.8,11.0
2025-06-16 00:00:00+00:00,6,11,True,0,6,25,0,9.0,10.0,9.0,6.0,12.857142857142858,12.214285714285714,11.733333333333333,15.0
2025-06-17 00:00:00+00:00,6,15,True,1,6,25,0,11.0,14.0,8.0,9.0,13.0,12.357142857142858,11.9,14.0
2025-06-18 00:00:00+00:00,6,14,True,2,6,25,0,15.0,13.0,14.0,8.0,13.142857142857142,12.857142857142858,12.1,14.0
2025-06-19 00:00:00+00:00,6,14,True,3,6,25,0,14.0,15.0,14.0,12.0,13.285714285714286,12.857142857142858,12.3,8.0
2025-06-20 00:00:00+00:00,6,8,True,4,6,25,0,14.0,15.0,13.0,11.0,13.142857142857142,12.857142857142858,12.366666666666667,15.0
2025-06-21 00:00:00+00:00,6,15,True,5,6,25,1,8.0,14.0,13.0,13.0,12.142857142857142,12.5,12.266666666666667,10.0
2025-06-22 00:00:00+00:00,6,10,True,6,6,25,1,15.0,9.0,10.0,13.0,12.285714285714286,12.642857142857142,12.333333333333334,10.0
2025-06-23 00:00:00+00:00,6,10,True,0,6,26,0,10.0,11.0,10.0,12.0,12.428571428571429,12.642857142857142,12.233333333333333,17.0
2025-06-24 00:00:00+00:00,6,17,True,1,6,26,0,10.0,15.0,14.0,8.0,12.285714285714286,12.642857142857142,12.166666666666666,15.0
2025-06-25 00:00:00+00:00,6,15,True,2,6,26,0,17.0,14.0,13.0,14.0,12.571428571428571,12.857142857142858,12.466666666666667,15.0
2025-06-26 00:00:00+00:00,6,15,True,3,6,26,0,15.0,14.0,15.0,13.0,12.714285714285714,13.0,12.5,14.0
2025-06-27 00:00:00+00:00,6,14,True,4,6,26,0,15.0,8.0,15.0,13.0,12.857142857142858,13.0,12.566666666666666,13.0
2025-06-28 00:00:00+00:00,6,13,True,5,6,26,1,14.0,15.0,14.0,12.0,13.714285714285714,12.928571428571429,12.6,11.0
2025-06-29 00:00:00+00:00,6,11,True,6,6,26,1,13.0,10.0,9.0,14.0,13.428571428571429,12.857142857142858,12.633333333333333,10.0
2025-06-30 00:00:00+00:00,6,10,True,0,6,27,0,11.0,10.0,11.0,14.0,13.571428571428571,13.0,12.533333333333333,14.0
2025-07-01 00:00:00+00:00,6,14,True,1,7,27,0,10.0,17.0,15.0,9.0,13.571428571428571,12.928571428571429,12.4,13.0
2025-07-02 00:00:00+00:00,6,13,True,2,7,27,0,14.0,15.0,14.0,9.0,13.142857142857142,12.857142857142858,12.566666666666666,15.0
2025-07-03 00:00:00+00:00,6,15,True,3,7,27,0,13.0,15.0,14.0,8.0,12.857142857142858,12.785714285714286,12.7,14.0
2025-07-04 00:00:00+00:00,6,14,True,4,7,27,0,15.0,14.0,8.0,14.0,12.857142857142858,12.857142857142858,12.933333333333334,14.0
2025-07-05 00:00:00+00:00,6,14,True,5,7,27,1,14.0,13.0,15.0,14.0,12.857142857142858,13.285714285714286,12.933333333333334,9.0
2025-07-06 00:00:00+00:00,6,9,True,6,7,27,1,14.0,11.0,10.0,13.0,13.0,13.214285714285714,12.933333333333334,4.0
2025-07-07 00:00:00+00:00,6,4,True,0,7,28,0,9.0,10.0,10.0,13.0,12.714285714285714,13.142857142857142,12.8,14.0
2025-07-08 00:00:00+00:00,6,14,True,1,7,28,0,4.0,14.0,17.0,10.0,11.857142857142858,12.714285714285714,12.5,13.0
2025-07-09 00:00:00+00:00,6,13,True,2,7,28,0,14.0,13.0,15.0,10.0,11.857142857142858,12.5,12.633333333333333,13.0
2025-07-10 00:00:00+00:00,6,13,True,3,7,28,0,13.0,15.0,15.0,14.0,11.857142857142858,12.357142857142858,12.733333333333333,12.0
2025-07-11 00:00:00+00:00,6,12,True,4,7,28,0,13.0,14.0,14.0,13.0,11.571428571428571,12.214285714285714,12.7,14.0
2025-07-12 00:00:00+00:00,6,14,True,5,7,28,1,12.0,14.0,13.0,15.0,11.285714285714286,12.071428571428571,12.666666666666666,9.0
2025-07-13 00:00:00+00:00,6,9,True,6,7,28,1,14.0,9.0,11.0,15.0,11.285714285714286,12.142857142857142,12.633333333333333,9.0
2025-07-14 00:00:00+00:00,6,9,True,0,7,29,0,9.0,4.0,10.0,14.0,11.285714285714286,12.0,12.433333333333334,12.0
2025-07-15 00:00:00+00:00,6,12,True,1,7,29,0,9.0,14.0,14.0,9.0,12.0,11.928571428571429,12.266666666666667,14.0
2025-07-16 00:00:00+00:00,6,14,True,2,7,29,0,12.0,13.0,13.0,11.0,11.714285714285714,11.785714285714286,12.366666666666667,13.0
2025-07-17 00:00:00+00:00,6,13,True,3,7,29,0,14.0,13.0,15.0,15.0,11.857142857142858,11.857142857142858,12.466666666666667,12.0
2025-07-18 00:00:00+00:00,6,12,True,4,7,29,0,13.0,12.0,14.0,14.0,11.857142857142858,11.714285714285714,12.4,12.0
2025-07-19 00:00:00+00:00,6,12,True,5,7,29,1,12.0,14.0,14.0,14.0,11.857142857142858,11.571428571428571,12.333333333333334,9.0
2025-07-20 00:00:00+00:00,6,9,True,6,7,29,1,12.0,9.0,9.0,8.0,11.571428571428571,11.428571428571429,12.266666666666667,9.0
2025-07-21 00:00:00+00:00,6,9,True,0,7,30,0,9.0,9.0,4.0,15.0,11.571428571428571,11.428571428571429,12.3,12.0
2025-07-22 00:00:00+00:00,6,12,True,1,7,30,0,9.0,12.0,14.0,10.0,11.571428571428571,11.785714285714286,12.1,15.0
2025-07-23 00:00:00+00:00,6,15,True,2,7,30,0,12.0,14.0,13.0,10.0,11.571428571428571,11.642857142857142,12.166666666666666,6.0
2025-07-24 00:00:00+00:00,6,6,True,3,7,30,0,15.0,13.0,13.0,17.0,11.714285714285714,11.785714285714286,12.333333333333334,12.0
2025-07-25 00:00:00+00:00,6,12,True,4,7,30,0,6.0,12.0,12.0,15.0,10.714285714285714,11.285714285714286,11.966666666666667,12.0
2025-07-26 00:00:00+00:00,6,12,True,5,7,30,1,12.0,12.0,14.0,15.0,10.714285714285714,11.285714285714286,11.866666666666667,8.0
2025-07-27 00:00:00+00:00,6,8,True,6,7,30,1,12.0,9.0,9.0,14.0,10.714285714285714,11.142857142857142,11.766666666666667,7.0
2025-07-28 00:00:00+00:00,6,7,True,0,7,31,0,8.0,9.0,9.0,13.0,10.571428571428571,11.071428571428571,11.566666666666666,12.0
2025-07-29 00:00:00+00:00,6,12,True,1,7,31,0,7.0,12.0,12.0,11.0,10.285714285714286,10.928571428571429,11.366666666666667,12.0
2025-07-30 00:00:00+00:00,6,12,True,2,7,31,0,12.0,15.0,14.0,10.0,10.285714285714286,10.928571428571429,11.4,11.0
2025-07-31 00:00:00+00:00,6,11,True,3,7,31,0,12.0,6.0,13.0,14.0,9.857142857142858,10.785714285714286,11.466666666666667,10.0
2025-08-01 00:00:00+00:00,6,10,True,4,8,31,0,11.0,12.0,12.0,13.0,10.571428571428571,10.642857142857142,11.366666666666667,12.0
2025-08-02 00:00:00+00:00,6,12,True,5,8,31,1,10.0,12.0,12.0,15.0,10.285714285714286,10.5,11.266666666666667,8.0
2025-08-03 00:00:00+00:00,6,8,True,6,8,31,1,12.0,8.0,9.0,14.0,10.285714285714286,10.5,11.166666666666666,8.0
2025-08-04 00:00:00+00:00,6,8,True,0,8,32,0,8.0,7.0,9.0,14.0,10.285714285714286,10.428571428571429,10.966666666666667,10.0
2025-08-05 00:00:00+00:00,6,10,True,1,8,32,0,8.0,12.0,12.0,9.0,10.428571428571429,10.357142857142858,10.766666666666667,12.0
2025-08-06 00:00:00+00:00,6,12,True,2,8,32,0,10.0,12.0,15.0,4.0,10.142857142857142,10.214285714285714,10.8,11.0
2025-08-07 00:00:00+00:00,6,11,True,3,8,32,0,12.0,11.0,6.0,14.0,10.142857142857142,10.0,11.066666666666666,11.0
2025-08-08 00:00:00+00:00,6,11,True,4,8,32,0,11.0,10.0,12.0,13.0,10.142857142857142,10.357142857142858,10.966666666666667,10.0
2025-08-09 00:00:00+00:00,6,10,True,5,8,32,1,11.0,12.0,12.0,13.0,10.285714285714286,10.285714285714286,10.9,2.0
2025-08-10 00:00:00+00:00,6,2,True,6,8,32,1,10.0,8.0,8.0,12.0,10.0,10.142857142857142,10.8,8.0
2025-08-11 00:00:00+00:00,6,8,True,0,8,33,0,2.0,8.0,7.0,14.0,9.142857142857142,9.714285714285714,10.466666666666667,11.0
2025-08-12 00:00:00+00:00,6,11,True,1,8,33,0,8.0,10.0,12.0,9.0,9.142857142857142,9.785714285714286,10.266666666666667,10.0
2025-08-13 00:00:00+00:00,6,10,True,2,8,33,0,11.0,12.0,12.0,9.0,9.285714285714286,9.714285714285714,10.333333333333334,10.0
2025-08-14 00:00:00+00:00,6,10,True,3,8,33,0,10.0,11.0,11.0,12.0,9.0,9.571428571428571,10.366666666666667,11.0
2025-08-15 00:00:00+00:00,6,11,True,4,8,33,0,10.0,11.0,10.0,14.0,8.857142857142858,9.5,10.3,11.0
2025-08-16 00:00:00+00:00,6,11,True,5,8,33,1,11.0,10.0,12.0,13.0,8.857142857142858,9.571428571428571,10.2,7.0
2025-08-17 00:00:00+00:00,6,7,True,6,8,33,1,11.0,2.0,8.0,12.0,9.0,9.5,10.133333333333333,7.0
2025-08-18 00:00:00+00:00,6,7,True,0,8,34,0,7.0,8.0,8.0,12.0,9.714285714285714,9.428571428571429,9.966666666666667,12.0
2025-08-19 00:00:00+00:00,6,12,True,1,8,34,0,7.0,11.0,10.0,9.0,9.571428571428571,9.357142857142858,9.8,11.0
2025-08-20 00:00:00+00:00,6,11,True,2,8,34,0,12.0,10.0,12.0,9.0,9.714285714285714,9.5,9.9,15.0
2025-08-21 00:00:00+00:00,6,15,True,3,8,34,0,11.0,10.0,11.0,12.0,9.857142857142858,9.428571428571429,9.966666666666667,10.0
2025-08-22 00:00:00+00:00,6,10,True,4,8,34,0,15.0,11.0,11.0,15.0,10.571428571428571,9.714285714285714,10.066666666666666,12.0
2025-08-23 00:00:00+00:00,6,12,True,5,8,34,1,10.0,11.0,10.0,6.0,10.428571428571429,9.642857142857142,9.9,8.0
2025-08-24 00:00:00+00:00,6,8,True,6,8,34,1,12.0,7.0,2.0,12.0,10.571428571428571,9.785714285714286,10.1,8.0
2025-08-25 00:00:00+00:00,6,8,True,0,8,35,0,8.0,7.0,8.0,12.0,10.714285714285714,10.214285714285714,9.966666666666667,11.0
2025-08-26 00:00:00+00:00,6,11,True,1,8,35,0,8.0,12.0,11.0,8.0,10.857142857142858,10.214285714285714,9.833333333333334,5.0
2025-08-27 00:00:00+00:00,6,5,True,2,8,35,0,11.0,11.0,10.0,7.0,10.714285714285714,10.214285714285714,9.933333333333334,12.0
2025-08-28 00:00:00+00:00,6,12,True,3,8,35,0,5.0,15.0,10.0,12.0,9.857142857142858,9.857142857142858,9.866666666666667,12.0
2025-08-29 00:00:00+00:00,6,12,True,4,8,35,0,12.0,10.0,11.0,12.0,9.428571428571429,10.0,9.866666666666667,11.0
2025-08-30 00:00:00+00:00,6,11,True,5,8,35,1,12.0,12.0,11.0,11.0,9.714285714285714,10.071428571428571,9.866666666666667,8.0
2025-08-31 00:00:00+00:00,6,8,True,6,8,35,1,11.0,8.0,7.0,10.0,9.571428571428571,10.071428571428571,9.866666666666667,9.0
2025-09-01 00:00:00+00:00,6,9,True,0,9,36,0,8.0,8.0,7.0,12.0,9.571428571428571,10.142857142857142,9.8,12.0
2025-09-02 00:00:00+00:00,6,12,True,1,9,36,0,9.0,11.0,12.0,8.0,9.714285714285714,10.285714285714286,9.7,12.0
2025-09-03 00:00:00+00:00,6,12,True,2,9,36,0,12.0,5.0,11.0,8.0,9.857142857142858,10.285714285714286,9.833333333333334,11.0
2025-09-04 00:00:00+00:00,6,11,True,3,9,36,0,12.0,12.0,15.0,10.0,10.857142857142858,10.357142857142858,9.966666666666667,13.0
2025-09-05 00:00:00+00:00,6,13,True,4,9,36,0,11.0,12.0,10.0,12.0,10.714285714285714,10.071428571428571,10.0,13.0
2025-09-06 00:00:00+00:00,6,13,True,5,9,36,1,13.0,11.0,12.0,11.0,10.857142857142858,10.285714285714286,10.033333333333333,9.0
2025-09-07 00:00:00+00:00,6,9,True,6,9,36,1,13.0,8.0,8.0,11.0,11.142857142857142,10.357142857142858,10.1,8.0
2025-09-08 00:00:00+00:00,6,8,True,0,9,37,0,9.0,9.0,8.0,10.0,11.285714285714286,10.428571428571429,10.033333333333333,14.0
2025-09-09 00:00:00+00:00,6,14,True,1,9,37,0,8.0,12.0,11.0,2.0,11.142857142857142,10.428571428571429,9.966666666666667,13.0
2025-09-10 00:00:00+00:00,6,13,True,2,9,37,0,14.0,12.0,5.0,8.0,11.428571428571429,10.642857142857142,10.366666666666667,13.0
2025-09-11 00:00:00+00:00,6,13,True,3,9,37,0,13.0,11.0,12.0,11.0,11.571428571428571,11.214285714285714,10.533333333333333,13.0
2025-09-12 00:00:00+00:00,6,13,True,4,9,37,0,13.0,13.0,12.0,10.0,11.857142857142858,11.285714285714286,10.6,7.0
2025-09-13 00:00:00+00:00,6,7,True,5,9,37,1,13.0,13.0,11.0,10.0,11.857142857142858,11.357142857142858,10.7,10.0
2025-09-14 00:00:00+00:00,6,10,True,6,9,37,1,7.0,9.0,8.0,11.0,11.0,11.071428571428571,10.6,9.0
2025-09-15 00:00:00+00:00,6,9,True,0,9,38,0,10.0,8.0,9.0,11.0,11.142857142857142,11.214285714285714,10.566666666666666,13.0
2025-09-16 00:00:00+00:00,6,13,True,1,9,38,0,9.0,14.0,12.0,7.0,11.285714285714286,11.214285714285714,10.5,13.0
2025-09-17 00:00:00+00:00,6,13,True,2,9,38,0,13.0,13.0,12.0,7.0,11.142857142857142,11.285714285714286,10.7,15.0
2025-09-18 00:00:00+00:00,6,15,True,3,9,38,0,13.0,13.0,11.0,12.0,11.142857142857142,11.357142857142858,10.9,18.0
2025-09-19 00:00:00+00:00,6,18,True,4,9,38,0,15.0,13.0,13.0,11.0,11.428571428571429,11.642857142857142,11.0,14.0
2025-09-20 00:00:00+00:00,6,14,True,5,9,38,1,18.0,7.0,13.0,15.0,12.142857142857142,12.0,11.233333333333333,9.0
2025-09-21 00:00:00+00:00,6,9,True,6,9,38,1,14.0,10.0,9.0,10.0,13.142857142857142,12.071428571428571,11.2,11.0
2025-09-22 00:00:00+00:00,6,11,True,0,9,39,0,9.0,9.0,8.0,12.0,13.0,12.071428571428571,11.166666666666666,15.0
2025-09-23 00:00:00+00:00,6,15,True,1,9,39,0,11.0,13.0,14.0,8.0,13.285714285714286,12.285714285714286,11.133333333333333,14.0
2025-09-24 00:00:00+00:00,6,14,True,2,9,39,0,15.0,13.0,13.0,8.0,13.571428571428571,12.357142857142858,11.366666666666667,14.0
2025-09-25 00:00:00+00:00,6,14,True,3,9,39,0,14.0,15.0,13.0,11.0,13.714285714285714,12.428571428571429,11.566666666666666,16.0
2025-09-26 00:00:00+00:00,6,16,True,4,9,39,0,14.0,18.0,13.0,5.0,13.571428571428571,12.5,11.666666666666666,15.0
2025-09-27 00:00:00+00:00,6,15,True,5,9,39,1,16.0,14.0,7.0,12.0,13.285714285714286,12.714285714285714,12.033333333333333,10.0
2025-09-28 00:00:00+00:00,6,10,True,6,9,39,1,15.0,9.0,10.0,12.0,13.428571428571429,13.285714285714286,12.133333333333333,10.0
2025-09-29 00:00:00+00:00,6,10,True,0,9,40,0,10.0,11.0,9.0,11.0,13.571428571428571,13.285714285714286,12.066666666666666,9.0
2025-09-30 00:00:00+00:00,6,9,True,1,9,40,0,10.0,15.0,13.0,8.0,13.428571428571429,13.357142857142858,12.033333333333333,16.0
2025-10-01 00:00:00+00:00,6,16,True,2,10,40,0,9.0,14.0,13.0,9.0,12.571428571428571,13.071428571428571,12.066666666666666,15.0
2025-10-02 00:00:00+00:00,6,15,True,3,10,40,0,16.0,14.0,15.0,12.0,12.857142857142858,13.285714285714286,12.3,15.0
2025-10-03 00:00:00+00:00,6,15,True,4,10,40,0,15.0,16.0,18.0,12.0,13.0,13.285714285714286,12.4,14.0
2025-10-04 00:00:00+00:00,6,14,True,5,10,40,1,15.0,15.0,14.0,11.0,12.857142857142858,13.071428571428571,12.5,11.0
2025-10-05 00:00:00+00:00,6,11,True,6,10,40,1,14.0,10.0,9.0,13.0,12.714285714285714,13.071428571428571,12.6,11.0
2025-10-06 00:00:00+00:00,6,11,True,0,10,41,0,11.0,10.0,11.0,13.0,12.857142857142858,13.214285714285714,12.533333333333333,15.0
2025-10-07 00:00:00+00:00,6,15,True,1,10,41,0,11.0,9.0,15.0,9.0,13.0,13.214285714285714,12.466666666666667,14.0
2025-10-08 00:00:00+00:00,6,14,True,2,10,41,0,15.0,16.0,14.0,8.0,13.857142857142858,13.214285714285714,12.666666666666666,16.0
2025-10-09 00:00:00+00:00,6,16,True,3,10,41,0,14.0,15.0,14.0,14.0,13.571428571428571,13.214285714285714,12.866666666666667,16.0
2025-10-10 00:00:00+00:00,6,16,True,4,10,41,0,16.0,15.0,16.0,13.0,13.714285714285714,13.357142857142858,12.933333333333334,15.0
2025-10-11 00:00:00+00:00,6,15,True,5,10,41,1,16.0,14.0,15.0,13.0,13.857142857142858,13.357142857142858,13.033333333333333,10.0
2025-10-12 00:00:00+00:00,6,10,True,6,10,41,1,15.0,11.0,10.0,13.0,14.0,13.357142857142858,13.1,11.0
2025-10-13 00:00:00+00:00,6,11,True,0,10,42,0,10.0,11.0,10.0,7.0,13.857142857142858,13.357142857142858,13.0,16.0
2025-10-14 00:00:00+00:00,6,16,True,1,10,42,0,11.0,15.0,9.0,10.0,13.857142857142858,13.428571428571429,13.133333333333333,15.0
2025-10-15 00:00:00+00:00,6,15,True,2,10,42,0,16.0,14.0,16.0,9.0,14.0,13.928571428571429,13.333333333333334,15.0
2025-10-16 00:00:00+00:00,6,15,True,3,10,42,0,15.0,16.0,15.0,13.0,14.142857142857142,13.857142857142858,13.533333333333333,9.0
2025-10-17 00:00:00+00:00,6,9,True,4,10,42,0,15.0,16.0,15.0,13.0,14.0,13.857142857142858,13.6,20.0
2025-10-18 00:00:00+00:00,6,20,True,5,10,42,1,9.0,15.0,14.0,15.0,13.0,13.428571428571429,13.466666666666667,11.0
2025-10-19 00:00:00+00:00,6,11,True,6,10,42,1,20.0,10.0,11.0,18.0,13.714285714285714,13.857142857142858,13.633333333333333,10.0
2025-10-20 00:00:00+00:00,6,10,True,0,10,43,0,11.0,11.0,11.0,14.0,13.857142857142858,13.857142857142858,13.4,14.0
2025-10-21 00:00:00+00:00,6,14,True,1,10,43,0,10.0,16.0,15.0,9.0,13.714285714285714,13.785714285714286,13.266666666666667,16.0
2025-10-22 00:00:00+00:00,6,16,True,2,10,43,0,14.0,15.0,14.0,11.0,13.428571428571429,13.714285714285714,13.433333333333334,15.0
2025-10-23 00:00:00+00:00,6,15,True,3,10,43,0,16.0,15.0,16.0,15.0,13.571428571428571,13.857142857142858,13.6,14.0
2025-10-24 00:00:00+00:00,6,14,True,4,10,43,0,15.0,9.0,16.0,14.0,13.571428571428571,13.785714285714286,13.6,14.0
2025-10-25 00:00:00+00:00,6,14,True,5,10,43,1,14.0,20.0,15.0,14.0,14.285714285714286,13.642857142857142,13.6,11.0
2025-10-26 00:00:00+00:00,6,11,True,6,10,43,1,14.0,11.0,10.0,16.0,13.428571428571429,13.571428571428571,13.6,10.0
2025-10-27 00:00:00+00:00,6,10,True,0,10,44,0,11.0,10.0,11.0,15.0,13.428571428571429,13.642857142857142,13.433333333333334,14.0
2025-10-28 00:00:00+00:00,6,14,True,1,10,44,0,10.0,14.0,16.0,10.0,13.428571428571429,13.571428571428571,13.266666666666667,14.0
2025-10-29 00:00:00+00:00,6,14,True,2,10,44,0,14.0,16.0,15.0,10.0,13.428571428571429,13.428571428571429,13.4,15.0
2025-10-30 00:00:00+00:00,6,15,True,3,10,44,0,14.0,15.0,15.0,9.0,13.142857142857142,13.357142857142858,13.533333333333333,15.0
2025-10-31 00:00:00+00:00,6,15,True,4,10,44,0,15.0,14.0,9.0,16.0,13.142857142857142,13.357142857142858,13.733333333333333,14.0
2025-11-01 00:00:00+00:00,6,14,True,5,11,44,1,15.0,14.0,20.0,15.0,13.285714285714286,13.785714285714286,13.7,9.0
2025-11-02 00:00:00+00:00,6,9,True,6,11,44,1,14.0,11.0,11.0,15.0,13.285714285714286,13.357142857142858,13.666666666666666,4.0
2025-11-03 00:00:00+00:00,6,4,True,0,11,45,0,9.0,10.0,10.0,14.0,13.0,13.214285714285714,13.466666666666667,14.0
2025-11-04 00:00:00+00:00,6,14,True,1,11,45,0,4.0,14.0,14.0,11.0,12.142857142857142,12.785714285714286,13.133333333333333,14.0
2025-11-05 00:00:00+00:00,6,14,True,2,11,45,0,14.0,14.0,16.0,11.0,12.142857142857142,12.785714285714286,13.233333333333333,13.0
2025-11-06 00:00:00+00:00,6,13,True,3,11,45,0,14.0,15.0,15.0,15.0,12.142857142857142,12.642857142857142,13.333333333333334,12.0
2025-11-07 00:00:00+00:00,6,12,True,4,11,45,0,13.0,15.0,14.0,14.0,11.857142857142858,12.5,13.266666666666667,14.0
2025-11-08 00:00:00+00:00,6,14,True,5,11,45,1,12.0,14.0,14.0,16.0,11.428571428571429,12.357142857142858,13.2,9.0
2025-11-09 00:00:00+00:00,6,9,True,6,11,45,1,14.0,9.0,11.0,16.0,11.428571428571429,12.357142857142858,13.133333333333333,9.0
2025-11-10 00:00:00+00:00,6,9,True,0,11,46,0,9.0,4.0,10.0,15.0,11.428571428571429,12.214285714285714,12.9,12.0
2025-11-11 00:00:00+00:00,6,12,True,1,11,46,0,9.0,14.0,14.0,10.0,12.142857142857142,12.142857142857142,12.7,14.0
2025-11-12 00:00:00+00:00,6,14,True,2,11,46,0,12.0,14.0,14.0,11.0,11.857142857142858,12.0,12.766666666666667,13.0
2025-11-13 00:00:00+00:00,6,13,True,3,11,46,0,14.0,13.0,15.0,16.0,11.857142857142858,12.0,12.866666666666667,12.0
2025-11-14 00:00:00+00:00,6,12,True,4,11,46,0,13.0,12.0,15.0,15.0,11.857142857142858,11.857142857142858,12.766666666666667,12.0
2025-11-15 00:00:00+00:00,6,12,True,5,11,46,1,12.0,14.0,14.0,15.0,11.857142857142858,11.642857142857142,12.666666666666666,13.0
2025-11-16 00:00:00+00:00,6,13,True,6,11,46,1,12.0,9.0,9.0,9.0,11.571428571428571,11.5,12.566666666666666,9.0
2025-11-17 00:00:00+00:00,6,9,True,0,11,47,0,13.0,9.0,4.0,20.0,12.142857142857142,11.785714285714286,12.7,12.0
2025-11-18 00:00:00+00:00,6,12,True,1,11,47,0,9.0,12.0,14.0,11.0,12.142857142857142,12.142857142857142,12.333333333333334,12.0
2025-11-19 00:00:00+00:00,6,12,True,2,11,47,0,12.0,14.0,14.0,10.0,12.142857142857142,12.0,12.366666666666667,6.0
2025-11-20 00:00:00+00:00,6,6,True,3,11,47,0,12.0,13.0,13.0,14.0,11.857142857142858,11.857142857142858,12.433333333333334,13.0
2025-11-21 00:00:00+00:00,6,13,True,4,11,47,0,6.0,12.0,12.0,16.0,10.857142857142858,11.357142857142858,12.166666666666666,12.0
2025-11-22 00:00:00+00:00,6,12,True,5,11,47,1,13.0,12.0,14.0,15.0,11.0,11.428571428571429,12.066666666666666,8.0
2025-11-23 00:00:00+00:00,6,8,True,6,11,47,1,12.0,13.0,9.0,14.0,11.0,11.285714285714286,11.966666666666667,8.0
2025-11-24 00:00:00+00:00,6,8,True,0,11,48,0,8.0,9.0,9.0,14.0,10.285714285714286,11.214285714285714,11.766666666666667,12.0
2025-11-25 00:00:00+00:00,6,12,True,1,11,48,0,8.0,12.0,12.0,11.0,10.142857142857142,11.142857142857142,11.566666666666666,12.0
2025-11-26 00:00:00+00:00,6,12,True,2,11,48,0,12.0,12.0,14.0,10.0,10.142857142857142,11.142857142857142,11.6,11.0
2025-11-27 00:00:00+00:00,6,11,True,3,11,48,0,12.0,6.0,13.0,14.0,10.142857142857142,11.0,11.666666666666666,11.0
2025-11-28 00:00:00+00:00,6,11,True,4,11,48,0,11.0,13.0,12.0,14.0,10.857142857142858,10.857142857142858,11.566666666666666,12.0
2025-11-29 00:00:00+00:00,6,12,True,5,11,48,1,11.0,12.0,12.0,15.0,10.571428571428571,10.785714285714286,11.466666666666667,8.0
2025-11-30 00:00:00+00:00,6,8,True,6,11,48,1,12.0,8.0,13.0,15.0,10.571428571428571,10.785714285714286,11.366666666666667,8.0
2025-12-01 00:00:00+00:00,6,8,True,0,12,49,0,8.0,8.0,9.0,14.0,10.571428571428571,10.428571428571429,11.133333333333333,11.0
2025-12-02 00:00:00+00:00,6,11,True,1,12,49,0,8.0,12.0,12.0,9.0,10.571428571428571,10.357142857142858,10.933333333333334,12.0
2025-12-03 00:00:00+00:00,6,12,True,2,12,49,0,11.0,12.0,12.0,4.0,10.428571428571429,10.285714285714286,11.0,12.0
2025-12-04 00:00:00+00:00,6,12,True,3,12,49,0,12.0,11.0,6.0,14.0,10.428571428571429,10.285714285714286,11.266666666666667,11.0
2025-12-05 00:00:00+00:00,6,11,True,4,12,49,0,12.0,11.0,13.0,14.0,10.571428571428571,10.714285714285714,11.2,11.0
2025-12-06 00:00:00+00:00,6,11,True,5,12,49,1,11.0,12.0,12.0,13.0,10.571428571428571,10.571428571428571,11.1,2.0
2025-12-07 00:00:00+00:00,6,2,True,6,12,49,1,11.0,8.0,8.0,12.0,10.428571428571429,10.5,11.033333333333333,8.0
2025-12-08 00:00:00+00:00,6,8,True,0,12,50,0,2.0,8.0,8.0,14.0,9.571428571428571,10.071428571428571,10.7,12.0
2025-12-09 00:00:00+00:00,6,12,True,1,12,50,0,8.0,11.0,12.0,9.0,9.571428571428571,10.071428571428571,10.5,11.0
2025-12-10 00:00:00+00:00,6,11,True,2,12,50,0,12.0,12.0,12.0,9.0,9.714285714285714,10.071428571428571,10.6,11.0
2025-12-11 00:00:00+00:00,6,11,True,3,12,50,0,11.0,12.0,11.0,12.0,9.571428571428571,10.0,10.666666666666666,12.0
2025-12-12 00:00:00+00:00,6,12,True,4,12,50,0,11.0,11.0,11.0,14.0,9.428571428571429,10.0,10.633333333333333,12.0
2025-12-13 00:00:00+00:00,6,12,True,5,12,50,1,12.0,11.0,12.0,13.0,9.571428571428571,10.071428571428571,10.566666666666666,8.0
2025-12-14 00:00:00+00:00,6,8,True,6,12,50,1,12.0,2.0,8.0,12.0,9.714285714285714,10.071428571428571,10.533333333333333,12.0
2025-12-15 00:00:00+00:00,6,12,True,0,12,51,0,8.0,8.0,8.0,12.0,10.571428571428571,10.071428571428571,10.4,13.0
2025-12-16 00:00:00+00:00,6,13,True,1,12,51,0,12.0,12.0,11.0,13.0,11.142857142857142,10.357142857142858,10.4,12.0
2025-12-17 00:00:00+00:00,6,12,True,2,12,51,0,13.0,11.0,12.0,9.0,11.285714285714286,10.5,10.4,12.0
2025-12-18 00:00:00+00:00,6,12,True,3,12,51,0,12.0,11.0,12.0,12.0,11.428571428571429,10.5,10.5,12.0
2025-12-19 00:00:00+00:00,6,12,True,4,12,51,0,12.0,12.0,11.0,12.0,11.571428571428571,10.5,10.5,13.0
2025-12-20 00:00:00+00:00,6,13,True,5,12,51,1,12.0,12.0,11.0,6.0,11.571428571428571,10.571428571428571,10.5,9.0
2025-12-21 00:00:00+00:00,6,9,True,6,12,51,1,13.0,8.0,2.0,13.0,11.714285714285714,10.714285714285714,10.733333333333333,9.0
2025-12-22 00:00:00+00:00,6,9,True,0,12,52,0,9.0,12.0,8.0,12.0,11.857142857142858,11.214285714285714,10.6,12.0
2025-12-23 00:00:00+00:00,6,12,True,1,12,52,0,9.0,13.0,12.0,8.0,11.428571428571429,11.285714285714286,10.5,7.0
2025-12-24 00:00:00+00:00,6,7,True,2,12,52,0,12.0,12.0,11.0,8.0,11.285714285714286,11.285714285714286,10.633333333333333,13.0
2025-12-25 00:00:00+00:00,6,13,True,3,12,52,0,7.0,12.0,11.0,12.0,10.571428571428571,11.0,10.6,13.0
2025-12-26 00:00:00+00:00,6,13,True,4,12,52,0,13.0,12.0,12.0,12.0,10.714285714285714,11.142857142857142,10.633333333333333,13.0
2025-12-27 00:00:00+00:00,6,13,True,5,12,52,1,13.0,13.0,12.0,11.0,10.857142857142858,11.214285714285714,10.666666666666666,8.0
2025-12-28 00:00:00+00:00,6,8,True,6,12,52,1,13.0,9.0,8.0,11.0,10.857142857142858,11.285714285714286,10.733333333333333,10.0
2025-12-29 00:00:00+00:00,6,10,True,0,12,1,0,8.0,9.0,12.0,12.0,10.714285714285714,11.285714285714286,10.633333333333333,14.0
2025-12-30 00:00:00+00:00,6,14,True,1,12,1,0,10.0,12.0,13.0,8.0,10.857142857142858,11.142857142857142,10.566666666666666,13.0
2025-01-31 00:00:00+00:00,7,34,True,4,1,5,0,29.0,30.0,27.0,22.0,27.714285714285715,26.714285714285715,25.366666666666667,33.0
2025-02-01 00:00:00+00:00,7,33,True,5,2,5,1,34.0,29.0,26.0,26.0,28.285714285714285,27.214285714285715,25.766666666666666,22.0
2025-02-02 00:00:00+00:00,7,22,True,6,2,5,1,33.0,20.0,21.0,25.0,28.857142857142858,27.714285714285715,26.0,21.0
2025-02-03 00:00:00+00:00,7,21,True,0,2,6,0,22.0,23.0,20.0,24.0,29.142857142857142,27.785714285714285,25.9,29.0
2025-02-04 00:00:00+00:00,7,29,True,1,2,6,0,21.0,32.0,28.0,16.0,28.857142857142858,27.857142857142858,25.8,33.0
2025-02-05 00:00:00+00:00,7,33,True,2,2,6,0,29.0,31.0,27.0,19.0,28.428571428571427,27.928571428571427,26.233333333333334,32.0
2025-02-06 00:00:00+00:00,7,32,True,3,2,6,0,33.0,29.0,31.0,26.0,28.714285714285715,28.357142857142858,26.7,31.0
2025-02-07 00:00:00+00:00,7,31,True,4,2,6,0,32.0,34.0,30.0,25.0,29.142857142857142,28.428571428571427,26.9,30.0
2025-02-08 00:00:00+00:00,7,30,True,5,2,6,1,31.0,33.0,29.0,25.0,28.714285714285715,28.5,27.1,24.0
2025-02-09 00:00:00+00:00,7,24,True,6,2,6,1,30.0,22.0,20.0,28.0,28.285714285714285,28.571428571428573,27.266666666666666,23.0
2025-02-10 00:00:00+00:00,7,23,True,0,2,7,0,24.0,21.0,23.0,27.0,28.571428571428573,28.857142857142858,27.133333333333333,31.0
2025-02-11 00:00:00+00:00,7,31,True,1,2,7,0,23.0,29.0,32.0,19.0,28.857142857142858,28.857142857142858,27.0,30.0
2025-02-12 00:00:00+00:00,7,30,True,2,2,7,0,31.0,33.0,31.0,18.0,29.142857142857142,28.785714285714285,27.4,34.0
2025-02-13 00:00:00+00:00,7,34,True,3,2,7,0,30.0,32.0,29.0,30.0,28.714285714285715,28.714285714285715,27.8,33.0
2025-02-14 00:00:00+00:00,7,33,True,4,2,7,0,34.0,31.0,34.0,29.0,29.0,29.071428571428573,27.933333333333334,32.0
2025-02-15 00:00:00+00:00,7,32,True,5,2,7,1,33.0,30.0,33.0,28.0,29.285714285714285,29.0,28.066666666666666,21.0
2025-02-16 00:00:00+00:00,7,21,True,6,2,7,1,32.0,24.0,22.0,27.0,29.571428571428573,28.928571428571427,28.2,24.0
2025-02-17 00:00:00+00:00,7,24,True,0,2,8,0,21.0,23.0,21.0,26.0,29.142857142857142,28.857142857142858,28.0,33.0
2025-02-18 00:00:00+00:00,7,33,True,1,2,8,0,24.0,31.0,29.0,21.0,29.285714285714285,29.071428571428573,27.933333333333334,32.0
2025-02-19 00:00:00+00:00,7,32,True,2,2,8,0,33.0,30.0,33.0,20.0,29.571428571428573,29.357142857142858,28.333333333333332,30.0
2025-02-20 00:00:00+00:00,7,30,True,3,2,8,0,32.0,34.0,32.0,28.0,29.857142857142858,29.285714285714285,28.733333333333334,29.0
2025-02-21 00:00:00+00:00,7,29,True,4,2,8,0,30.0,33.0,31.0,27.0,29.285714285714285,29.142857142857142,28.8,33.0
2025-02-22 00:00:00+00:00,7,33,True,5,2,8,1,29.0,32.0,30.0,31.0,28.714285714285715,29.0,28.866666666666667,22.0
2025-02-23 00:00:00+00:00,7,22,True,6,2,8,1,33.0,21.0,24.0,30.0,28.857142857142858,29.214285714285715,28.933333333333334,21.0
2025-02-24 00:00:00+00:00,7,21,True,0,2,9,0,22.0,24.0,23.0,29.0,29.0,29.071428571428573,28.666666666666668,29.0
2025-02-25 00:00:00+00:00,7,29,True,1,2,9,0,21.0,33.0,31.0,20.0,28.571428571428573,28.928571428571427,28.4,33.0
2025-02-26 00:00:00+00:00,7,33,True,2,2,9,0,29.0,32.0,30.0,23.0,28.0,28.785714285714285,28.7,31.0
2025-02-27 00:00:00+00:00,7,31,True,3,2,9,0,33.0,30.0,34.0,32.0,28.142857142857142,29.0,29.033333333333335,30.0
2025-02-28 00:00:00+00:00,7,30,True,4,2,9,0,31.0,29.0,33.0,31.0,28.285714285714285,28.785714285714285,29.0,28.0
2025-03-01 00:00:00+00:00,7,28,True,5,3,9,1,30.0,33.0,32.0,29.0,28.428571428571427,28.571428571428573,28.966666666666665,22.0
2025-03-02 00:00:00+00:00,7,22,True,6,3,9,1,28.0,22.0,21.0,34.0,27.714285714285715,28.285714285714285,28.933333333333334,21.0
2025-03-03 00:00:00+00:00,7,21,True,0,3,10,0,22.0,21.0,24.0,33.0,27.714285714285715,28.357142857142858,28.533333333333335,29.0
2025-03-04 00:00:00+00:00,7,29,True,1,3,10,0,21.0,29.0,33.0,22.0,27.714285714285715,28.142857142857142,28.133333333333333,28.0
2025-03-05 00:00:00+00:00,7,28,True,2,3,10,0,29.0,33.0,32.0,21.0,27.714285714285715,27.857142857142858,28.366666666666667,32.0
2025-03-06 00:00:00+00:00,7,32,True,3,3,10,0,28.0,31.0,30.0,29.0,27.0,27.571428571428573,28.6,30.0
2025-03-07 00:00:00+00:00,7,30,True,4,3,10,0,32.0,30.0,29.0,33.0,27.142857142857142,27.714285714285715,28.7,29.0
2025-03-08 00:00:00+00:00,7,29,True,5,3,10,1,30.0,28.0,33.0,32.0,27.142857142857142,27.785714285714285,28.6,19.0
2025-03-09 00:00:00+00:00,7,19,True,6,3,10,1,29.0,22.0,22.0,31.0,27.285714285714285,27.5,28.5,18.0
2025-03-10 00:00:00+00:00,7,18,True,0,3,11,0,19.0,21.0,21.0,30.0,26.857142857142858,27.285714285714285,28.1,30.0
2025-03-11 00:00:00+00:00,7,30,True,1,3,11,0,18.0,29.0,29.0,24.0,26.428571428571427,27.071428571428573,27.7,28.0
2025-03-12 00:00:00+00:00,7,28,True,2,3,11,0,30.0,28.0,33.0,23.0,26.571428571428573,27.142857142857142,27.9,27.0
2025-03-13 00:00:00+00:00,7,27,True,3,3,11,0,28.0,32.0,31.0,31.0,26.571428571428573,26.785714285714285,28.066666666666666,25.0
2025-03-14 00:00:00+00:00,7,25,True,4,3,11,0,27.0,30.0,30.0,30.0,25.857142857142858,26.5,27.933333333333334,29.0
2025-03-15 00:00:00+00:00,7,29,True,5,3,11,1,25.0,29.0,28.0,34.0,25.142857142857142,26.142857142857142,27.766666666666666,19.0
2025-03-16 00:00:00+00:00,7,19,True,6,3,11,1,29.0,19.0,22.0,33.0,25.142857142857142,26.214285714285715,27.6,18.0
2025-03-17 00:00:00+00:00,7,18,True,0,3,12,0,19.0,18.0,21.0,32.0,25.142857142857142,26.0,27.133333333333333,25.0
2025-03-18 00:00:00+00:00,7,25,True,1,3,12,0,18.0,30.0,29.0,21.0,25.142857142857142,25.785714285714285,26.666666666666668,28.0
2025-03-19 00:00:00+00:00,7,28,True,2,3,12,0,25.0,28.0,28.0,24.0,24.428571428571427,25.5,26.8,27.0
2025-03-20 00:00:00+00:00,7,27,True,3,3,12,0,28.0,27.0,32.0,33.0,24.428571428571427,25.5,26.933333333333334,26.0
2025-03-21 00:00:00+00:00,7,26,True,4,3,12,0,27.0,25.0,30.0,32.0,24.428571428571427,25.142857142857142,26.733333333333334,24.0
2025-03-22 00:00:00+00:00,7,24,True,5,3,12,1,26.0,29.0,29.0,30.0,24.571428571428573,24.857142857142858,26.533333333333335,19.0
2025-03-23 00:00:00+00:00,7,19,True,6,3,12,1,24.0,19.0,19.0,29.0,23.857142857142858,24.5,26.333333333333332,18.0
2025-03-24 00:00:00+00:00,7,18,True,0,3,13,0,19.0,18.0,18.0,33.0,23.857142857142858,24.5,26.0,25.0
2025-03-25 00:00:00+00:00,7,25,True,1,3,13,0,18.0,25.0,30.0,22.0,23.857142857142858,24.5,25.5,24.0
2025-03-26 00:00:00+00:00,7,24,True,2,3,13,0,25.0,28.0,28.0,21.0,23.857142857142858,24.142857142857142,25.6,23.0
2025-03-27 00:00:00+00:00,7,23,True,3,3,13,0,24.0,27.0,27.0,29.0,23.285714285714285,23.857142857142858,25.7,26.0
2025-03-28 00:00:00+00:00,7,26,True,4,3,13,0,23.0,26.0,25.0,33.0,22.714285714285715,23.571428571428573,25.5,25.0
2025-03-29 00:00:00+00:00,7,25,True,5,3,13,1,26.0,24.0,29.0,31.0,22.714285714285715,23.642857142857142,25.266666666666666,17.0
2025-03-30 00:00:00+00:00,7,17,True,6,3,13,1,25.0,19.0,19.0,30.0,22.857142857142858,23.357142857142858,25.066666666666666,16.0
2025-03-31 00:00:00+00:00,7,16,True,0,3,14,0,17.0,18.0,18.0,28.0,22.571428571428573,23.214285714285715,24.633333333333333,26.0
2025-04-01 00:00:00+00:00,7,26,True,1,4,14,0,16.0,25.0,25.0,22.0,22.285714285714285,23.071428571428573,24.233333333333334,25.0
2025-04-02 00:00:00+00:00,7,25,True,2,4,14,0,26.0,24.0,28.0,21.0,22.428571428571427,23.142857142857142,24.366666666666667,24.0
2025-04-03 00:00:00+00:00,7,24,True,3,4,14,0,25.0,23.0,27.0,29.0,22.571428571428573,22.928571428571427,24.5,23.0
2025-04-04 00:00:00+00:00,7,23,True,4,4,14,0,24.0,26.0,26.0,28.0,22.714285714285715,22.714285714285715,24.333333333333332,26.0
2025-04-05 00:00:00+00:00,7,26,True,5,4,14,1,23.0,25.0,24.0,32.0,22.285714285714285,22.5,24.166666666666668,17.0
2025-04-06 00:00:00+00:00,7,17,True,6,4,14,1,26.0,17.0,19.0,30.0,22.428571428571427,22.642857142857142,23.966666666666665,17.0
2025-04-07 00:00:00+00:00,7,17,True,0,4,15,0,17.0,16.0,18.0,29.0,22.428571428571427,22.5,23.533333333333335,23.0
2025-04-08 00:00:00+00:00,7,23,True,1,4,15,0,17.0,26.0,25.0,19.0,22.571428571428573,22.428571428571427,23.133333333333333,26.0
2025-04-09 00:00:00+00:00,7,26,True,2,4,15,0,23.0,25.0,24.0,18.0,22.142857142857142,22.285714285714285,23.266666666666666,25.0
2025-04-10 00:00:00+00:00,7,25,True,3,4,15,0,26.0,24.0,23.0,30.0,22.285714285714285,22.428571428571427,23.533333333333335,24.0
2025-04-11 00:00:00+00:00,7,24,True,4,4,15,0,25.0,23.0,26.0,28.0,22.428571428571427,22.571428571428573,23.366666666666667,23.0
2025-04-12 00:00:00+00:00,7,23,True,5,4,15,1,24.0,26.0,25.0,27.0,22.571428571428573,22.428571428571427,23.233333333333334,16.0
2025-04-13 00:00:00+00:00,7,16,True,6,4,15,1,23.0,17.0,17.0,25.0,22.142857142857142,22.285714285714285,23.1,18.0
2025-04-14 00:00:00+00:00,7,18,True,0,4,16,0,16.0,17.0,16.0,29.0,22.0,22.214285714285715,22.8,25.0
2025-04-15 00:00:00+00:00,7,25,True,1,4,16,0,18.0,23.0,26.0,19.0,22.142857142857142,22.357142857142858,22.433333333333334,24.0
2025-04-16 00:00:00+00:00,7,24,True,2,4,16,0,25.0,26.0,25.0,18.0,22.428571428571427,22.285714285714285,22.633333333333333,23.0
2025-04-17 00:00:00+00:00,7,23,True,3,4,16,0,24.0,25.0,24.0,25.0,22.142857142857142,22.214285714285715,22.833333333333332,26.0
2025-04-18 00:00:00+00:00,7,26,True,4,4,16,0,23.0,24.0,23.0,28.0,21.857142857142858,22.142857142857142,22.766666666666666,26.0
2025-04-19 00:00:00+00:00,7,26,True,5,4,16,1,26.0,23.0,26.0,27.0,22.142857142857142,22.357142857142858,22.7,17.0
2025-04-20 00:00:00+00:00,7,17,True,6,4,16,1,26.0,16.0,17.0,26.0,22.571428571428573,22.357142857142858,22.666666666666668,17.0
2025-04-21 00:00:00+00:00,7,17,True,0,4,17,0,17.0,18.0,17.0,24.0,22.714285714285715,22.357142857142858,22.366666666666667,27.0
2025-04-22 00:00:00+00:00,7,27,True,1,4,17,0,17.0,25.0,23.0,19.0,22.571428571428573,22.357142857142858,22.133333333333333,27.0
2025-04-23 00:00:00+00:00,7,27,True,2,4,17,0,27.0,24.0,26.0,18.0,22.857142857142858,22.642857142857142,22.4,26.0
2025-04-24 00:00:00+00:00,7,26,True,3,4,17,0,27.0,23.0,25.0,25.0,23.285714285714285,22.714285714285715,22.7,25.0
2025-04-25 00:00:00+00:00,7,25,True,4,4,17,0,26.0,26.0,24.0,24.0,23.714285714285715,22.785714285714285,22.733333333333334,29.0
2025-04-26 00:00:00+00:00,7,29,True,5,4,17,1,25.0,26.0,23.0,23.0,23.571428571428573,22.857142857142858,22.766666666666666,19.0
2025-04-27 00:00:00+00:00,7,19,True,6,4,17,1,29.0,17.0,16.0,26.0,24.0,23.285714285714285,22.966666666666665,19.0
2025-04-28 00:00:00+00:00,7,19,True,0,4,18,0,19.0,17.0,18.0,25.0,24.285714285714285,23.5,22.733333333333334,26.0
2025-04-29 00:00:00+00:00,7,26,True,1,4,18,0,19.0,27.0,25.0,17.0,24.571428571428573,23.571428571428573,22.533333333333335,25.0
2025-04-30 00:00:00+00:00,7,25,True,2,4,18,0,26.0,27.0,24.0,16.0,24.428571428571427,23.642857142857142,22.833333333333332,29.0
2025-05-01 00:00:00+00:00,7,29,True,3,5,18,0,25.0,26.0,23.0,26.0,24.142857142857142,23.714285714285715,23.133333333333333,28.0
2025-05-02 00:00:00+00:00,7,28,True,4,5,18,0,29.0,25.0,26.0,25.0,24.571428571428573,24.142857142857142,23.233333333333334,27.0
2025-05-03 00:00:00+00:00,7,27,True,5,5,18,1,28.0,29.0,26.0,24.0,25.0,24.285714285714285,23.333333333333332,18.0
2025-05-04 00:00:00+00:00,7,18,True,6,5,18,1,27.0,19.0,17.0,23.0,24.714285714285715,24.357142857142858,23.433333333333334,21.0
2025-05-05 00:00:00+00:00,7,21,True,0,5,19,0,18.0,19.0,17.0,26.0,24.571428571428573,24.428571428571427,23.266666666666666,30.0
2025-05-06 00:00:00+00:00,7,30,True,1,5,19,0,21.0,26.0,27.0,17.0,24.857142857142858,24.714285714285715,23.1,29.0
2025-05-07 00:00:00+00:00,7,29,True,2,5,19,0,30.0,25.0,27.0,17.0,25.428571428571427,24.928571428571427,23.533333333333335,28.0
2025-05-08 00:00:00+00:00,7,28,True,3,5,19,0,29.0,29.0,26.0,23.0,26.0,25.071428571428573,23.933333333333334,32.0
2025-05-09 00:00:00+00:00,7,32,True,4,5,19,0,28.0,28.0,25.0,26.0,25.857142857142858,25.214285714285715,24.1,31.0
2025-05-10 00:00:00+00:00,7,31,True,5,5,19,1,32.0,27.0,29.0,25.0,26.428571428571427,25.714285714285715,24.3,21.0
2025-05-11 00:00:00+00:00,7,21,True,6,5,19,1,31.0,18.0,19.0,24.0,27.0,25.857142857142858,24.5,20.0
2025-05-12 00:00:00+00:00,7,20,True,0,5,20,0,21.0,21.0,19.0,23.0,27.428571428571427,26.0,24.4,33.0
2025-05-13 00:00:00+00:00,7,33,True,1,5,20,0,20.0,30.0,26.0,16.0,27.285714285714285,26.071428571428573,24.3,32.0
2025-05-14 00:00:00+00:00,7,32,True,2,5,20,0,33.0,29.0,25.0,18.0,27.714285714285715,26.571428571428573,24.866666666666667,31.0
2025-05-15 00:00:00+00:00,7,31,True,3,5,20,0,32.0,28.0,29.0,25.0,28.142857142857142,27.071428571428573,25.333333333333332,30.0
2025-05-16 00:00:00+00:00,7,30,True,4,5,20,0,31.0,32.0,28.0,24.0,28.571428571428573,27.214285714285715,25.533333333333335,29.0
2025-05-17 00:00:00+00:00,7,29,True,5,5,20,1,30.0,31.0,27.0,23.0,28.285714285714285,27.357142857142858,25.733333333333334,23.0
2025-05-18 00:00:00+00:00,7,23,True,6,5,20,1,29.0,21.0,18.0,26.0,28.0,27.5,25.933333333333334,23.0
2025-05-19 00:00:00+00:00,7,23,True,0,5,21,0,23.0,20.0,21.0,26.0,28.285714285714285,27.857142857142858,25.833333333333332,32.0
2025-05-20 00:00:00+00:00,7,32,True,1,5,21,0,23.0,33.0,30.0,17.0,28.714285714285715,28.0,25.733333333333334,30.0
2025-05-21 00:00:00+00:00,7,30,True,2,5,21,0,32.0,32.0,29.0,17.0,28.571428571428573,28.142857142857142,26.233333333333334,35.0
2025-05-22 00:00:00+00:00,7,35,True,3,5,21,0,30.0,31.0,28.0,27.0,28.285714285714285,28.214285714285715,26.666666666666668,34.0
2025-05-23 00:00:00+00:00,7,34,True,4,5,21,0,35.0,30.0,32.0,27.0,28.857142857142858,28.714285714285715,26.933333333333334,33.0
2025-05-24 00:00:00+00:00,7,33,True,5,5,21,1,34.0,29.0,31.0,26.0,29.428571428571427,28.857142857142858,27.166666666666668,22.0
2025-05-25 00:00:00+00:00,7,22,True,6,5,21,1,33.0,23.0,21.0,25.0,30.0,29.0,27.4,25.0
2025-05-26 00:00:00+00:00,7,25,True,0,5,22,0,22.0,23.0,20.0,29.0,29.857142857142858,29.071428571428573,27.3,35.0
2025-05-27 00:00:00+00:00,7,35,True,1,5,22,0,25.0,32.0,33.0,19.0,30.142857142857142,29.428571428571427,27.166666666666668,33.0
2025-05-28 00:00:00+00:00,7,33,True,2,5,22,0,35.0,30.0,32.0,19.0,30.571428571428573,29.571428571428573,27.7,32.0
2025-05-29 00:00:00+00:00,7,32,True,3,5,22,0,33.0,35.0,31.0,26.0,31.0,29.642857142857142,28.166666666666668,37.0
2025-05-30 00:00:00+00:00,7,37,True,4,5,22,0,32.0,34.0,30.0,25.0,30.571428571428573,29.714285714285715,28.366666666666667,36.0
2025-05-31 00:00:00+00:00,7,36,True,5,5,22,1,37.0,33.0,29.0,29.0,31.0,30.214285714285715,28.766666666666666,24.0
2025-06-01 00:00:00+00:00,7,24,True,6,6,22,1,36.0,22.0,23.0,28.0,31.428571428571427,30.714285714285715,29.0,23.0
2025-06-02 00:00:00+00:00,7,23,True,0,6,23,0,24.0,25.0,23.0,27.0,31.714285714285715,30.785714285714285,28.866666666666667,31.0
2025-06-03 00:00:00+00:00,7,31,True,1,6,23,0,23.0,35.0,32.0,18.0,31.428571428571427,30.785714285714285,28.733333333333334,36.0
2025-06-04 00:00:00+00:00,7,36,True,2,6,23,0,31.0,33.0,30.0,21.0,30.857142857142858,30.714285714285715,29.166666666666668,35.0
2025-06-05 00:00:00+00:00,7,35,True,3,6,23,0,36.0,32.0,35.0,30.0,31.285714285714285,31.142857142857142,29.666666666666668,33.0
2025-06-06 00:00:00+00:00,7,33,True,4,6,23,0,35.0,37.0,34.0,29.0,31.714285714285715,31.142857142857142,29.833333333333332,32.0
2025-06-07 00:00:00+00:00,7,32,True,5,6,23,1,33.0,36.0,33.0,28.0,31.142857142857142,31.071428571428573,29.966666666666665,25.0
2025-06-08 00:00:00+00:00,7,25,True,6,6,23,1,32.0,24.0,22.0,32.0,30.571428571428573,31.0,30.1,24.0
2025-06-09 00:00:00+00:00,7,24,True,0,6,24,0,25.0,23.0,25.0,31.0,30.714285714285715,31.214285714285715,29.866666666666667,33.0
2025-06-10 00:00:00+00:00,7,33,True,1,6,24,0,24.0,31.0,35.0,21.0,30.857142857142858,31.142857142857142,29.633333333333333,32.0
2025-06-11 00:00:00+00:00,7,32,True,2,6,24,0,33.0,36.0,33.0,20.0,31.142857142857142,31.0,30.033333333333335,36.0
2025-06-12 00:00:00+00:00,7,36,True,3,6,24,0,32.0,35.0,32.0,33.0,30.571428571428573,30.928571428571427,30.433333333333334,35.0
2025-06-13 00:00:00+00:00,7,35,True,4,6,24,0,36.0,33.0,37.0,32.0,30.714285714285715,31.214285714285715,30.533333333333335,33.0
2025-06-14 00:00:00+00:00,7,33,True,5,6,24,1,35.0,32.0,36.0,31.0,31.0,31.071428571428573,30.633333333333333,22.0
2025-06-15 00:00:00+00:00,7,22,True,6,6,24,1,33.0,25.0,24.0,30.0,31.142857142857142,30.857142857142858,30.7,25.0
2025-06-16 00:00:00+00:00,7,25,True,0,6,25,0,22.0,24.0,23.0,29.0,30.714285714285715,30.714285714285715,30.433333333333334,35.0
2025-06-17 00:00:00+00:00,7,35,True,1,6,25,0,25.0,33.0,31.0,23.0,30.857142857142858,30.857142857142858,30.3,33.0
2025-06-18 00:00:00+00:00,7,33,True,2,6,25,0,35.0,32.0,36.0,23.0,31.142857142857142,31.142857142857142,30.7,32.0
2025-06-19 00:00:00+00:00,7,32,True,3,6,25,0,33.0,36.0,35.0,32.0,31.285714285714285,30.928571428571427,31.033333333333335,30.0
2025-06-20 00:00:00+00:00,7,30,True,4,6,25,0,32.0,35.0,33.0,30.0,30.714285714285715,30.714285714285715,31.033333333333335,34.0
2025-06-21 00:00:00+00:00,7,34,True,5,6,25,1,30.0,33.0,32.0,35.0,30.0,30.5,31.033333333333335,23.0
2025-06-22 00:00:00+00:00,7,23,True,6,6,25,1,34.0,22.0,25.0,34.0,30.142857142857142,30.642857142857142,31.0,22.0
2025-06-23 00:00:00+00:00,7,22,True,0,6,26,0,23.0,25.0,24.0,33.0,30.285714285714285,30.5,30.633333333333333,30.0
2025-06-24 00:00:00+00:00,7,30,True,1,6,26,0,22.0,35.0,33.0,22.0,29.857142857142858,30.357142857142858,30.266666666666666,34.0
2025-06-25 00:00:00+00:00,7,34,True,2,6,26,0,30.0,33.0,32.0,25.0,29.142857142857142,30.142857142857142,30.533333333333335,32.0
2025-06-26 00:00:00+00:00,7,32,True,3,6,26,0,34.0,32.0,36.0,35.0,29.285714285714285,30.285714285714285,30.833333333333332,31.0
2025-06-27 00:00:00+00:00,7,31,True,4,6,26,0,32.0,30.0,35.0,33.0,29.285714285714285,30.0,30.733333333333334,29.0
2025-06-28 00:00:00+00:00,7,29,True,5,6,26,1,31.0,34.0,33.0,32.0,29.428571428571427,29.714285714285715,30.666666666666668,23.0
2025-06-29 00:00:00+00:00,7,23,True,6,6,26,1,29.0,23.0,22.0,37.0,28.714285714285715,29.428571428571427,30.566666666666666,22.0
2025-06-30 00:00:00+00:00,7,22,True,0,6,27,0,23.0,22.0,25.0,36.0,28.714285714285715,29.5,30.1,30.0
2025-07-01 00:00:00+00:00,7,30,True,1,7,27,0,22.0,30.0,35.0,24.0,28.714285714285715,29.285714285714285,29.633333333333333,28.0
2025-07-02 00:00:00+00:00,7,28,True,2,7,27,0,30.0,34.0,33.0,23.0,28.714285714285715,28.928571428571427,29.833333333333332,32.0
2025-07-03 00:00:00+00:00,7,32,True,3,7,27,0,28.0,32.0,32.0,31.0,27.857142857142858,28.571428571428573,30.0,31.0
2025-07-04 00:00:00+00:00,7,31,True,4,7,27,0,32.0,31.0,30.0,36.0,27.857142857142858,28.571428571428573,30.033333333333335,29.0
2025-07-05 00:00:00+00:00,7,29,True,5,7,27,1,31.0,29.0,34.0,35.0,27.857142857142858,28.642857142857142,29.866666666666667,19.0
2025-07-06 00:00:00+00:00,7,19,True,6,7,27,1,29.0,23.0,23.0,33.0,27.857142857142858,28.285714285714285,29.666666666666668,18.0
2025-07-07 00:00:00+00:00,7,18,True,0,7,28,0,19.0,22.0,22.0,32.0,27.285714285714285,28.0,29.2,30.0
2025-07-08 00:00:00+00:00,7,30,True,1,7,28,0,18.0,30.0,30.0,25.0,26.714285714285715,27.714285714285715,28.733333333333334,29.0
2025-07-09 00:00:00+00:00,7,29,True,2,7,28,0,30.0,28.0,34.0,24.0,26.714285714285715,27.714285714285715,28.9,27.0
2025-07-10 00:00:00+00:00,7,27,True,3,7,28,0,29.0,32.0,32.0,33.0,26.857142857142858,27.357142857142858,29.066666666666666,26.0
2025-07-11 00:00:00+00:00,7,26,True,4,7,28,0,27.0,31.0,31.0,32.0,26.142857142857142,27.0,28.866666666666667,29.0
2025-07-12 00:00:00+00:00,7,29,True,5,7,28,1,26.0,29.0,29.0,36.0,25.428571428571427,26.642857142857142,28.666666666666668,19.0
2025-07-13 00:00:00+00:00,7,19,True,6,7,28,1,29.0,19.0,23.0,35.0,25.428571428571427,26.642857142857142,28.433333333333334,19.0
2025-07-14 00:00:00+00:00,7,19,True,0,7,29,0,19.0,18.0,22.0,33.0,25.428571428571427,26.357142857142858,27.9,25.0
2025-07-15 00:00:00+00:00,7,25,True,1,7,29,0,19.0,30.0,30.0,22.0,25.571428571428573,26.142857142857142,27.433333333333334,29.0
2025-07-16 00:00:00+00:00,7,29,True,2,7,29,0,25.0,29.0,28.0,25.0,24.857142857142858,25.785714285714285,27.533333333333335,27.0
2025-07-17 00:00:00+00:00,7,27,True,3,7,29,0,29.0,27.0,32.0,35.0,24.857142857142858,25.857142857142858,27.666666666666668,26.0
2025-07-18 00:00:00+00:00,7,26,True,4,7,29,0,27.0,26.0,31.0,33.0,24.857142857142858,25.5,27.4,25.0
2025-07-19 00:00:00+00:00,7,25,True,5,7,29,1,26.0,29.0,29.0,32.0,24.857142857142858,25.142857142857142,27.166666666666668,20.0
2025-07-20 00:00:00+00:00,7,20,True,6,7,29,1,25.0,19.0,19.0,30.0,24.285714285714285,24.857142857142858,26.933333333333334,19.0
2025-07-21 00:00:00+00:00,7,19,True,0,7,30,0,20.0,19.0,18.0,34.0,24.428571428571427,24.928571428571427,26.6,26.0
2025-07-22 00:00:00+00:00,7,26,True,1,7,30,0,19.0,25.0,30.0,23.0,24.428571428571427,25.0,26.1,25.0
2025-07-23 00:00:00+00:00,7,25,True,2,7,30,0,26.0,29.0,29.0,22.0,24.571428571428573,24.714285714285715,26.2,24.0
2025-07-24 00:00:00+00:00,7,24,True,3,7,30,0,25.0,27.0,27.0,30.0,24.0,24.428571428571427,26.3,27.0
2025-07-25 00:00:00+00:00,7,27,True,4,7,30,0,24.0,26.0,26.0,34.0,23.571428571428573,24.214285714285715,26.1,26.0
2025-07-26 00:00:00+00:00,7,26,True,5,7,30,1,27.0,25.0,29.0,32.0,23.714285714285715,24.285714285714285,25.866666666666667,17.0
2025-07-27 00:00:00+00:00,7,17,True,6,7,30,1,26.0,20.0,19.0,31.0,23.857142857142858,24.071428571428573,25.666666666666668,17.0
2025-07-28 00:00:00+00:00,7,17,True,0,7,31,0,17.0,19.0,19.0,29.0,23.428571428571427,23.928571428571427,25.2,27.0
2025-07-29 00:00:00+00:00,7,27,True,1,7,31,0,17.0,26.0,25.0,23.0,23.142857142857142,23.785714285714285,24.8,26.0
2025-07-30 00:00:00+00:00,7,26,True,2,7,31,0,27.0,25.0,29.0,22.0,23.285714285714285,23.928571428571427,24.933333333333334,25.0
2025-07-31 00:00:00+00:00,7,25,True,3,7,31,0,26.0,24.0,27.0,30.0,23.428571428571427,23.714285714285715,25.066666666666666,24.0
2025-08-01 00:00:00+00:00,7,24,True,4,8,31,0,25.0,27.0,26.0,28.0,23.571428571428573,23.571428571428573,24.9,28.0
2025-08-02 00:00:00+00:00,7,28,True,5,8,31,1,24.0,26.0,25.0,32.0,23.142857142857142,23.428571428571427,24.766666666666666,18.0
2025-08-03 00:00:00+00:00,7,18,True,6,8,31,1,28.0,17.0,20.0,31.0,23.428571428571427,23.642857142857142,24.633333333333333,18.0
2025-08-04 00:00:00+00:00,7,18,True,0,8,32,0,18.0,17.0,19.0,29.0,23.571428571428573,23.5,24.2,25.0
2025-08-05 00:00:00+00:00,7,25,True,1,8,32,0,18.0,27.0,26.0,19.0,23.714285714285715,23.428571428571427,23.833333333333332,28.0
2025-08-06 00:00:00+00:00,7,28,True,2,8,32,0,25.0,26.0,25.0,18.0,23.428571428571427,23.357142857142858,24.033333333333335,27.0
2025-08-07 00:00:00+00:00,7,27,True,3,8,32,0,28.0,25.0,24.0,30.0,23.714285714285715,23.571428571428573,24.366666666666667,26.0
2025-08-08 00:00:00+00:00,7,26,True,4,8,32,0,27.0,24.0,27.0,29.0,24.0,23.785714285714285,24.266666666666666,25.0
2025-08-09 00:00:00+00:00,7,25,True,5,8,32,1,26.0,28.0,26.0,27.0,24.285714285714285,23.714285714285715,24.166666666666668,17.0
2025-08-10 00:00:00+00:00,7,17,True,6,8,32,1,25.0,18.0,17.0,26.0,23.857142857142858,23.642857142857142,24.1,20.0
2025-08-11 00:00:00+00:00,7,20,True,0,8,33,0,17.0,18.0,17.0,29.0,23.714285714285715,23.642857142857142,23.8,27.0
2025-08-12 00:00:00+00:00,7,27,True,1,8,33,0,20.0,25.0,27.0,19.0,24.0,23.857142857142858,23.5,26.0
2025-08-13 00:00:00+00:00,7,26,True,2,8,33,0,27.0,28.0,26.0,19.0,24.285714285714285,23.857142857142858,23.766666666666666,25.0
2025-08-14 00:00:00+00:00,7,25,True,3,8,33,0,26.0,27.0,25.0,25.0,24.0,23.857142857142858,24.0,29.0
2025-08-15 00:00:00+00:00,7,29,True,4,8,33,0,25.0,26.0,24.0,29.0,23.714285714285715,23.857142857142858,24.0,28.0
2025-08-16 00:00:00+00:00,7,28,True,5,8,33,1,29.0,25.0,28.0,27.0,24.142857142857142,24.214285714285715,24.0,19.0
2025-08-17 00:00:00+00:00,7,19,True,6,8,33,1,28.0,17.0,18.0,26.0,24.571428571428573,24.214285714285715,24.033333333333335,18.0
2025-08-18 00:00:00+00:00,7,18,True,0,8,34,0,19.0,20.0,18.0,25.0,24.857142857142858,24.285714285714285,23.8,31.0
2025-08-19 00:00:00+00:00,7,31,True,1,8,34,0,18.0,27.0,25.0,20.0,24.571428571428573,24.285714285714285,23.566666666666666,30.0
2025-08-20 00:00:00+00:00,7,30,True,2,8,34,0,31.0,26.0,28.0,19.0,25.142857142857142,24.714285714285715,23.933333333333334,29.0
2025-08-21 00:00:00+00:00,7,29,True,3,8,34,0,30.0,25.0,27.0,26.0,25.714285714285715,24.857142857142858,24.3,28.0
2025-08-22 00:00:00+00:00,7,28,True,4,8,34,0,29.0,29.0,26.0,25.0,26.285714285714285,25.0,24.4,32.0
2025-08-23 00:00:00+00:00,7,32,True,5,8,34,1,28.0,28.0,25.0,24.0,26.142857142857142,25.142857142857142,24.5,22.0
2025-08-24 00:00:00+00:00,7,22,True,6,8,34,1,32.0,19.0,17.0,27.0,26.714285714285715,25.642857142857142,24.766666666666666,21.0
2025-08-25 00:00:00+00:00,7,21,True,0,8,35,0,22.0,18.0,20.0,26.0,27.142857142857142,26.0,24.6,29.0
2025-08-26 00:00:00+00:00,7,29,True,1,8,35,0,21.0,31.0,27.0,17.0,27.571428571428573,26.071428571428573,24.433333333333334,28.0
2025-08-27 00:00:00+00:00,7,28,True,2,8,35,0,29.0,30.0,26.0,17.0,27.285714285714285,26.214285714285715,24.833333333333332,33.0
2025-08-28 00:00:00+00:00,7,33,True,3,8,35,0,28.0,29.0,25.0,27.0,27.0,26.357142857142858,25.2,32.0
2025-08-29 00:00:00+00:00,7,32,True,4,8,35,0,33.0,28.0,29.0,26.0,27.571428571428573,26.928571428571427,25.4,31.0
2025-08-30 00:00:00+00:00,7,31,True,5,8,35,1,32.0,32.0,28.0,25.0,28.142857142857142,27.142857142857142,25.6,21.0
2025-08-31 00:00:00+00:00,7,21,True,6,8,35,1,31.0,22.0,19.0,24.0,28.0,27.357142857142858,25.8,24.0
2025-09-01 00:00:00+00:00,7,24,True,0,9,36,0,21.0,21.0,18.0,28.0,27.857142857142858,27.5,25.7,33.0
2025-09-02 00:00:00+00:00,7,33,True,1,9,36,0,24.0,29.0,31.0,18.0,28.285714285714285,27.928571428571427,25.566666666666666,32.0
2025-09-03 00:00:00+00:00,7,32,True,2,9,36,0,33.0,28.0,30.0,18.0,28.857142857142858,28.071428571428573,26.066666666666666,31.0
2025-09-04 00:00:00+00:00,7,31,True,3,9,36,0,32.0,33.0,29.0,25.0,29.428571428571427,28.214285714285715,26.533333333333335,36.0
2025-09-05 00:00:00+00:00,7,36,True,4,9,36,0,31.0,32.0,28.0,28.0,29.142857142857142,28.357142857142858,26.733333333333334,35.0
2025-09-06 00:00:00+00:00,7,35,True,5,9,36,1,36.0,31.0,32.0,27.0,29.714285714285715,28.928571428571427,27.0,23.0
2025-09-07 00:00:00+00:00,7,23,True,6,9,36,1,35.0,21.0,22.0,26.0,30.285714285714285,29.142857142857142,27.266666666666666,23.0
2025-09-08 00:00:00+00:00,7,23,True,0,9,37,0,23.0,24.0,21.0,25.0,30.571428571428573,29.214285714285715,27.166666666666668,37.0
2025-09-09 00:00:00+00:00,7,37,True,1,9,37,0,23.0,33.0,29.0,17.0,30.428571428571427,29.357142857142858,27.1,36.0
2025-09-10 00:00:00+00:00,7,36,True,2,9,37,0,37.0,32.0,28.0,20.0,31.0,29.928571428571427,27.766666666666666,35.0
2025-09-11 00:00:00+00:00,7,35,True,3,9,37,0,36.0,31.0,33.0,27.0,31.571428571428573,30.5,28.3,34.0
2025-09-12 00:00:00+00:00,7,34,True,4,9,37,0,35.0,36.0,32.0,26.0,32.142857142857146,30.642857142857142,28.566666666666666,32.0
2025-09-13 00:00:00+00:00,7,32,True,5,9,37,1,34.0,35.0,31.0,25.0,31.857142857142858,30.785714285714285,28.833333333333332,26.0
2025-09-14 00:00:00+00:00,7,26,True,6,9,37,1,32.0,23.0,21.0,29.0,31.428571428571427,30.857142857142858,29.066666666666666,25.0
2025-09-15 00:00:00+00:00,7,25,True,0,9,38,0,26.0,23.0,24.0,28.0,31.857142857142858,31.214285714285715,28.966666666666665,35.0
2025-09-16 00:00:00+00:00,7,35,True,1,9,38,0,25.0,37.0,33.0,19.0,32.142857142857146,31.285714285714285,28.866666666666667,33.0
2025-09-17 00:00:00+00:00,7,33,True,2,9,38,0,35.0,36.0,32.0,18.0,31.857142857142858,31.428571428571427,29.4,38.0
2025-09-18 00:00:00+00:00,7,38,True,3,9,38,0,33.0,35.0,31.0,31.0,31.428571428571427,31.5,29.9,37.0
2025-09-19 00:00:00+00:00,7,37,True,4,9,38,0,38.0,34.0,36.0,30.0,31.857142857142858,32.0,30.133333333333333,35.0
2025-09-20 00:00:00+00:00,7,35,True,5,9,38,1,37.0,32.0,35.0,29.0,32.285714285714285,32.07142857142857,30.366666666666667,24.0
2025-09-21 00:00:00+00:00,7,24,True,6,9,38,1,35.0,26.0,23.0,28.0,32.714285714285715,32.07142857142857,30.566666666666666,27.0
2025-09-22 00:00:00+00:00,7,27,True,0,9,39,0,24.0,25.0,23.0,32.0,32.42857142857143,32.142857142857146,30.433333333333334,37.0
2025-09-23 00:00:00+00:00,7,37,True,1,9,39,0,27.0,35.0,37.0,22.0,32.714285714285715,32.42857142857143,30.266666666666666,36.0
2025-09-24 00:00:00+00:00,7,36,True,2,9,39,0,37.0,33.0,36.0,21.0,33.0,32.42857142857143,30.766666666666666,35.0
2025-09-25 00:00:00+00:00,7,35,True,3,9,39,0,36.0,38.0,35.0,29.0,33.42857142857143,32.42857142857143,31.266666666666666,39.0
2025-09-26 00:00:00+00:00,7,39,True,4,9,39,0,35.0,37.0,34.0,28.0,33.0,32.42857142857143,31.466666666666665,38.0
2025-09-27 00:00:00+00:00,7,38,True,5,9,39,1,39.0,35.0,32.0,33.0,33.285714285714285,32.785714285714285,31.833333333333332,25.0
2025-09-28 00:00:00+00:00,7,25,True,6,9,39,1,38.0,24.0,26.0,32.0,33.714285714285715,33.214285714285715,32.0,24.0
2025-09-29 00:00:00+00:00,7,24,True,0,9,40,0,25.0,27.0,25.0,31.0,33.857142857142854,33.142857142857146,31.766666666666666,33.0
2025-09-30 00:00:00+00:00,7,33,True,1,9,40,0,24.0,37.0,35.0,21.0,33.42857142857143,33.07142857142857,31.533333333333335,38.0
2025-10-01 00:00:00+00:00,7,38,True,2,10,40,0,33.0,36.0,33.0,24.0,32.857142857142854,32.92857142857143,31.933333333333334,37.0
2025-10-02 00:00:00+00:00,7,37,True,3,10,40,0,38.0,35.0,38.0,33.0,33.142857142857146,33.285714285714285,32.4,35.0
2025-10-03 00:00:00+00:00,7,35,True,4,10,40,0,37.0,39.0,37.0,32.0,33.42857142857143,33.214285714285715,32.53333333333333,33.0
2025-10-04 00:00:00+00:00,7,33,True,5,10,40,1,35.0,38.0,35.0,31.0,32.857142857142854,33.07142857142857,32.63333333333333,26.0
2025-10-05 00:00:00+00:00,7,26,True,6,10,40,1,33.0,25.0,24.0,36.0,32.142857142857146,32.92857142857143,32.7,25.0
2025-10-06 00:00:00+00:00,7,25,True,0,10,41,0,26.0,24.0,27.0,35.0,32.285714285714285,33.07142857142857,32.36666666666667,35.0
2025-10-07 00:00:00+00:00,7,35,True,1,10,41,0,25.0,33.0,37.0,23.0,32.42857142857143,32.92857142857143,32.03333333333333,33.0
2025-10-08 00:00:00+00:00,7,33,True,2,10,41,0,35.0,38.0,36.0,23.0,32.714285714285715,32.785714285714285,32.43333333333333,38.0
2025-10-09 00:00:00+00:00,7,38,True,3,10,41,0,33.0,37.0,35.0,37.0,32.0,32.57142857142857,32.766666666666666,36.0
2025-10-10 00:00:00+00:00,7,36,True,4,10,41,0,38.0,35.0,39.0,36.0,32.142857142857146,32.785714285714285,32.8,34.0
2025-10-11 00:00:00+00:00,7,34,True,5,10,41,1,36.0,33.0,38.0,35.0,32.285714285714285,32.57142857142857,32.8,23.0
2025-10-12 00:00:00+00:00,7,23,True,6,10,41,1,34.0,26.0,25.0,34.0,32.42857142857143,32.285714285714285,32.766666666666666,26.0
2025-10-13 00:00:00+00:00,7,26,True,0,10,42,0,23.0,25.0,24.0,32.0,32.0,32.142857142857146,32.4,36.0
2025-10-14 00:00:00+00:00,7,36,True,1,10,42,0,26.0,35.0,33.0,26.0,32.142857142857146,32.285714285714285,32.2,34.0
2025-10-15 00:00:00+00:00,7,34,True,2,10,42,0,36.0,33.0,38.0,25.0,32.285714285714285,32.5,32.53333333333333,32.0
2025-10-16 00:00:00+00:00,7,32,True,3,10,42,0,34.0,38.0,37.0,35.0,32.42857142857143,32.214285714285715,32.833333333333336,31.0
2025-10-17 00:00:00+00:00,7,31,True,4,10,42,0,32.0,36.0,35.0,33.0,31.571428571428573,31.857142857142858,32.733333333333334,35.0
2025-10-18 00:00:00+00:00,7,35,True,5,10,42,1,31.0,34.0,33.0,38.0,30.857142857142858,31.571428571428573,32.666666666666664,23.0
2025-10-19 00:00:00+00:00,7,23,True,6,10,42,1,35.0,23.0,26.0,37.0,31.0,31.714285714285715,32.56666666666667,22.0
2025-10-20 00:00:00+00:00,7,22,True,0,10,43,0,23.0,26.0,25.0,35.0,31.0,31.5,32.1,30.0
2025-10-21 00:00:00+00:00,7,30,True,1,10,43,0,22.0,36.0,35.0,24.0,30.428571428571427,31.285714285714285,31.666666666666668,34.0
2025-10-22 00:00:00+00:00,7,34,True,2,10,43,0,30.0,34.0,33.0,27.0,29.571428571428573,30.928571428571427,31.866666666666667,33.0
2025-10-23 00:00:00+00:00,7,33,True,3,10,43,0,34.0,32.0,38.0,37.0,29.571428571428573,31.0,32.1,31.0
2025-10-24 00:00:00+00:00,7,31,True,4,10,43,0,33.0,31.0,36.0,36.0,29.714285714285715,30.642857142857142,31.966666666666665,29.0
2025-10-25 00:00:00+00:00,7,29,True,5,10,43,1,31.0,35.0,34.0,35.0,29.714285714285715,30.285714285714285,31.8,23.0
2025-10-26 00:00:00+00:00,7,23,True,6,10,43,1,29.0,23.0,23.0,39.0,28.857142857142858,29.928571428571427,31.6,22.0
2025-10-27 00:00:00+00:00,7,22,True,0,10,44,0,23.0,22.0,26.0,38.0,28.857142857142858,29.928571428571427,31.066666666666666,30.0
2025-10-28 00:00:00+00:00,7,30,True,1,10,44,0,22.0,30.0,36.0,25.0,28.857142857142858,29.642857142857142,30.533333333333335,29.0
2025-10-29 00:00:00+00:00,7,29,True,2,10,44,0,30.0,34.0,34.0,24.0,28.857142857142858,29.214285714285715,30.7,32.0
2025-10-30 00:00:00+00:00,7,32,True,3,10,44,0,29.0,33.0,32.0,33.0,28.142857142857142,28.857142857142858,30.866666666666667,31.0
2025-10-31 00:00:00+00:00,7,31,True,4,10,44,0,32.0,31.0,31.0,38.0,28.0,28.857142857142858,30.833333333333332,30.0
2025-11-01 00:00:00+00:00,7,30,True,5,11,44,1,31.0,29.0,35.0,37.0,28.0,28.857142857142858,30.6,20.0
2025-11-02 00:00:00+00:00,7,20,True,6,11,44,1,30.0,23.0,23.0,35.0,28.142857142857142,28.5,30.366666666666667,19.0
2025-11-03 00:00:00+00:00,7,19,True,0,11,45,0,20.0,22.0,22.0,33.0,27.714285714285715,28.285714285714285,29.866666666666667,30.0
2025-11-04 00:00:00+00:00,7,30,True,1,11,45,0,19.0,30.0,30.0,26.0,27.285714285714285,28.071428571428573,29.4,29.0
2025-11-05 00:00:00+00:00,7,29,True,2,11,45,0,30.0,29.0,34.0,25.0,27.285714285714285,28.071428571428573,29.533333333333335,28.0
2025-11-06 00:00:00+00:00,7,28,True,3,11,45,0,29.0,32.0,33.0,35.0,27.285714285714285,27.714285714285715,29.666666666666668,26.0
2025-11-07 00:00:00+00:00,7,26,True,4,11,45,0,28.0,31.0,31.0,33.0,26.714285714285715,27.357142857142858,29.433333333333334,30.0
2025-11-08 00:00:00+00:00,7,30,True,5,11,45,1,26.0,30.0,29.0,38.0,26.0,27.0,29.2,20.0
2025-11-09 00:00:00+00:00,7,20,True,6,11,45,1,30.0,20.0,23.0,36.0,26.0,27.071428571428573,28.933333333333334,19.0
2025-11-10 00:00:00+00:00,7,19,True,0,11,46,0,20.0,19.0,22.0,34.0,26.0,26.857142857142858,28.4,26.0
2025-11-11 00:00:00+00:00,7,26,True,1,11,46,0,19.0,30.0,30.0,23.0,26.0,26.642857142857142,27.9,30.0
2025-11-12 00:00:00+00:00,7,30,True,2,11,46,0,26.0,29.0,29.0,26.0,25.428571428571427,26.357142857142858,28.0,28.0
2025-11-13 00:00:00+00:00,7,28,True,3,11,46,0,30.0,28.0,32.0,36.0,25.571428571428573,26.428571428571427,28.133333333333333,27.0
2025-11-14 00:00:00+00:00,7,27,True,4,11,46,0,28.0,26.0,31.0,34.0,25.571428571428573,26.142857142857142,27.866666666666667,26.0
2025-11-15 00:00:00+00:00,7,26,True,5,11,46,1,27.0,30.0,30.0,32.0,25.714285714285715,25.857142857142858,27.633333333333333,20.0
2025-11-16 00:00:00+00:00,7,20,True,6,11,46,1,26.0,20.0,20.0,31.0,25.142857142857142,25.571428571428573,27.433333333333334,20.0
2025-11-17 00:00:00+00:00,7,20,True,0,11,47,0,20.0,19.0,19.0,35.0,25.142857142857142,25.571428571428573,27.066666666666666,27.0
2025-11-18 00:00:00+00:00,7,27,True,1,11,47,0,20.0,26.0,30.0,23.0,25.285714285714285,25.642857142857142,26.566666666666666,26.0
2025-11-19 00:00:00+00:00,7,26,True,2,11,47,0,27.0,30.0,29.0,22.0,25.428571428571427,25.428571428571427,26.7,25.0
2025-11-20 00:00:00+00:00,7,25,True,3,11,47,0,26.0,28.0,28.0,30.0,24.857142857142858,25.214285714285715,26.833333333333332,29.0
2025-11-21 00:00:00+00:00,7,29,True,4,11,47,0,25.0,27.0,26.0,34.0,24.428571428571427,25.0,26.666666666666668,27.0
2025-11-22 00:00:00+00:00,7,27,True,5,11,47,1,29.0,26.0,30.0,33.0,24.714285714285715,25.214285714285715,26.5,18.0
2025-11-23 00:00:00+00:00,7,18,True,6,11,47,1,27.0,20.0,20.0,31.0,24.857142857142858,25.0,26.3,18.0
2025-11-24 00:00:00+00:00,7,18,True,0,11,48,0,18.0,20.0,19.0,29.0,24.571428571428573,24.857142857142858,25.866666666666667,29.0
2025-11-25 00:00:00+00:00,7,29,True,1,11,48,0,18.0,27.0,26.0,23.0,24.285714285714285,24.785714285714285,25.5,28.0
2025-11-26 00:00:00+00:00,7,28,True,2,11,48,0,29.0,26.0,30.0,22.0,24.571428571428573,25.0,25.7,27.0
2025-11-27 00:00:00+00:00,7,27,True,3,11,48,0,28.0,25.0,28.0,30.0,24.857142857142858,24.857142857142858,25.9,26.0
2025-11-28 00:00:00+00:00,7,26,True,4,11,48,0,27.0,29.0,27.0,29.0,25.142857142857142,24.785714285714285,25.8,30.0
2025-11-29 00:00:00+00:00,7,30,True,5,11,48,1,26.0,27.0,26.0,32.0,24.714285714285715,24.714285714285715,25.7,20.0
2025-11-30 00:00:00+00:00,7,20,True,6,11,48,1,30.0,18.0,20.0,31.0,25.142857142857142,25.0,25.633333333333333,19.0
2025-12-01 00:00:00+00:00,7,19,True,0,12,49,0,20.0,18.0,20.0,30.0,25.428571428571427,25.0,25.266666666666666,27.0
2025-12-02 00:00:00+00:00,7,27,True,1,12,49,0,19.0,29.0,27.0,20.0,25.571428571428573,24.928571428571427,24.9,31.0
2025-12-03 00:00:00+00:00,7,31,True,2,12,49,0,27.0,28.0,26.0,19.0,25.285714285714285,24.928571428571427,25.133333333333333,30.0
2025-12-04 00:00:00+00:00,7,30,True,3,12,49,0,31.0,27.0,25.0,30.0,25.714285714285715,25.285714285714285,25.533333333333335,29.0
2025-12-05 00:00:00+00:00,7,29,True,4,12,49,0,30.0,26.0,29.0,29.0,26.142857142857142,25.642857142857142,25.533333333333335,28.0
2025-12-06 00:00:00+00:00,7,28,True,5,12,49,1,29.0,30.0,27.0,28.0,26.571428571428573,25.642857142857142,25.533333333333335,19.0
2025-12-07 00:00:00+00:00,7,19,True,6,12,49,1,28.0,20.0,18.0,26.0,26.285714285714285,25.714285714285715,25.533333333333335,22.0
2025-12-08 00:00:00+00:00,7,22,True,0,12,50,0,19.0,19.0,18.0,30.0,26.142857142857142,25.785714285714285,25.3,30.0
2025-12-09 00:00:00+00:00,7,30,True,1,12,50,0,22.0,27.0,29.0,20.0,26.571428571428573,26.071428571428573,25.033333333333335,29.0
2025-12-10 00:00:00+00:00,7,29,True,2,12,50,0,30.0,31.0,28.0,19.0,27.0,26.142857142857142,25.366666666666667,28.0
2025-12-11 00:00:00+00:00,7,28,True,3,12,50,0,29.0,30.0,27.0,26.0,26.714285714285715,26.214285714285715,25.7,33.0
2025-12-12 00:00:00+00:00,7,33,True,4,12,50,0,28.0,29.0,26.0,30.0,26.428571428571427,26.285714285714285,25.766666666666666,32.0
2025-12-13 00:00:00+00:00,7,32,True,5,12,50,1,33.0,28.0,30.0,28.0,27.0,26.785714285714285,25.866666666666667,21.0
2025-12-14 00:00:00+00:00,7,21,True,6,12,50,1,32.0,19.0,20.0,27.0,27.571428571428573,26.928571428571427,26.0,21.0
2025-12-15 00:00:00+00:00,7,21,True,0,12,51,0,21.0,22.0,19.0,26.0,27.857142857142858,27.0,25.8,34.0
2025-12-16 00:00:00+00:00,7,34,True,1,12,51,0,21.0,30.0,27.0,20.0,27.714285714285715,27.142857142857142,25.633333333333333,33.0
2025-12-17 00:00:00+00:00,7,33,True,2,12,51,0,34.0,29.0,31.0,20.0,28.285714285714285,27.642857142857142,26.1,32.0
2025-12-18 00:00:00+00:00,7,32,True,3,12,51,0,33.0,28.0,30.0,27.0,28.857142857142858,27.785714285714285,26.533333333333335,31.0
2025-12-19 00:00:00+00:00,7,31,True,4,12,51,0,32.0,33.0,29.0,26.0,29.428571428571427,27.928571428571427,26.7,36.0
2025-12-20 00:00:00+00:00,7,36,True,5,12,51,1,31.0,32.0,28.0,25.0,29.142857142857142,28.071428571428573,26.866666666666667,24.0
2025-12-21 00:00:00+00:00,7,24,True,6,12,51,1,36.0,21.0,19.0,29.0,29.714285714285715,28.642857142857142,27.233333333333334,24.0
2025-12-22 00:00:00+00:00,7,24,True,0,12,52,0,24.0,21.0,22.0,27.0,30.142857142857142,29.0,27.066666666666666,33.0
2025-12-23 00:00:00+00:00,7,33,True,1,12,52,0,24.0,34.0,30.0,18.0,30.571428571428573,29.142857142857142,26.966666666666665,32.0
2025-12-24 00:00:00+00:00,7,32,True,2,12,52,0,33.0,33.0,29.0,18.0,30.428571428571427,29.357142857142858,27.466666666666665,36.0
2025-12-25 00:00:00+00:00,7,36,True,3,12,52,0,32.0,32.0,28.0,29.0,30.285714285714285,29.571428571428573,27.933333333333334,35.0
2025-12-26 00:00:00+00:00,7,35,True,4,12,52,0,36.0,31.0,33.0,28.0,30.857142857142858,30.142857142857142,28.166666666666668,34.0
2025-12-27 00:00:00+00:00,7,34,True,5,12,52,1,35.0,36.0,32.0,27.0,31.428571428571427,30.285714285714285,28.4,23.0
2025-12-28 00:00:00+00:00,7,23,True,6,12,52,1,34.0,24.0,21.0,26.0,31.142857142857142,30.428571428571427,28.633333333333333,26.0
2025-12-29 00:00:00+00:00,7,26,True,0,12,1,0,23.0,24.0,21.0,30.0,31.0,30.571428571428573,28.533333333333335,37.0
2025-12-30 00:00:00+00:00,7,37,True,1,12,1,0,26.0,33.0,34.0,20.0,31.285714285714285,30.928571428571427,28.4,36.0
2025-01-31 00:00:00+00:00,8,11,True,4,1,5,0,10.0,11.0,10.0,3.0,9.714285714285714,9.214285714285714,8.966666666666667,11.0
2025-02-01 00:00:00+00:00,8,11,True,5,2,5,1,11.0,10.0,5.0,10.0,9.714285714285714,9.285714285714286,9.233333333333333,7.0
2025-02-02 00:00:00+00:00,8,7,True,6,2,5,1,11.0,7.0,8.0,9.0,9.857142857142858,9.714285714285714,9.266666666666667,7.0
2025-02-03 00:00:00+00:00,8,7,True,0,2,6,0,7.0,8.0,7.0,9.0,9.857142857142858,9.642857142857142,9.2,5.0
2025-02-04 00:00:00+00:00,8,5,True,1,2,6,0,7.0,11.0,10.0,6.0,9.714285714285714,9.642857142857142,9.133333333333333,11.0
2025-02-05 00:00:00+00:00,8,11,True,2,2,6,0,5.0,11.0,10.0,7.0,8.857142857142858,9.285714285714286,9.1,11.0
2025-02-06 00:00:00+00:00,8,11,True,3,2,6,0,11.0,10.0,11.0,10.0,8.857142857142858,9.357142857142858,9.233333333333333,10.0
2025-02-07 00:00:00+00:00,8,10,True,4,2,6,0,11.0,11.0,11.0,10.0,9.0,9.357142857142858,9.266666666666667,10.0
2025-02-08 00:00:00+00:00,8,10,True,5,2,6,1,10.0,11.0,10.0,9.0,8.857142857142858,9.285714285714286,9.266666666666667,8.0
2025-02-09 00:00:00+00:00,8,8,True,6,2,6,1,10.0,7.0,7.0,11.0,8.714285714285714,9.285714285714286,9.3,7.0
2025-02-10 00:00:00+00:00,8,7,True,0,2,7,0,8.0,7.0,8.0,10.0,8.857142857142858,9.357142857142858,9.2,10.0
2025-02-11 00:00:00+00:00,8,10,True,1,2,7,0,7.0,5.0,11.0,7.0,8.857142857142858,9.285714285714286,9.1,10.0
2025-02-12 00:00:00+00:00,8,10,True,2,2,7,0,10.0,11.0,11.0,7.0,9.571428571428571,9.214285714285714,9.2,11.0
2025-02-13 00:00:00+00:00,8,11,True,3,2,7,0,10.0,11.0,10.0,11.0,9.428571428571429,9.142857142857142,9.3,10.0
2025-02-14 00:00:00+00:00,8,10,True,4,2,7,0,11.0,10.0,11.0,11.0,9.428571428571429,9.214285714285714,9.3,10.0
2025-02-15 00:00:00+00:00,8,10,True,5,2,7,1,10.0,10.0,11.0,10.0,9.428571428571429,9.142857142857142,9.266666666666667,7.0
2025-02-16 00:00:00+00:00,8,7,True,6,2,7,1,10.0,8.0,7.0,10.0,9.428571428571429,9.071428571428571,9.266666666666667,7.0
2025-02-17 00:00:00+00:00,8,7,True,0,2,8,0,7.0,7.0,7.0,5.0,9.285714285714286,9.071428571428571,9.166666666666666,10.0
2025-02-18 00:00:00+00:00,8,10,True,1,2,8,0,7.0,10.0,5.0,8.0,9.285714285714286,9.071428571428571,9.233333333333333,10.0
2025-02-19 00:00:00+00:00,8,10,True,2,2,8,0,10.0,10.0,11.0,7.0,9.285714285714286,9.428571428571429,9.3,9.0
2025-02-20 00:00:00+00:00,8,9,True,3,2,8,0,10.0,11.0,11.0,10.0,9.285714285714286,9.357142857142858,9.4,4.0
2025-02-21 00:00:00+00:00,8,4,True,4,2,8,0,9.0,10.0,10.0,10.0,9.0,9.214285714285714,9.366666666666667,10.0
2025-02-22 00:00:00+00:00,8,10,True,5,2,8,1,4.0,10.0,10.0,11.0,8.142857142857142,8.785714285714286,9.166666666666666,7.0
2025-02-23 00:00:00+00:00,8,7,True,6,2,8,1,10.0,7.0,8.0,11.0,8.142857142857142,8.785714285714286,9.133333333333333,6.0
2025-02-24 00:00:00+00:00,8,6,True,0,2,9,0,7.0,7.0,7.0,10.0,8.142857142857142,8.714285714285714,9.0,9.0
2025-02-25 00:00:00+00:00,8,9,True,1,2,9,0,6.0,10.0,10.0,7.0,8.0,8.642857142857142,8.866666666666667,10.0
2025-02-26 00:00:00+00:00,8,10,True,2,2,9,0,9.0,10.0,10.0,8.0,7.857142857142857,8.571428571428571,8.933333333333334,9.0
2025-02-27 00:00:00+00:00,8,9,True,3,2,9,0,10.0,9.0,11.0,11.0,7.857142857142857,8.571428571428571,9.0,9.0
2025-02-28 00:00:00+00:00,8,9,True,4,2,9,0,9.0,4.0,10.0,11.0,7.857142857142857,8.428571428571429,8.933333333333334,8.0
2025-03-01 00:00:00+00:00,8,8,True,5,3,9,1,9.0,10.0,10.0,10.0,8.571428571428571,8.357142857142858,8.866666666666667,7.0
2025-03-02 00:00:00+00:00,8,7,True,6,3,9,1,8.0,7.0,7.0,11.0,8.285714285714286,8.214285714285714,8.8,6.0
2025-03-03 00:00:00+00:00,8,6,True,0,3,10,0,7.0,6.0,7.0,11.0,8.285714285714286,8.214285714285714,8.666666666666666,9.0
2025-03-04 00:00:00+00:00,8,9,True,1,3,10,0,6.0,9.0,10.0,7.0,8.285714285714286,8.142857142857142,8.5,8.0
2025-03-05 00:00:00+00:00,8,8,True,2,3,10,0,9.0,10.0,10.0,7.0,8.285714285714286,8.071428571428571,8.566666666666666,9.0
2025-03-06 00:00:00+00:00,8,9,True,3,3,10,0,8.0,9.0,9.0,5.0,8.0,7.928571428571429,8.6,9.0
2025-03-07 00:00:00+00:00,8,9,True,4,3,10,0,9.0,9.0,4.0,11.0,8.0,7.928571428571429,8.733333333333333,8.0
2025-03-08 00:00:00+00:00,8,8,True,5,3,10,1,9.0,8.0,10.0,11.0,8.0,8.285714285714286,8.666666666666666,6.0
2025-03-09 00:00:00+00:00,8,6,True,6,3,10,1,8.0,7.0,7.0,10.0,8.0,8.142857142857142,8.566666666666666,0.0
2025-03-10 00:00:00+00:00,8,0,True,0,3,11,0,6.0,6.0,6.0,10.0,7.857142857142857,8.071428571428571,8.433333333333334,9.0
2025-03-11 00:00:00+00:00,8,9,True,1,3,11,0,0.0,9.0,9.0,8.0,7.0,7.642857142857143,8.1,8.0
2025-03-12 00:00:00+00:00,8,8,True,2,3,11,0,9.0,8.0,10.0,7.0,7.0,7.642857142857143,8.133333333333333,8.0
2025-03-13 00:00:00+00:00,8,8,True,3,3,11,0,8.0,9.0,9.0,10.0,7.0,7.5,8.166666666666666,8.0
2025-03-14 00:00:00+00:00,8,8,True,4,3,11,0,8.0,9.0,9.0,10.0,6.857142857142857,7.428571428571429,8.1,9.0
2025-03-15 00:00:00+00:00,8,9,True,5,3,11,1,8.0,8.0,8.0,11.0,6.714285714285714,7.357142857142857,8.033333333333333,6.0
2025-03-16 00:00:00+00:00,8,6,True,6,3,11,1,9.0,6.0,7.0,10.0,6.857142857142857,7.428571428571429,7.966666666666667,5.0
2025-03-17 00:00:00+00:00,8,5,True,0,3,12,0,6.0,0.0,6.0,10.0,6.857142857142857,7.357142857142857,7.833333333333333,8.0
2025-03-18 00:00:00+00:00,8,8,True,1,3,12,0,5.0,9.0,9.0,7.0,7.571428571428571,7.285714285714286,7.666666666666667,9.0
2025-03-19 00:00:00+00:00,8,9,True,2,3,12,0,8.0,8.0,8.0,7.0,7.428571428571429,7.214285714285714,7.7,8.0
2025-03-20 00:00:00+00:00,8,8,True,3,3,12,0,9.0,8.0,9.0,10.0,7.571428571428571,7.285714285714286,7.766666666666667,8.0
2025-03-21 00:00:00+00:00,8,8,True,4,3,12,0,8.0,8.0,9.0,10.0,7.571428571428571,7.214285714285714,7.7,8.0
2025-03-22 00:00:00+00:00,8,8,True,5,3,12,1,8.0,9.0,8.0,9.0,7.571428571428571,7.142857142857143,7.633333333333334,6.0
2025-03-23 00:00:00+00:00,8,6,True,6,3,12,1,8.0,6.0,6.0,4.0,7.428571428571429,7.142857142857143,7.6,6.0
2025-03-24 00:00:00+00:00,8,6,True,0,3,13,0,6.0,5.0,0.0,10.0,7.428571428571429,7.142857142857143,7.666666666666667,8.0
2025-03-25 00:00:00+00:00,8,8,True,1,3,13,0,6.0,8.0,9.0,7.0,7.571428571428571,7.571428571428571,7.533333333333333,8.0
2025-03-26 00:00:00+00:00,8,8,True,2,3,13,0,8.0,9.0,8.0,6.0,7.571428571428571,7.5,7.566666666666666,2.0
2025-03-27 00:00:00+00:00,8,2,True,3,3,13,0,8.0,8.0,8.0,9.0,7.428571428571429,7.5,7.633333333333334,8.0
2025-03-28 00:00:00+00:00,8,8,True,4,3,13,0,2.0,8.0,8.0,10.0,6.571428571428571,7.071428571428571,7.4,8.0
2025-03-29 00:00:00+00:00,8,8,True,5,3,13,1,8.0,8.0,9.0,9.0,6.571428571428571,7.071428571428571,7.333333333333333,5.0
2025-03-30 00:00:00+00:00,8,5,True,6,3,13,1,8.0,6.0,6.0,9.0,6.571428571428571,7.0,7.3,5.0
2025-03-31 00:00:00+00:00,8,5,True,0,3,14,0,5.0,6.0,5.0,8.0,6.428571428571429,6.928571428571429,7.166666666666667,9.0
2025-04-01 00:00:00+00:00,8,9,True,1,4,14,0,5.0,8.0,8.0,7.0,6.285714285714286,6.928571428571429,7.066666666666666,8.0
2025-04-02 00:00:00+00:00,8,8,True,2,4,14,0,9.0,8.0,9.0,6.0,6.428571428571429,7.0,7.133333333333334,8.0
2025-04-03 00:00:00+00:00,8,8,True,3,4,14,0,8.0,2.0,8.0,9.0,6.428571428571429,6.928571428571429,7.2,8.0
2025-04-04 00:00:00+00:00,8,8,True,4,4,14,0,8.0,8.0,8.0,8.0,7.285714285714286,6.928571428571429,7.166666666666667,9.0
2025-04-05 00:00:00+00:00,8,9,True,5,4,14,1,8.0,8.0,8.0,9.0,7.285714285714286,6.928571428571429,7.166666666666667,6.0
2025-04-06 00:00:00+00:00,8,6,True,6,4,14,1,9.0,5.0,6.0,9.0,7.428571428571429,7.0,7.166666666666667,6.0
2025-04-07 00:00:00+00:00,8,6,True,0,4,15,0,6.0,5.0,6.0,8.0,7.571428571428571,7.0,7.066666666666666,8.0
2025-04-08 00:00:00+00:00,8,8,True,1,4,15,0,6.0,9.0,8.0,6.0,7.714285714285714,7.0,7.0,9.0
2025-04-09 00:00:00+00:00,8,9,True,2,4,15,0,8.0,8.0,8.0,0.0,7.571428571428571,7.0,7.066666666666666,9.0
2025-04-10 00:00:00+00:00,8,9,True,3,4,15,0,9.0,8.0,2.0,9.0,7.714285714285714,7.071428571428571,7.366666666666666,9.0
2025-04-11 00:00:00+00:00,8,9,True,4,4,15,0,9.0,8.0,8.0,8.0,7.857142857142857,7.571428571428571,7.366666666666666,8.0
2025-04-12 00:00:00+00:00,8,8,True,5,4,15,1,9.0,9.0,8.0,8.0,8.0,7.642857142857143,7.4,1.0
2025-04-13 00:00:00+00:00,8,1,True,6,4,15,1,8.0,6.0,5.0,8.0,7.857142857142857,7.642857142857143,7.4,7.0
2025-04-14 00:00:00+00:00,8,7,True,0,4,16,0,1.0,6.0,5.0,9.0,7.142857142857143,7.357142857142857,7.166666666666667,9.0
2025-04-15 00:00:00+00:00,8,9,True,1,4,16,0,7.0,8.0,9.0,6.0,7.285714285714286,7.5,7.1,9.0
2025-04-16 00:00:00+00:00,8,9,True,2,4,16,0,9.0,9.0,8.0,5.0,7.428571428571429,7.5,7.2,9.0
2025-04-17 00:00:00+00:00,8,9,True,3,4,16,0,9.0,9.0,8.0,8.0,7.428571428571429,7.571428571428571,7.333333333333333,10.0
2025-04-18 00:00:00+00:00,8,10,True,4,4,16,0,9.0,9.0,8.0,9.0,7.428571428571429,7.642857142857143,7.366666666666666,10.0
2025-04-19 00:00:00+00:00,8,10,True,5,4,16,1,10.0,8.0,9.0,8.0,7.571428571428571,7.785714285714286,7.4,6.0
2025-04-20 00:00:00+00:00,8,6,True,6,4,16,1,10.0,1.0,6.0,8.0,7.857142857142857,7.857142857142857,7.466666666666667,6.0
2025-04-21 00:00:00+00:00,8,6,True,0,4,17,0,6.0,7.0,6.0,8.0,8.571428571428571,7.857142857142857,7.4,10.0
2025-04-22 00:00:00+00:00,8,10,True,1,4,17,0,6.0,9.0,8.0,6.0,8.428571428571429,7.857142857142857,7.333333333333333,10.0
2025-04-23 00:00:00+00:00,8,10,True,2,4,17,0,10.0,9.0,9.0,6.0,8.571428571428571,8.0,7.466666666666667,10.0
2025-04-24 00:00:00+00:00,8,10,True,3,4,17,0,10.0,9.0,9.0,8.0,8.714285714285714,8.071428571428571,7.6,9.0
2025-04-25 00:00:00+00:00,8,9,True,4,4,17,0,10.0,10.0,9.0,8.0,8.857142857142858,8.142857142857142,7.666666666666667,11.0
2025-04-26 00:00:00+00:00,8,11,True,5,4,17,1,9.0,10.0,8.0,2.0,8.714285714285714,8.142857142857142,7.7,7.0
2025-04-27 00:00:00+00:00,8,7,True,6,4,17,1,11.0,6.0,1.0,8.0,8.857142857142858,8.357142857142858,8.0,7.0
2025-04-28 00:00:00+00:00,8,7,True,0,4,18,0,7.0,6.0,7.0,8.0,9.0,8.785714285714286,7.966666666666667,10.0
2025-04-29 00:00:00+00:00,8,10,True,1,4,18,0,7.0,10.0,9.0,5.0,9.142857142857142,8.785714285714286,7.933333333333334,4.0
2025-04-30 00:00:00+00:00,8,4,True,2,4,18,0,10.0,10.0,9.0,5.0,9.142857142857142,8.857142857142858,8.1,11.0
2025-05-01 00:00:00+00:00,8,11,True,3,5,18,0,4.0,10.0,9.0,9.0,8.285714285714286,8.5,8.066666666666666,11.0
2025-05-02 00:00:00+00:00,8,11,True,4,5,18,0,11.0,9.0,10.0,8.0,8.428571428571429,8.642857142857142,8.133333333333333,10.0
2025-05-03 00:00:00+00:00,8,10,True,5,5,18,1,11.0,11.0,10.0,8.0,8.714285714285714,8.714285714285714,8.233333333333333,7.0
2025-05-04 00:00:00+00:00,8,7,True,6,5,18,1,10.0,7.0,6.0,8.0,8.571428571428571,8.714285714285714,8.3,8.0
2025-05-05 00:00:00+00:00,8,8,True,0,5,19,0,7.0,7.0,6.0,9.0,8.571428571428571,8.785714285714286,8.266666666666667,11.0
2025-05-06 00:00:00+00:00,8,11,True,1,5,19,0,8.0,10.0,10.0,6.0,8.714285714285714,8.928571428571429,8.233333333333333,11.0
2025-05-07 00:00:00+00:00,8,11,True,2,5,19,0,11.0,4.0,10.0,6.0,8.857142857142858,9.0,8.4,10.0
2025-05-08 00:00:00+00:00,8,10,True,3,5,19,0,11.0,11.0,10.0,8.0,9.857142857142858,9.071428571428571,8.566666666666666,12.0
2025-05-09 00:00:00+00:00,8,12,True,4,5,19,0,10.0,11.0,9.0,9.0,9.714285714285714,9.071428571428571,8.633333333333333,11.0
2025-05-10 00:00:00+00:00,8,11,True,5,5,19,1,12.0,10.0,11.0,9.0,9.857142857142858,9.285714285714286,8.733333333333333,8.0
2025-05-11 00:00:00+00:00,8,8,True,6,5,19,1,11.0,7.0,7.0,9.0,10.0,9.285714285714286,8.8,7.0
2025-05-12 00:00:00+00:00,8,7,True,0,5,20,0,8.0,8.0,7.0,8.0,10.142857142857142,9.357142857142858,8.766666666666667,12.0
2025-05-13 00:00:00+00:00,8,12,True,1,5,20,0,7.0,11.0,10.0,1.0,10.0,9.357142857142858,8.733333333333333,12.0
2025-05-14 00:00:00+00:00,8,12,True,2,5,20,0,12.0,11.0,4.0,7.0,10.142857142857142,9.5,9.1,11.0
2025-05-15 00:00:00+00:00,8,11,True,3,5,20,0,12.0,10.0,11.0,9.0,10.285714285714286,10.071428571428571,9.266666666666667,11.0
2025-05-16 00:00:00+00:00,8,11,True,4,5,20,0,11.0,12.0,11.0,9.0,10.428571428571429,10.071428571428571,9.333333333333334,5.0
2025-05-17 00:00:00+00:00,8,5,True,5,5,20,1,11.0,11.0,10.0,9.0,10.285714285714286,10.071428571428571,9.4,8.0
2025-05-18 00:00:00+00:00,8,8,True,6,5,20,1,5.0,8.0,7.0,10.0,9.428571428571429,9.714285714285714,9.266666666666667,8.0
2025-05-19 00:00:00+00:00,8,8,True,0,5,21,0,8.0,7.0,8.0,10.0,9.428571428571429,9.785714285714286,9.2,11.0
2025-05-20 00:00:00+00:00,8,11,True,1,5,21,0,8.0,12.0,11.0,6.0,9.571428571428571,9.785714285714286,9.133333333333333,11.0
2025-05-21 00:00:00+00:00,8,11,True,2,5,21,0,11.0,12.0,11.0,6.0,9.428571428571429,9.785714285714286,9.3,12.0
2025-05-22 00:00:00+00:00,8,12,True,3,5,21,0,11.0,11.0,10.0,10.0,9.285714285714286,9.785714285714286,9.466666666666667,12.0
2025-05-23 00:00:00+00:00,8,12,True,4,5,21,0,12.0,11.0,12.0,10.0,9.428571428571429,9.928571428571429,9.533333333333333,11.0
2025-05-24 00:00:00+00:00,8,11,True,5,5,21,1,12.0,5.0,11.0,10.0,9.571428571428571,9.928571428571429,9.6,7.0
2025-05-25 00:00:00+00:00,8,7,True,6,5,21,1,11.0,8.0,8.0,9.0,10.428571428571429,9.928571428571429,9.633333333333333,8.0
2025-05-26 00:00:00+00:00,8,8,True,0,5,22,0,7.0,8.0,7.0,11.0,10.285714285714286,9.857142857142858,9.566666666666666,12.0
2025-05-27 00:00:00+00:00,8,12,True,1,5,22,0,8.0,11.0,12.0,7.0,10.285714285714286,9.928571428571429,9.466666666666667,11.0
2025-05-28 00:00:00+00:00,8,11,True,2,5,22,0,12.0,11.0,12.0,7.0,10.428571428571429,9.928571428571429,9.633333333333333,11.0
2025-05-29 00:00:00+00:00,8,11,True,3,5,22,0,11.0,12.0,11.0,10.0,10.428571428571429,9.857142857142858,9.766666666666667,12.0
2025-05-30 00:00:00+00:00,8,12,True,4,5,22,0,11.0,12.0,11.0,4.0,10.285714285714286,9.857142857142858,9.8,12.0
2025-05-31 00:00:00+00:00,8,12,True,5,5,22,1,12.0,11.0,5.0,11.0,10.285714285714286,9.928571428571429,10.066666666666666,8.0
2025-06-01 00:00:00+00:00,8,8,True,6,6,22,1,12.0,7.0,8.0,11.0,10.428571428571429,10.428571428571429,10.1,7.0
2025-06-02 00:00:00+00:00,8,7,True,0,6,23,0,8.0,8.0,8.0,10.0,10.571428571428571,10.428571428571429,10.0,5.0
2025-06-03 00:00:00+00:00,8,5,True,1,6,23,0,7.0,12.0,11.0,7.0,10.428571428571429,10.357142857142858,9.9,11.0
2025-06-04 00:00:00+00:00,8,11,True,2,6,23,0,5.0,11.0,11.0,8.0,9.428571428571429,9.928571428571429,9.833333333333334,11.0
2025-06-05 00:00:00+00:00,8,11,True,3,6,23,0,11.0,11.0,12.0,11.0,9.428571428571429,9.928571428571429,9.933333333333334,10.0
2025-06-06 00:00:00+00:00,8,10,True,4,6,23,0,11.0,12.0,12.0,11.0,9.428571428571429,9.857142857142858,9.933333333333334,10.0
2025-06-07 00:00:00+00:00,8,10,True,5,6,23,1,10.0,12.0,11.0,10.0,9.142857142857142,9.714285714285714,9.9,8.0
2025-06-08 00:00:00+00:00,8,8,True,6,6,23,1,10.0,8.0,7.0,12.0,8.857142857142858,9.642857142857142,9.9,8.0
2025-06-09 00:00:00+00:00,8,8,True,0,6,24,0,8.0,7.0,8.0,11.0,8.857142857142858,9.714285714285714,9.766666666666667,10.0
2025-06-10 00:00:00+00:00,8,10,True,1,6,24,0,8.0,5.0,12.0,8.0,9.0,9.714285714285714,9.666666666666666,10.0
2025-06-11 00:00:00+00:00,8,10,True,2,6,24,0,10.0,11.0,11.0,7.0,9.714285714285714,9.571428571428571,9.733333333333333,11.0
2025-06-12 00:00:00+00:00,8,11,True,3,6,24,0,10.0,11.0,11.0,12.0,9.571428571428571,9.5,9.833333333333334,11.0
2025-06-13 00:00:00+00:00,8,11,True,4,6,24,0,11.0,10.0,12.0,12.0,9.571428571428571,9.5,9.8,10.0
2025-06-14 00:00:00+00:00,8,10,True,5,6,24,1,11.0,10.0,12.0,11.0,9.714285714285714,9.428571428571429,9.766666666666667,7.0
2025-06-15 00:00:00+00:00,8,7,True,6,6,24,1,10.0,8.0,8.0,11.0,9.714285714285714,9.285714285714286,9.733333333333333,8.0
2025-06-16 00:00:00+00:00,8,8,True,0,6,25,0,7.0,8.0,7.0,5.0,9.571428571428571,9.214285714285714,9.6,10.0
2025-06-17 00:00:00+00:00,8,10,True,1,6,25,0,8.0,10.0,5.0,8.0,9.571428571428571,9.285714285714286,9.7,10.0
2025-06-18 00:00:00+00:00,8,10,True,2,6,25,0,10.0,10.0,11.0,8.0,9.571428571428571,9.642857142857142,9.766666666666667,9.0
2025-06-19 00:00:00+00:00,8,9,True,3,6,25,0,10.0,11.0,11.0,11.0,9.571428571428571,9.571428571428571,9.833333333333334,4.0
2025-06-20 00:00:00+00:00,8,4,True,4,6,25,0,9.0,11.0,10.0,11.0,9.285714285714286,9.428571428571429,9.766666666666667,10.0
2025-06-21 00:00:00+00:00,8,10,True,5,6,25,1,4.0,10.0,10.0,12.0,8.285714285714286,9.0,9.533333333333333,7.0
2025-06-22 00:00:00+00:00,8,7,True,6,6,25,1,10.0,7.0,8.0,12.0,8.285714285714286,9.0,9.466666666666667,6.0
2025-06-23 00:00:00+00:00,8,6,True,0,6,26,0,7.0,8.0,8.0,11.0,8.285714285714286,8.928571428571429,9.3,9.0
2025-06-24 00:00:00+00:00,8,9,True,1,6,26,0,6.0,10.0,10.0,7.0,8.0,8.785714285714286,9.133333333333333,10.0
2025-06-25 00:00:00+00:00,8,10,True,2,6,26,0,9.0,10.0,10.0,8.0,7.857142857142857,8.714285714285714,9.2,9.0
2025-06-26 00:00:00+00:00,8,9,True,3,6,26,0,10.0,9.0,11.0,12.0,7.857142857142857,8.714285714285714,9.266666666666667,9.0
2025-06-27 00:00:00+00:00,8,9,True,4,6,26,0,9.0,4.0,11.0,11.0,7.857142857142857,8.571428571428571,9.166666666666666,9.0
2025-06-28 00:00:00+00:00,8,9,True,5,6,26,1,9.0,10.0,10.0,11.0,8.571428571428571,8.428571428571429,9.1,7.0
2025-06-29 00:00:00+00:00,8,7,True,6,6,26,1,9.0,7.0,7.0,12.0,8.428571428571429,8.357142857142858,9.033333333333333,6.0
2025-06-30 00:00:00+00:00,8,6,True,0,6,27,0,7.0,6.0,8.0,12.0,8.428571428571429,8.357142857142858,8.866666666666667,9.0
2025-07-01 00:00:00+00:00,8,9,True,1,7,27,0,6.0,9.0,10.0,8.0,8.428571428571429,8.214285714285714,8.666666666666666,8.0
2025-07-02 00:00:00+00:00,8,8,True,2,7,27,0,9.0,10.0,10.0,7.0,8.428571428571429,8.142857142857142,8.7,10.0
2025-07-03 00:00:00+00:00,8,10,True,3,7,27,0,8.0,9.0,9.0,5.0,8.142857142857142,8.0,8.733333333333333,9.0
2025-07-04 00:00:00+00:00,8,9,True,4,7,27,0,10.0,9.0,4.0,11.0,8.285714285714286,8.071428571428571,8.9,9.0
2025-07-05 00:00:00+00:00,8,9,True,5,7,27,1,9.0,9.0,10.0,11.0,8.285714285714286,8.428571428571429,8.833333333333334,6.0
2025-07-06 00:00:00+00:00,8,6,True,6,7,27,1,9.0,7.0,7.0,10.0,8.285714285714286,8.357142857142858,8.766666666666667,1.0
2025-07-07 00:00:00+00:00,8,1,True,0,7,28,0,6.0,6.0,6.0,10.0,8.142857142857142,8.285714285714286,8.633333333333333,9.0
2025-07-08 00:00:00+00:00,8,9,True,1,7,28,0,1.0,9.0,9.0,8.0,7.428571428571429,7.928571428571429,8.333333333333334,9.0
2025-07-09 00:00:00+00:00,8,9,True,2,7,28,0,9.0,8.0,10.0,8.0,7.428571428571429,7.928571428571429,8.366666666666667,8.0
2025-07-10 00:00:00+00:00,8,8,True,3,7,28,0,9.0,10.0,9.0,10.0,7.571428571428571,7.857142857142857,8.4,8.0
2025-07-11 00:00:00+00:00,8,8,True,4,7,28,0,8.0,9.0,9.0,10.0,7.285714285714286,7.785714285714286,8.333333333333334,9.0
2025-07-12 00:00:00+00:00,8,9,True,5,7,28,1,8.0,9.0,9.0,11.0,7.142857142857143,7.714285714285714,8.266666666666667,6.0
2025-07-13 00:00:00+00:00,8,6,True,6,7,28,1,9.0,6.0,7.0,11.0,7.142857142857143,7.714285714285714,8.2,6.0
2025-07-14 00:00:00+00:00,8,6,True,0,7,29,0,6.0,1.0,6.0,10.0,7.142857142857143,7.642857142857143,8.033333333333333,8.0
2025-07-15 00:00:00+00:00,8,8,True,1,7,29,0,6.0,9.0,9.0,7.0,7.857142857142857,7.642857142857143,7.9,9.0
2025-07-16 00:00:00+00:00,8,9,True,2,7,29,0,8.0,9.0,8.0,8.0,7.714285714285714,7.571428571428571,7.933333333333334,9.0
2025-07-17 00:00:00+00:00,8,9,True,3,7,29,0,9.0,8.0,10.0,10.0,7.714285714285714,7.642857142857143,7.966666666666667,8.0
2025-07-18 00:00:00+00:00,8,8,True,4,7,29,0,9.0,8.0,9.0,10.0,7.857142857142857,7.571428571428571,7.933333333333334,8.0
2025-07-19 00:00:00+00:00,8,8,True,5,7,29,1,8.0,9.0,9.0,9.0,7.857142857142857,7.5,7.866666666666666,6.0
2025-07-20 00:00:00+00:00,8,6,True,6,7,29,1,8.0,6.0,6.0,4.0,7.714285714285714,7.428571428571429,7.833333333333333,6.0
2025-07-21 00:00:00+00:00,8,6,True,0,7,30,0,6.0,6.0,1.0,10.0,7.714285714285714,7.428571428571429,7.9,9.0
2025-07-22 00:00:00+00:00,8,9,True,1,7,30,0,6.0,8.0,9.0,7.0,7.714285714285714,7.785714285714286,7.766666666666667,8.0
2025-07-23 00:00:00+00:00,8,8,True,2,7,30,0,9.0,9.0,9.0,6.0,7.857142857142857,7.785714285714286,7.833333333333333,3.0
2025-07-24 00:00:00+00:00,8,3,True,3,7,30,0,8.0,9.0,8.0,9.0,7.714285714285714,7.714285714285714,7.9,9.0
2025-07-25 00:00:00+00:00,8,9,True,4,7,30,0,3.0,8.0,8.0,10.0,6.857142857142857,7.357142857142857,7.7,9.0
2025-07-26 00:00:00+00:00,8,9,True,5,7,30,1,9.0,8.0,9.0,9.0,7.0,7.428571428571429,7.666666666666667,6.0
2025-07-27 00:00:00+00:00,8,6,True,6,7,30,1,9.0,6.0,6.0,9.0,7.142857142857143,7.428571428571429,7.666666666666667,6.0
2025-07-28 00:00:00+00:00,8,6,True,0,7,31,0,6.0,6.0,6.0,9.0,7.142857142857143,7.428571428571429,7.566666666666666,9.0
2025-07-29 00:00:00+00:00,8,9,True,1,7,31,0,6.0,9.0,8.0,7.0,7.142857142857143,7.428571428571429,7.466666666666667,9.0
2025-07-30 00:00:00+00:00,8,9,True,2,7,31,0,9.0,8.0,9.0,6.0,7.142857142857143,7.5,7.533333333333333,9.0
2025-07-31 00:00:00+00:00,8,9,True,3,7,31,0,9.0,3.0,9.0,9.0,7.285714285714286,7.5,7.633333333333334,9.0
2025-08-01 00:00:00+00:00,8,9,True,4,8,31,0,9.0,9.0,8.0,8.0,8.142857142857142,7.5,7.633333333333334,10.0
2025-08-02 00:00:00+00:00,8,10,True,5,8,31,1,9.0,9.0,8.0,10.0,8.142857142857142,7.571428571428571,7.666666666666667,7.0
2025-08-03 00:00:00+00:00,8,7,True,6,8,31,1,10.0,6.0,6.0,9.0,8.285714285714286,7.714285714285714,7.666666666666667,6.0
2025-08-04 00:00:00+00:00,8,6,True,0,8,32,0,7.0,6.0,6.0,9.0,8.428571428571429,7.785714285714286,7.6,9.0
2025-08-05 00:00:00+00:00,8,9,True,1,8,32,0,6.0,9.0,9.0,6.0,8.428571428571429,7.785714285714286,7.5,10.0
2025-08-06 00:00:00+00:00,8,10,True,2,8,32,0,9.0,9.0,8.0,1.0,8.428571428571429,7.785714285714286,7.6,10.0
2025-08-07 00:00:00+00:00,8,10,True,3,8,32,0,10.0,9.0,3.0,9.0,8.571428571428571,7.928571428571429,7.9,10.0
2025-08-08 00:00:00+00:00,8,10,True,4,8,32,0,10.0,9.0,9.0,9.0,8.714285714285714,8.428571428571429,7.933333333333334,9.0
2025-08-09 00:00:00+00:00,8,9,True,5,8,32,1,10.0,10.0,9.0,8.0,8.857142857142858,8.5,7.966666666666667,1.0
2025-08-10 00:00:00+00:00,8,1,True,6,8,32,1,9.0,7.0,6.0,8.0,8.714285714285714,8.5,8.0,7.0
2025-08-11 00:00:00+00:00,8,7,True,0,8,33,0,1.0,6.0,6.0,9.0,7.857142857142857,8.142857142857142,7.766666666666667,10.0
2025-08-12 00:00:00+00:00,8,10,True,1,8,33,0,7.0,9.0,9.0,6.0,8.0,8.214285714285714,7.7,10.0
2025-08-13 00:00:00+00:00,8,10,True,2,8,33,0,10.0,10.0,9.0,6.0,8.142857142857142,8.285714285714286,7.833333333333333,10.0
2025-08-14 00:00:00+00:00,8,10,True,3,8,33,0,10.0,10.0,9.0,8.0,8.142857142857142,8.357142857142858,7.966666666666667,11.0
2025-08-15 00:00:00+00:00,8,11,True,4,8,33,0,10.0,10.0,9.0,9.0,8.142857142857142,8.428571428571429,8.033333333333333,11.0
2025-08-16 00:00:00+00:00,8,11,True,5,8,33,1,11.0,9.0,10.0,9.0,8.285714285714286,8.571428571428571,8.1,7.0
2025-08-17 00:00:00+00:00,8,7,True,6,8,33,1,11.0,1.0,7.0,8.0,8.571428571428571,8.642857142857142,8.166666666666666,7.0
2025-08-18 00:00:00+00:00,8,7,True,0,8,34,0,7.0,7.0,6.0,8.0,9.428571428571429,8.642857142857142,8.133333333333333,12.0
2025-08-19 00:00:00+00:00,8,12,True,1,8,34,0,7.0,10.0,9.0,6.0,9.428571428571429,8.714285714285714,8.1,11.0
2025-08-20 00:00:00+00:00,8,11,True,2,8,34,0,12.0,10.0,10.0,6.0,9.714285714285714,8.928571428571429,8.3,11.0
2025-08-21 00:00:00+00:00,8,11,True,3,8,34,0,11.0,10.0,10.0,9.0,9.857142857142858,9.0,8.466666666666667,10.0
2025-08-22 00:00:00+00:00,8,10,True,4,8,34,0,11.0,11.0,10.0,8.0,10.0,9.071428571428571,8.533333333333333,12.0
2025-08-23 00:00:00+00:00,8,12,True,5,8,34,1,10.0,11.0,9.0,3.0,9.857142857142858,9.071428571428571,8.6,8.0
2025-08-24 00:00:00+00:00,8,8,True,6,8,34,1,12.0,7.0,1.0,9.0,10.0,9.285714285714286,8.9,8.0
2025-08-25 00:00:00+00:00,8,8,True,0,8,35,0,8.0,7.0,7.0,9.0,10.142857142857142,9.785714285714286,8.866666666666667,11.0
2025-08-26 00:00:00+00:00,8,11,True,1,8,35,0,8.0,12.0,10.0,6.0,10.285714285714286,9.857142857142858,8.833333333333334,6.0
2025-08-27 00:00:00+00:00,8,6,True,2,8,35,0,11.0,11.0,10.0,6.0,10.142857142857142,9.928571428571429,9.0,12.0
2025-08-28 00:00:00+00:00,8,12,True,3,8,35,0,6.0,11.0,10.0,9.0,9.428571428571429,9.642857142857142,9.0,12.0
2025-08-29 00:00:00+00:00,8,12,True,4,8,35,0,12.0,10.0,11.0,9.0,9.571428571428571,9.785714285714286,9.1,11.0
2025-08-30 00:00:00+00:00,8,11,True,5,8,35,1,12.0,12.0,11.0,9.0,9.857142857142858,9.857142857142858,9.2,8.0
2025-08-31 00:00:00+00:00,8,8,True,6,8,35,1,11.0,8.0,7.0,9.0,9.714285714285714,9.857142857142858,9.266666666666667,9.0
2025-09-01 00:00:00+00:00,8,9,True,0,9,36,0,8.0,8.0,7.0,10.0,9.714285714285714,9.928571428571429,9.233333333333333,12.0
2025-09-02 00:00:00+00:00,8,12,True,1,9,36,0,9.0,11.0,12.0,7.0,9.857142857142858,10.071428571428571,9.2,12.0
2025-09-03 00:00:00+00:00,8,12,True,2,9,36,0,12.0,6.0,11.0,6.0,10.0,10.071428571428571,9.366666666666667,11.0
2025-09-04 00:00:00+00:00,8,11,True,3,9,36,0,12.0,12.0,11.0,9.0,10.857142857142858,10.142857142857142,9.566666666666666,13.0
2025-09-05 00:00:00+00:00,8,13,True,4,9,36,0,11.0,12.0,10.0,10.0,10.714285714285714,10.142857142857142,9.633333333333333,12.0
2025-09-06 00:00:00+00:00,8,12,True,5,9,36,1,13.0,11.0,12.0,10.0,10.857142857142858,10.357142857142858,9.733333333333333,8.0
2025-09-07 00:00:00+00:00,8,8,True,6,9,36,1,12.0,8.0,8.0,10.0,11.0,10.357142857142858,9.8,8.0
2025-09-08 00:00:00+00:00,8,8,True,0,9,37,0,8.0,9.0,8.0,9.0,11.0,10.357142857142858,9.733333333333333,13.0
2025-09-09 00:00:00+00:00,8,13,True,1,9,37,0,8.0,12.0,11.0,1.0,10.857142857142858,10.357142857142858,9.7,13.0
2025-09-10 00:00:00+00:00,8,13,True,2,9,37,0,13.0,12.0,6.0,7.0,11.0,10.5,10.1,12.0
2025-09-11 00:00:00+00:00,8,12,True,3,9,37,0,13.0,11.0,12.0,10.0,11.142857142857142,11.0,10.3,12.0
2025-09-12 00:00:00+00:00,8,12,True,4,9,37,0,12.0,13.0,12.0,10.0,11.285714285714286,11.0,10.366666666666667,6.0
2025-09-13 00:00:00+00:00,8,6,True,5,9,37,1,12.0,12.0,11.0,10.0,11.142857142857142,11.0,10.433333333333334,9.0
2025-09-14 00:00:00+00:00,8,9,True,6,9,37,1,6.0,8.0,8.0,11.0,10.285714285714286,10.642857142857142,10.3,8.0
2025-09-15 00:00:00+00:00,8,8,True,0,9,38,0,9.0,8.0,9.0,11.0,10.428571428571429,10.714285714285714,10.233333333333333,12.0
2025-09-16 00:00:00+00:00,8,12,True,1,9,38,0,8.0,13.0,12.0,7.0,10.428571428571429,10.642857142857142,10.133333333333333,11.0
2025-09-17 00:00:00+00:00,8,11,True,2,9,38,0,12.0,13.0,12.0,7.0,10.285714285714286,10.642857142857142,10.3,13.0
2025-09-18 00:00:00+00:00,8,13,True,3,9,38,0,11.0,12.0,11.0,12.0,10.0,10.571428571428571,10.433333333333334,12.0
2025-09-19 00:00:00+00:00,8,12,True,4,9,38,0,13.0,12.0,13.0,11.0,10.142857142857142,10.714285714285714,10.466666666666667,12.0
2025-09-20 00:00:00+00:00,8,12,True,5,9,38,1,12.0,6.0,12.0,11.0,10.142857142857142,10.642857142857142,10.5,8.0
2025-09-21 00:00:00+00:00,8,8,True,6,9,38,1,12.0,9.0,8.0,10.0,11.0,10.642857142857142,10.533333333333333,9.0
2025-09-22 00:00:00+00:00,8,9,True,0,9,39,0,8.0,8.0,8.0,12.0,10.857142857142858,10.642857142857142,10.466666666666667,12.0
2025-09-23 00:00:00+00:00,8,12,True,1,9,39,0,9.0,12.0,13.0,8.0,11.0,10.714285714285714,10.366666666666667,12.0
2025-09-24 00:00:00+00:00,8,12,True,2,9,39,0,12.0,11.0,13.0,8.0,11.0,10.642857142857142,10.5,11.0
2025-09-25 00:00:00+00:00,8,11,True,3,9,39,0,12.0,13.0,12.0,11.0,11.142857142857142,10.571428571428571,10.633333333333333,12.0
2025-09-26 00:00:00+00:00,8,12,True,4,9,39,0,11.0,12.0,12.0,6.0,10.857142857142858,10.5,10.633333333333333,12.0
2025-09-27 00:00:00+00:00,8,12,True,5,9,39,1,12.0,12.0,6.0,12.0,10.857142857142858,10.5,10.833333333333334,8.0
2025-09-28 00:00:00+00:00,8,8,True,6,9,39,1,12.0,8.0,9.0,12.0,10.857142857142858,10.928571428571429,10.833333333333334,8.0
2025-09-29 00:00:00+00:00,8,8,True,0,9,40,0,8.0,9.0,8.0,11.0,10.857142857142858,10.857142857142858,10.7,5.0
2025-09-30 00:00:00+00:00,8,5,True,1,9,40,0,8.0,12.0,12.0,8.0,10.714285714285714,10.857142857142858,10.6,12.0
2025-10-01 00:00:00+00:00,8,12,True,2,10,40,0,5.0,12.0,11.0,9.0,9.714285714285714,10.357142857142858,10.5,11.0
2025-10-02 00:00:00+00:00,8,11,True,3,10,40,0,12.0,11.0,13.0,12.0,9.714285714285714,10.428571428571429,10.6,11.0
2025-10-03 00:00:00+00:00,8,11,True,4,10,40,0,11.0,12.0,12.0,12.0,9.714285714285714,10.285714285714286,10.566666666666666,10.0
2025-10-04 00:00:00+00:00,8,10,True,5,10,40,1,11.0,12.0,12.0,11.0,9.571428571428571,10.214285714285714,10.533333333333333,8.0
2025-10-05 00:00:00+00:00,8,8,True,6,10,40,1,10.0,8.0,8.0,13.0,9.285714285714286,10.071428571428571,10.5,8.0
2025-10-06 00:00:00+00:00,8,8,True,0,10,41,0,8.0,8.0,9.0,12.0,9.285714285714286,10.071428571428571,10.333333333333334,10.0
2025-10-07 00:00:00+00:00,8,10,True,1,10,41,0,8.0,5.0,12.0,8.0,9.285714285714286,10.0,10.2,10.0
2025-10-08 00:00:00+00:00,8,10,True,2,10,41,0,10.0,12.0,12.0,8.0,10.0,9.857142857142858,10.266666666666667,11.0
2025-10-09 00:00:00+00:00,8,11,True,3,10,41,0,10.0,11.0,11.0,13.0,9.714285714285714,9.714285714285714,10.333333333333334,11.0
2025-10-10 00:00:00+00:00,8,11,True,4,10,41,0,11.0,11.0,12.0,13.0,9.714285714285714,9.714285714285714,10.266666666666667,10.0
2025-10-11 00:00:00+00:00,8,10,True,5,10,41,1,11.0,10.0,12.0,12.0,9.714285714285714,9.642857142857142,10.2,7.0
2025-10-12 00:00:00+00:00,8,7,True,6,10,41,1,10.0,8.0,8.0,12.0,9.714285714285714,9.5,10.133333333333333,8.0
2025-10-13 00:00:00+00:00,8,8,True,0,10,42,0,7.0,8.0,8.0,6.0,9.571428571428571,9.428571428571429,9.966666666666667,10.0
2025-10-14 00:00:00+00:00,8,10,True,1,10,42,0,8.0,10.0,5.0,9.0,9.571428571428571,9.428571428571429,10.033333333333333,10.0
2025-10-15 00:00:00+00:00,8,10,True,2,10,42,0,10.0,10.0,12.0,8.0,9.571428571428571,9.785714285714286,10.066666666666666,10.0
2025-10-16 00:00:00+00:00,8,10,True,3,10,42,0,10.0,11.0,11.0,12.0,9.571428571428571,9.642857142857142,10.133333333333333,4.0
2025-10-17 00:00:00+00:00,8,4,True,4,10,42,0,10.0,11.0,11.0,11.0,9.428571428571429,9.571428571428571,10.066666666666666,10.0
2025-10-18 00:00:00+00:00,8,10,True,5,10,42,1,4.0,10.0,10.0,13.0,8.428571428571429,9.071428571428571,9.833333333333334,7.0
2025-10-19 00:00:00+00:00,8,7,True,6,10,42,1,10.0,7.0,8.0,12.0,8.428571428571429,9.071428571428571,9.733333333333333,6.0
2025-10-20 00:00:00+00:00,8,6,True,0,10,43,0,7.0,8.0,8.0,12.0,8.428571428571429,9.0,9.566666666666666,9.0
2025-10-21 00:00:00+00:00,8,9,True,1,10,43,0,6.0,10.0,10.0,8.0,8.142857142857142,8.857142857142858,9.366666666666667,10.0
2025-10-22 00:00:00+00:00,8,10,True,2,10,43,0,9.0,10.0,10.0,9.0,8.0,8.785714285714286,9.4,10.0
2025-10-23 00:00:00+00:00,8,10,True,3,10,43,0,10.0,10.0,11.0,12.0,8.0,8.785714285714286,9.433333333333334,9.0
2025-10-24 00:00:00+00:00,8,9,True,4,10,43,0,10.0,4.0,11.0,12.0,8.0,8.714285714285714,9.366666666666667,9.0
2025-10-25 00:00:00+00:00,8,9,True,5,10,43,1,9.0,10.0,10.0,11.0,8.714285714285714,8.571428571428571,9.266666666666667,7.0
2025-10-26 00:00:00+00:00,8,7,True,6,10,43,1,9.0,7.0,7.0,12.0,8.571428571428571,8.5,9.2,7.0
2025-10-27 00:00:00+00:00,8,7,True,0,10,44,0,7.0,6.0,8.0,12.0,8.571428571428571,8.5,9.033333333333333,9.0
2025-10-28 00:00:00+00:00,8,9,True,1,10,44,0,7.0,9.0,10.0,8.0,8.714285714285714,8.428571428571429,8.866666666666667,9.0
2025-10-29 00:00:00+00:00,8,9,True,2,10,44,0,9.0,10.0,10.0,8.0,8.714285714285714,8.357142857142858,8.9,10.0
2025-10-30 00:00:00+00:00,8,10,True,3,10,44,0,9.0,10.0,10.0,5.0,8.571428571428571,8.285714285714286,8.933333333333334,9.0
2025-10-31 00:00:00+00:00,8,9,True,4,10,44,0,10.0,9.0,4.0,12.0,8.571428571428571,8.285714285714286,9.1,9.0
2025-11-01 00:00:00+00:00,8,9,True,5,11,44,1,9.0,9.0,10.0,11.0,8.571428571428571,8.642857142857142,9.0,6.0
2025-11-02 00:00:00+00:00,8,6,True,6,11,44,1,9.0,7.0,7.0,11.0,8.571428571428571,8.571428571428571,8.933333333333334,1.0
2025-11-03 00:00:00+00:00,8,1,True,0,11,45,0,6.0,7.0,6.0,10.0,8.428571428571429,8.5,8.766666666666667,9.0
2025-11-04 00:00:00+00:00,8,9,True,1,11,45,0,1.0,9.0,9.0,8.0,7.571428571428571,8.142857142857142,8.466666666666667,9.0
2025-11-05 00:00:00+00:00,8,9,True,2,11,45,0,9.0,9.0,10.0,8.0,7.571428571428571,8.142857142857142,8.5,9.0
2025-11-06 00:00:00+00:00,8,9,True,3,11,45,0,9.0,10.0,10.0,10.0,7.571428571428571,8.071428571428571,8.533333333333333,8.0
2025-11-07 00:00:00+00:00,8,8,True,4,11,45,0,9.0,9.0,9.0,10.0,7.428571428571429,8.0,8.5,10.0
2025-11-08 00:00:00+00:00,8,10,True,5,11,45,1,8.0,9.0,9.0,11.0,7.285714285714286,7.928571428571429,8.433333333333334,6.0
2025-11-09 00:00:00+00:00,8,6,True,6,11,45,1,10.0,6.0,7.0,11.0,7.428571428571429,8.0,8.4,6.0
2025-11-10 00:00:00+00:00,8,6,True,0,11,46,0,6.0,1.0,7.0,10.0,7.428571428571429,7.928571428571429,8.233333333333333,9.0
2025-11-11 00:00:00+00:00,8,9,True,1,11,46,0,6.0,9.0,9.0,7.0,8.142857142857142,7.857142857142857,8.1,10.0
2025-11-12 00:00:00+00:00,8,10,True,2,11,46,0,9.0,9.0,9.0,8.0,8.142857142857142,7.857142857142857,8.166666666666666,9.0
2025-11-13 00:00:00+00:00,8,9,True,3,11,46,0,10.0,9.0,10.0,10.0,8.285714285714286,7.928571428571429,8.233333333333333,9.0
2025-11-14 00:00:00+00:00,8,9,True,4,11,46,0,9.0,8.0,9.0,10.0,8.285714285714286,7.857142857142857,8.2,9.0
2025-11-15 00:00:00+00:00,8,9,True,5,11,46,1,9.0,10.0,9.0,10.0,8.428571428571429,7.857142857142857,8.166666666666666,7.0
2025-11-16 00:00:00+00:00,8,7,True,6,11,46,1,9.0,6.0,6.0,4.0,8.285714285714286,7.857142857142857,8.133333333333333,7.0
2025-11-17 00:00:00+00:00,8,7,True,0,11,47,0,7.0,6.0,1.0,10.0,8.428571428571429,7.928571428571429,8.233333333333333,9.0
2025-11-18 00:00:00+00:00,8,9,True,1,11,47,0,7.0,9.0,9.0,7.0,8.571428571428571,8.357142857142858,8.133333333333333,9.0
2025-11-19 00:00:00+00:00,8,9,True,2,11,47,0,9.0,10.0,9.0,6.0,8.571428571428571,8.357142857142858,8.2,4.0
2025-11-20 00:00:00+00:00,8,4,True,3,11,47,0,9.0,9.0,9.0,9.0,8.428571428571429,8.357142857142858,8.3,10.0
2025-11-21 00:00:00+00:00,8,10,True,4,11,47,0,4.0,9.0,8.0,10.0,7.714285714285714,8.0,8.133333333333333,10.0
2025-11-22 00:00:00+00:00,8,10,True,5,11,47,1,10.0,9.0,10.0,10.0,7.857142857142857,8.142857142857142,8.133333333333333,7.0
2025-11-23 00:00:00+00:00,8,7,True,6,11,47,1,10.0,7.0,6.0,9.0,8.0,8.142857142857142,8.133333333333333,6.0
2025-11-24 00:00:00+00:00,8,6,True,0,11,48,0,7.0,7.0,6.0,9.0,8.0,8.214285714285714,8.066666666666666,11.0
2025-11-25 00:00:00+00:00,8,11,True,1,11,48,0,6.0,9.0,9.0,7.0,7.857142857142857,8.214285714285714,7.966666666666667,10.0
2025-11-26 00:00:00+00:00,8,10,True,2,11,48,0,11.0,9.0,10.0,7.0,8.142857142857142,8.357142857142858,8.1,10.0
2025-11-27 00:00:00+00:00,8,10,True,3,11,48,0,10.0,4.0,9.0,9.0,8.285714285714286,8.357142857142858,8.2,10.0
2025-11-28 00:00:00+00:00,8,10,True,4,11,48,0,10.0,10.0,9.0,9.0,9.142857142857142,8.428571428571429,8.233333333333333,11.0
2025-11-29 00:00:00+00:00,8,11,True,5,11,48,1,10.0,10.0,9.0,10.0,9.142857142857142,8.5,8.266666666666667,7.0
2025-11-30 00:00:00+00:00,8,7,True,6,11,48,1,11.0,7.0,7.0,9.0,9.285714285714286,8.642857142857142,8.3,7.0
2025-12-01 00:00:00+00:00,8,7,True,0,12,49,0,7.0,6.0,7.0,9.0,9.285714285714286,8.642857142857142,8.233333333333333,10.0
2025-12-02 00:00:00+00:00,8,10,True,1,12,49,0,7.0,11.0,9.0,6.0,9.428571428571429,8.642857142857142,8.166666666666666,12.0
2025-12-03 00:00:00+00:00,8,12,True,2,12,49,0,10.0,10.0,9.0,1.0,9.285714285714286,8.714285714285714,8.3,11.0
2025-12-04 00:00:00+00:00,8,11,True,3,12,49,0,12.0,10.0,4.0,9.0,9.571428571428571,8.928571428571429,8.666666666666666,11.0
2025-12-05 00:00:00+00:00,8,11,True,4,12,49,0,11.0,10.0,10.0,9.0,9.714285714285714,9.428571428571429,8.733333333333333,11.0
2025-12-06 00:00:00+00:00,8,11,True,5,12,49,1,11.0,11.0,10.0,9.0,9.857142857142858,9.5,8.8,2.0
2025-12-07 00:00:00+00:00,8,2,True,6,12,49,1,11.0,7.0,7.0,8.0,9.857142857142858,9.571428571428571,8.866666666666667,8.0
2025-12-08 00:00:00+00:00,8,8,True,0,12,50,0,2.0,7.0,6.0,10.0,9.142857142857142,9.214285714285714,8.666666666666666,11.0
2025-12-09 00:00:00+00:00,8,11,True,1,12,50,0,8.0,10.0,11.0,6.0,9.285714285714286,9.357142857142858,8.6,11.0
2025-12-10 00:00:00+00:00,8,11,True,2,12,50,0,11.0,12.0,10.0,6.0,9.428571428571429,9.357142857142858,8.766666666666667,11.0
2025-12-11 00:00:00+00:00,8,11,True,3,12,50,0,11.0,11.0,10.0,9.0,9.285714285714286,9.428571428571429,8.933333333333334,12.0
2025-12-12 00:00:00+00:00,8,12,True,4,12,50,0,11.0,11.0,10.0,10.0,9.285714285714286,9.5,9.0,12.0
2025-12-13 00:00:00+00:00,8,12,True,5,12,50,1,12.0,11.0,11.0,9.0,9.428571428571429,9.642857142857142,9.066666666666666,8.0
2025-12-14 00:00:00+00:00,8,8,True,6,12,50,1,12.0,2.0,7.0,9.0,9.571428571428571,9.714285714285714,9.166666666666666,8.0
2025-12-15 00:00:00+00:00,8,8,True,0,12,51,0,8.0,8.0,7.0,9.0,10.428571428571429,9.785714285714286,9.133333333333333,13.0
2025-12-16 00:00:00+00:00,8,13,True,1,12,51,0,8.0,11.0,10.0,7.0,10.428571428571429,9.857142857142858,9.1,12.0
2025-12-17 00:00:00+00:00,8,12,True,2,12,51,0,13.0,11.0,12.0,7.0,10.714285714285714,10.071428571428571,9.3,12.0
2025-12-18 00:00:00+00:00,8,12,True,3,12,51,0,12.0,11.0,11.0,9.0,10.857142857142858,10.071428571428571,9.466666666666667,12.0
2025-12-19 00:00:00+00:00,8,12,True,4,12,51,0,12.0,12.0,11.0,9.0,11.0,10.142857142857142,9.566666666666666,13.0
2025-12-20 00:00:00+00:00,8,13,True,5,12,51,1,12.0,12.0,11.0,4.0,11.0,10.214285714285714,9.666666666666666,9.0
2025-12-21 00:00:00+00:00,8,9,True,6,12,51,1,13.0,8.0,2.0,10.0,11.142857142857142,10.357142857142858,9.966666666666667,9.0
2025-12-22 00:00:00+00:00,8,9,True,0,12,52,0,9.0,8.0,8.0,10.0,11.285714285714286,10.857142857142858,9.933333333333334,12.0
2025-12-23 00:00:00+00:00,8,12,True,1,12,52,0,9.0,13.0,11.0,7.0,11.428571428571429,10.928571428571429,9.9,6.0
2025-12-24 00:00:00+00:00,8,6,True,2,12,52,0,12.0,12.0,11.0,6.0,11.285714285714286,11.0,10.066666666666666,13.0
2025-12-25 00:00:00+00:00,8,13,True,3,12,52,0,6.0,12.0,11.0,11.0,10.428571428571429,10.642857142857142,10.066666666666666,13.0
2025-12-26 00:00:00+00:00,8,13,True,4,12,52,0,13.0,12.0,12.0,10.0,10.571428571428571,10.785714285714286,10.133333333333333,12.0
2025-12-27 00:00:00+00:00,8,12,True,5,12,52,1,13.0,13.0,12.0,10.0,10.714285714285714,10.857142857142858,10.233333333333333,8.0
2025-12-28 00:00:00+00:00,8,8,True,6,12,52,1,12.0,9.0,8.0,10.0,10.571428571428571,10.857142857142858,10.3,9.0
2025-12-29 00:00:00+00:00,8,9,True,0,12,1,0,8.0,9.0,8.0,11.0,10.428571428571429,10.857142857142858,10.233333333333333,13.0
2025-12-30 00:00:00+00:00,8,13,True,1,12,1,0,9.0,12.0,13.0,7.0,10.428571428571429,10.928571428571429,10.166666666666666,12.0
2025-01-31 00:00:00+00:00,9,19,True,4,1,5,0,21.0,18.0,18.0,20.0,16.714285714285715,16.571428571428573,16.866666666666667,18.0
2025-02-01 00:00:00+00:00,9,18,True,5,2,5,1,19.0,18.0,17.0,19.0,16.857142857142858,16.642857142857142,16.833333333333332,12.0
2025-02-02 00:00:00+00:00,9,12,True,6,2,5,1,18.0,12.0,13.0,18.0,16.857142857142858,16.714285714285715,16.8,11.0
2025-02-03 00:00:00+00:00,9,11,True,0,2,6,0,12.0,13.0,13.0,17.0,16.857142857142858,16.642857142857142,16.6,16.0
2025-02-04 00:00:00+00:00,9,16,True,1,2,6,0,11.0,18.0,18.0,12.0,16.571428571428573,16.5,16.4,18.0
2025-02-05 00:00:00+00:00,9,18,True,2,2,6,0,16.0,17.0,17.0,13.0,16.285714285714285,16.357142857142858,16.533333333333335,17.0
2025-02-06 00:00:00+00:00,9,17,True,3,2,6,0,18.0,21.0,19.0,19.0,16.428571428571427,16.428571428571427,16.7,16.0
2025-02-07 00:00:00+00:00,9,16,True,4,2,6,0,17.0,19.0,18.0,18.0,15.857142857142858,16.285714285714285,16.633333333333333,15.0
2025-02-08 00:00:00+00:00,9,15,True,5,2,6,1,16.0,18.0,18.0,17.0,15.428571428571429,16.142857142857142,16.566666666666666,12.0
2025-02-09 00:00:00+00:00,9,12,True,6,2,6,1,15.0,12.0,12.0,20.0,15.0,15.928571428571429,16.5,11.0
2025-02-10 00:00:00+00:00,9,11,True,0,2,7,0,12.0,11.0,13.0,19.0,15.0,15.928571428571429,16.233333333333334,16.0
2025-02-11 00:00:00+00:00,9,16,True,1,2,7,0,11.0,16.0,18.0,13.0,15.0,15.785714285714286,15.966666666666667,15.0
2025-02-12 00:00:00+00:00,9,15,True,2,2,7,0,16.0,18.0,17.0,12.0,15.0,15.642857142857142,16.066666666666666,17.0
2025-02-13 00:00:00+00:00,9,17,True,3,2,7,0,15.0,17.0,21.0,20.0,14.571428571428571,15.5,16.166666666666668,16.0
2025-02-14 00:00:00+00:00,9,16,True,4,2,7,0,17.0,16.0,19.0,19.0,14.571428571428571,15.214285714285714,16.066666666666666,15.0
2025-02-15 00:00:00+00:00,9,15,True,5,2,7,1,16.0,15.0,18.0,18.0,14.571428571428571,15.0,15.966666666666667,10.0
2025-02-16 00:00:00+00:00,9,10,True,6,2,7,1,15.0,12.0,12.0,18.0,14.571428571428571,14.785714285714286,15.866666666666667,11.0
2025-02-17 00:00:00+00:00,9,11,True,0,2,8,0,10.0,11.0,11.0,17.0,14.285714285714286,14.642857142857142,15.6,16.0
2025-02-18 00:00:00+00:00,9,16,True,1,2,8,0,11.0,16.0,16.0,13.0,14.285714285714286,14.642857142857142,15.4,15.0
2025-02-19 00:00:00+00:00,9,15,True,2,2,8,0,16.0,15.0,18.0,13.0,14.285714285714286,14.642857142857142,15.5,14.0
2025-02-20 00:00:00+00:00,9,14,True,3,2,8,0,15.0,17.0,17.0,18.0,14.285714285714286,14.428571428571429,15.566666666666666,14.0
2025-02-21 00:00:00+00:00,9,14,True,4,2,8,0,14.0,16.0,16.0,17.0,13.857142857142858,14.214285714285714,15.433333333333334,15.0
2025-02-22 00:00:00+00:00,9,15,True,5,2,8,1,14.0,15.0,15.0,19.0,13.571428571428571,14.071428571428571,15.333333333333334,10.0
2025-02-23 00:00:00+00:00,9,10,True,6,2,8,1,15.0,10.0,12.0,18.0,13.571428571428571,14.071428571428571,15.2,10.0
2025-02-24 00:00:00+00:00,9,10,True,0,2,9,0,10.0,11.0,11.0,18.0,13.571428571428571,13.928571428571429,14.933333333333334,13.0
2025-02-25 00:00:00+00:00,9,13,True,1,2,9,0,10.0,16.0,16.0,12.0,13.428571428571429,13.857142857142858,14.666666666666666,15.0
2025-02-26 00:00:00+00:00,9,15,True,2,2,9,0,13.0,15.0,15.0,13.0,13.0,13.642857142857142,14.7,14.0
2025-02-27 00:00:00+00:00,9,14,True,3,2,9,0,15.0,14.0,17.0,18.0,13.0,13.642857142857142,14.766666666666667,18.0
2025-02-28 00:00:00+00:00,9,18,True,4,2,9,0,14.0,14.0,16.0,17.0,13.0,13.428571428571429,14.633333333333333,13.0
2025-03-01 00:00:00+00:00,9,13,True,5,3,9,1,18.0,15.0,15.0,21.0,13.571428571428571,13.571428571428571,14.666666666666666,10.0
2025-03-02 00:00:00+00:00,9,10,True,6,3,9,1,13.0,10.0,10.0,19.0,13.285714285714286,13.428571428571429,14.4,10.0
2025-03-03 00:00:00+00:00,9,10,True,0,3,10,0,10.0,10.0,11.0,18.0,13.285714285714286,13.428571428571429,14.1,14.0
2025-03-04 00:00:00+00:00,9,14,True,1,3,10,0,10.0,13.0,16.0,12.0,13.285714285714286,13.357142857142858,13.833333333333334,13.0
2025-03-05 00:00:00+00:00,9,13,True,2,3,10,0,14.0,15.0,15.0,11.0,13.428571428571429,13.214285714285714,13.9,15.0
2025-03-06 00:00:00+00:00,9,15,True,3,3,10,0,13.0,14.0,14.0,16.0,13.142857142857142,13.071428571428571,13.966666666666667,14.0
2025-03-07 00:00:00+00:00,9,14,True,4,3,10,0,15.0,18.0,14.0,18.0,13.285714285714286,13.142857142857142,13.933333333333334,14.0
2025-03-08 00:00:00+00:00,9,14,True,5,3,10,1,14.0,13.0,15.0,17.0,12.714285714285714,13.142857142857142,13.8,9.0
2025-03-09 00:00:00+00:00,9,9,True,6,3,10,1,14.0,10.0,10.0,16.0,12.857142857142858,13.071428571428571,13.7,9.0
2025-03-10 00:00:00+00:00,9,9,True,0,3,11,0,9.0,10.0,10.0,15.0,12.714285714285714,13.0,13.466666666666667,15.0
2025-03-11 00:00:00+00:00,9,15,True,1,3,11,0,9.0,14.0,13.0,12.0,12.571428571428571,12.928571428571429,13.266666666666667,14.0
2025-03-12 00:00:00+00:00,9,14,True,2,3,11,0,15.0,13.0,15.0,11.0,12.714285714285714,13.071428571428571,13.366666666666667,13.0
2025-03-13 00:00:00+00:00,9,13,True,3,3,11,0,14.0,15.0,14.0,16.0,12.857142857142858,13.0,13.466666666666667,13.0
2025-03-14 00:00:00+00:00,9,13,True,4,3,11,0,13.0,14.0,18.0,15.0,12.571428571428571,12.928571428571429,13.366666666666667,15.0
2025-03-15 00:00:00+00:00,9,15,True,5,3,11,1,13.0,14.0,13.0,17.0,12.428571428571429,12.571428571428571,13.3,10.0
2025-03-16 00:00:00+00:00,9,10,True,6,3,11,1,15.0,9.0,10.0,16.0,12.571428571428571,12.714285714285714,13.233333333333333,10.0
2025-03-17 00:00:00+00:00,9,10,True,0,3,12,0,10.0,9.0,10.0,15.0,12.714285714285714,12.714285714285714,13.033333333333333,13.0
2025-03-18 00:00:00+00:00,9,13,True,1,3,12,0,10.0,15.0,14.0,10.0,12.857142857142858,12.714285714285714,12.866666666666667,15.0
2025-03-19 00:00:00+00:00,9,15,True,2,3,12,0,13.0,14.0,13.0,11.0,12.571428571428571,12.642857142857142,12.966666666666667,15.0
2025-03-20 00:00:00+00:00,9,15,True,3,3,12,0,15.0,13.0,15.0,16.0,12.714285714285714,12.785714285714286,13.1,14.0
2025-03-21 00:00:00+00:00,9,14,True,4,3,12,0,15.0,13.0,14.0,15.0,13.0,12.785714285714286,13.066666666666666,14.0
2025-03-22 00:00:00+00:00,9,14,True,5,3,12,1,14.0,15.0,14.0,14.0,13.142857142857142,12.785714285714286,13.033333333333333,11.0
2025-03-23 00:00:00+00:00,9,11,True,6,3,12,1,14.0,10.0,9.0,14.0,13.0,12.785714285714286,13.033333333333333,11.0
2025-03-24 00:00:00+00:00,9,11,True,0,3,13,0,11.0,10.0,9.0,15.0,13.142857142857142,12.928571428571429,12.933333333333334,15.0
2025-03-25 00:00:00+00:00,9,15,True,1,3,13,0,11.0,13.0,15.0,10.0,13.285714285714286,13.071428571428571,12.8,14.0
2025-03-26 00:00:00+00:00,9,14,True,2,3,13,0,15.0,15.0,14.0,10.0,13.571428571428571,13.071428571428571,12.966666666666667,14.0
2025-03-27 00:00:00+00:00,9,14,True,3,3,13,0,14.0,15.0,13.0,13.0,13.428571428571429,13.071428571428571,13.1,16.0
2025-03-28 00:00:00+00:00,9,16,True,4,3,13,0,14.0,14.0,13.0,15.0,13.285714285714286,13.142857142857142,13.133333333333333,19.0
2025-03-29 00:00:00+00:00,9,19,True,5,3,13,1,16.0,14.0,15.0,14.0,13.571428571428571,13.357142857142858,13.166666666666666,10.0
2025-03-30 00:00:00+00:00,9,10,True,6,3,13,1,19.0,11.0,10.0,18.0,14.285714285714286,13.642857142857142,13.333333333333334,10.0
2025-03-31 00:00:00+00:00,9,10,True,0,3,14,0,10.0,11.0,10.0,13.0,14.142857142857142,13.642857142857142,13.066666666666666,17.0
2025-04-01 00:00:00+00:00,9,17,True,1,4,14,0,10.0,15.0,13.0,10.0,14.0,13.642857142857142,12.966666666666667,16.0
2025-04-02 00:00:00+00:00,9,16,True,2,4,14,0,17.0,14.0,15.0,10.0,14.285714285714286,13.928571428571429,13.2,16.0
2025-04-03 00:00:00+00:00,9,16,True,3,4,14,0,16.0,14.0,15.0,14.0,14.571428571428571,14.0,13.4,15.0
2025-04-04 00:00:00+00:00,9,15,True,4,4,14,0,16.0,16.0,14.0,13.0,14.857142857142858,14.071428571428571,13.466666666666667,17.0
2025-04-05 00:00:00+00:00,9,17,True,5,4,14,1,15.0,19.0,14.0,15.0,14.714285714285714,14.142857142857142,13.533333333333333,12.0
2025-04-06 00:00:00+00:00,9,12,True,6,4,14,1,17.0,10.0,11.0,14.0,14.428571428571429,14.357142857142858,13.6,11.0
2025-04-07 00:00:00+00:00,9,11,True,0,4,15,0,12.0,10.0,11.0,14.0,14.714285714285714,14.428571428571429,13.533333333333333,16.0
2025-04-08 00:00:00+00:00,9,16,True,1,4,15,0,11.0,17.0,15.0,9.0,14.857142857142858,14.428571428571429,13.433333333333334,18.0
2025-04-09 00:00:00+00:00,9,18,True,2,4,15,0,16.0,16.0,14.0,9.0,14.714285714285714,14.5,13.666666666666666,18.0
2025-04-10 00:00:00+00:00,9,18,True,3,4,15,0,18.0,16.0,14.0,15.0,15.0,14.785714285714286,13.966666666666667,17.0
2025-04-11 00:00:00+00:00,9,17,True,4,4,15,0,18.0,15.0,16.0,14.0,15.285714285714286,15.071428571428571,14.066666666666666,17.0
2025-04-12 00:00:00+00:00,9,17,True,5,4,15,1,17.0,17.0,19.0,13.0,15.571428571428571,15.142857142857142,14.166666666666666,11.0
2025-04-13 00:00:00+00:00,9,11,True,6,4,15,1,17.0,12.0,10.0,13.0,15.571428571428571,15.0,14.3,13.0
2025-04-14 00:00:00+00:00,9,13,True,0,4,16,0,11.0,11.0,10.0,15.0,15.428571428571429,15.071428571428571,14.233333333333333,18.0
2025-04-15 00:00:00+00:00,9,18,True,1,4,16,0,13.0,16.0,17.0,10.0,15.714285714285714,15.285714285714286,14.166666666666666,17.0
2025-04-16 00:00:00+00:00,9,17,True,2,4,16,0,18.0,18.0,16.0,10.0,16.0,15.357142857142858,14.433333333333334,17.0
2025-04-17 00:00:00+00:00,9,17,True,3,4,16,0,17.0,18.0,16.0,13.0,15.857142857142858,15.428571428571429,14.666666666666666,19.0
2025-04-18 00:00:00+00:00,9,19,True,4,4,16,0,17.0,17.0,15.0,15.0,15.714285714285714,15.5,14.8,19.0
2025-04-19 00:00:00+00:00,9,19,True,5,4,16,1,19.0,17.0,17.0,15.0,16.0,15.785714285714286,14.933333333333334,13.0
2025-04-20 00:00:00+00:00,9,13,True,6,4,16,1,19.0,11.0,12.0,14.0,16.285714285714285,15.928571428571429,15.066666666666666,12.0
2025-04-21 00:00:00+00:00,9,12,True,0,4,17,0,13.0,13.0,11.0,14.0,16.571428571428573,16.0,15.033333333333333,20.0
2025-04-22 00:00:00+00:00,9,20,True,1,4,17,0,12.0,18.0,16.0,11.0,16.428571428571427,16.071428571428573,14.966666666666667,19.0
2025-04-23 00:00:00+00:00,9,19,True,2,4,17,0,20.0,17.0,18.0,11.0,16.714285714285715,16.357142857142858,15.266666666666667,19.0
2025-04-24 00:00:00+00:00,9,19,True,3,4,17,0,19.0,17.0,18.0,15.0,17.0,16.428571428571427,15.533333333333333,18.0
2025-04-25 00:00:00+00:00,9,18,True,4,4,17,0,19.0,19.0,17.0,14.0,17.285714285714285,16.5,15.666666666666666,21.0
2025-04-26 00:00:00+00:00,9,21,True,5,4,17,1,18.0,19.0,17.0,14.0,17.142857142857142,16.571428571428573,15.8,18.0
2025-04-27 00:00:00+00:00,9,18,True,6,4,17,1,21.0,13.0,11.0,16.0,17.428571428571427,16.857142857142858,16.033333333333335,13.0
2025-04-28 00:00:00+00:00,9,13,True,0,4,18,0,18.0,12.0,13.0,19.0,18.142857142857142,17.357142857142858,16.1,19.0
2025-04-29 00:00:00+00:00,9,19,True,1,4,18,0,13.0,20.0,18.0,10.0,18.285714285714285,17.357142857142858,15.9,18.0
2025-04-30 00:00:00+00:00,9,18,True,2,4,18,0,19.0,19.0,17.0,10.0,18.142857142857142,17.428571428571427,16.2,21.0
2025-05-01 00:00:00+00:00,9,21,True,3,5,18,0,18.0,19.0,17.0,17.0,18.0,17.5,16.466666666666665,20.0
2025-05-02 00:00:00+00:00,9,20,True,4,5,18,0,21.0,18.0,19.0,16.0,18.285714285714285,17.785714285714285,16.6,19.0
2025-05-03 00:00:00+00:00,9,19,True,5,5,18,1,20.0,21.0,19.0,16.0,18.571428571428573,17.857142857142858,16.733333333333334,13.0
2025-05-04 00:00:00+00:00,9,13,True,6,5,18,1,19.0,18.0,13.0,15.0,18.285714285714285,17.857142857142858,16.833333333333332,15.0
2025-05-05 00:00:00+00:00,9,15,True,0,5,19,0,13.0,13.0,12.0,17.0,17.571428571428573,17.857142857142858,16.766666666666666,20.0
2025-05-06 00:00:00+00:00,9,20,True,1,5,19,0,15.0,19.0,20.0,12.0,17.857142857142858,18.071428571428573,16.7,19.0
2025-05-07 00:00:00+00:00,9,19,True,2,5,19,0,20.0,18.0,19.0,11.0,18.0,18.071428571428573,16.966666666666665,18.0
2025-05-08 00:00:00+00:00,9,18,True,3,5,19,0,19.0,21.0,19.0,16.0,18.142857142857142,18.071428571428573,17.233333333333334,21.0
2025-05-09 00:00:00+00:00,9,21,True,4,5,19,0,18.0,20.0,18.0,18.0,17.714285714285715,18.0,17.3,20.0
2025-05-10 00:00:00+00:00,9,20,True,5,5,19,1,21.0,19.0,21.0,18.0,17.857142857142858,18.214285714285715,17.4,14.0
2025-05-11 00:00:00+00:00,9,14,True,6,5,19,1,20.0,13.0,18.0,17.0,18.0,18.142857142857142,17.466666666666665,13.0
2025-05-12 00:00:00+00:00,9,13,True,0,5,20,0,14.0,15.0,13.0,17.0,18.142857142857142,17.857142857142858,17.366666666666667,21.0
2025-05-13 00:00:00+00:00,9,21,True,1,5,20,0,13.0,20.0,19.0,11.0,17.857142857142858,17.857142857142858,17.233333333333334,20.0
2025-05-14 00:00:00+00:00,9,20,True,2,5,20,0,21.0,19.0,18.0,13.0,18.0,18.0,17.566666666666666,19.0
2025-05-15 00:00:00+00:00,9,19,True,3,5,20,0,20.0,18.0,21.0,18.0,18.142857142857142,18.142857142857142,17.8,19.0
2025-05-16 00:00:00+00:00,9,19,True,4,5,20,0,19.0,21.0,20.0,17.0,18.285714285714285,18.0,17.833333333333332,18.0
2025-05-17 00:00:00+00:00,9,18,True,5,5,20,1,19.0,20.0,19.0,17.0,18.0,17.928571428571427,17.9,14.0
2025-05-18 00:00:00+00:00,9,14,True,6,5,20,1,18.0,14.0,13.0,19.0,17.714285714285715,17.857142857142858,17.933333333333334,13.0
2025-05-19 00:00:00+00:00,9,13,True,0,5,21,0,14.0,13.0,15.0,19.0,17.714285714285715,17.928571428571427,17.766666666666666,18.0
2025-05-20 00:00:00+00:00,9,18,True,1,5,21,0,13.0,21.0,20.0,13.0,17.714285714285715,17.785714285714285,17.566666666666666,18.0
2025-05-21 00:00:00+00:00,9,18,True,2,5,21,0,18.0,20.0,19.0,12.0,17.285714285714285,17.642857142857142,17.733333333333334,20.0
2025-05-22 00:00:00+00:00,9,20,True,3,5,21,0,18.0,19.0,18.0,20.0,17.0,17.571428571428573,17.933333333333334,19.0
2025-05-23 00:00:00+00:00,9,19,True,4,5,21,0,20.0,19.0,21.0,19.0,17.142857142857142,17.714285714285715,17.933333333333334,18.0
2025-05-24 00:00:00+00:00,9,18,True,5,5,21,1,19.0,18.0,20.0,19.0,17.142857142857142,17.571428571428573,17.933333333333334,12.0
2025-05-25 00:00:00+00:00,9,12,True,6,5,21,1,18.0,14.0,14.0,18.0,17.142857142857142,17.428571428571427,17.9,18.0
2025-05-26 00:00:00+00:00,9,18,True,0,5,22,0,12.0,13.0,13.0,21.0,16.857142857142858,17.285714285714285,17.7,19.0
2025-05-27 00:00:00+00:00,9,19,True,1,5,22,0,18.0,18.0,21.0,18.0,17.571428571428573,17.642857142857142,17.6,18.0
2025-05-28 00:00:00+00:00,9,18,True,2,5,22,0,19.0,18.0,20.0,13.0,17.714285714285715,17.5,17.633333333333333,17.0
2025-05-29 00:00:00+00:00,9,17,True,3,5,22,0,18.0,20.0,19.0,19.0,17.714285714285715,17.357142857142858,17.8,19.0
2025-05-30 00:00:00+00:00,9,19,True,4,5,22,0,17.0,19.0,19.0,18.0,17.285714285714285,17.214285714285715,17.733333333333334,18.0
2025-05-31 00:00:00+00:00,9,18,True,5,5,22,1,19.0,18.0,18.0,21.0,17.285714285714285,17.214285714285715,17.766666666666666,12.0
2025-06-01 00:00:00+00:00,9,12,True,6,6,22,1,18.0,12.0,14.0,20.0,17.285714285714285,17.214285714285715,17.666666666666668,12.0
2025-06-02 00:00:00+00:00,9,12,True,0,6,23,0,12.0,18.0,13.0,19.0,17.285714285714285,17.071428571428573,17.4,16.0
2025-06-03 00:00:00+00:00,9,16,True,1,6,23,0,12.0,19.0,18.0,13.0,16.428571428571427,17.0,17.166666666666668,18.0
2025-06-04 00:00:00+00:00,9,18,True,2,6,23,0,16.0,18.0,18.0,15.0,16.0,16.857142857142858,17.266666666666666,17.0
2025-06-05 00:00:00+00:00,9,17,True,3,6,23,0,18.0,17.0,20.0,20.0,16.0,16.857142857142858,17.366666666666667,16.0
2025-06-06 00:00:00+00:00,9,16,True,4,6,23,0,17.0,19.0,19.0,19.0,16.0,16.642857142857142,17.266666666666666,15.0
2025-06-07 00:00:00+00:00,9,15,True,5,6,23,1,16.0,18.0,18.0,18.0,15.571428571428571,16.428571428571427,17.166666666666668,12.0
2025-06-08 00:00:00+00:00,9,12,True,6,6,23,1,15.0,12.0,12.0,21.0,15.142857142857142,16.214285714285715,17.066666666666666,12.0
2025-06-09 00:00:00+00:00,9,12,True,0,6,24,0,12.0,12.0,18.0,20.0,15.142857142857142,16.214285714285715,16.766666666666666,16.0
2025-06-10 00:00:00+00:00,9,16,True,1,6,24,0,12.0,16.0,19.0,14.0,15.142857142857142,15.785714285714286,16.5,15.0
2025-06-11 00:00:00+00:00,9,15,True,2,6,24,0,16.0,18.0,18.0,13.0,15.142857142857142,15.571428571428571,16.566666666666666,17.0
2025-06-12 00:00:00+00:00,9,17,True,3,6,24,0,15.0,17.0,17.0,21.0,14.714285714285714,15.357142857142858,16.633333333333333,16.0
2025-06-13 00:00:00+00:00,9,16,True,4,6,24,0,17.0,16.0,19.0,20.0,14.714285714285714,15.357142857142858,16.5,16.0
2025-06-14 00:00:00+00:00,9,16,True,5,6,24,1,16.0,15.0,18.0,19.0,14.714285714285714,15.142857142857142,16.366666666666667,10.0
2025-06-15 00:00:00+00:00,9,10,True,6,6,24,1,16.0,12.0,12.0,19.0,14.857142857142858,15.0,16.266666666666666,12.0
2025-06-16 00:00:00+00:00,9,12,True,0,6,25,0,10.0,12.0,12.0,18.0,14.571428571428571,14.857142857142858,15.966666666666667,16.0
2025-06-17 00:00:00+00:00,9,16,True,1,6,25,0,12.0,16.0,16.0,14.0,14.571428571428571,14.857142857142858,15.766666666666667,15.0
2025-06-18 00:00:00+00:00,9,15,True,2,6,25,0,16.0,15.0,18.0,13.0,14.571428571428571,14.857142857142858,15.833333333333334,15.0
2025-06-19 00:00:00+00:00,9,15,True,3,6,25,0,15.0,17.0,17.0,18.0,14.571428571428571,14.642857142857142,15.9,14.0
2025-06-20 00:00:00+00:00,9,14,True,4,6,25,0,15.0,16.0,16.0,18.0,14.285714285714286,14.5,15.8,16.0
2025-06-21 00:00:00+00:00,9,16,True,5,6,25,1,14.0,16.0,15.0,20.0,14.0,14.357142857142858,15.666666666666666,11.0
2025-06-22 00:00:00+00:00,9,11,True,6,6,25,1,16.0,10.0,12.0,19.0,14.0,14.428571428571429,15.533333333333333,10.0
2025-06-23 00:00:00+00:00,9,10,True,0,6,26,0,11.0,12.0,12.0,18.0,14.142857142857142,14.357142857142858,15.266666666666667,18.0
2025-06-24 00:00:00+00:00,9,18,True,1,6,26,0,10.0,16.0,16.0,12.0,13.857142857142858,14.214285714285714,15.0,16.0
2025-06-25 00:00:00+00:00,9,16,True,2,6,26,0,18.0,15.0,15.0,18.0,14.142857142857142,14.357142857142858,15.2,15.0
2025-06-26 00:00:00+00:00,9,15,True,3,6,26,0,16.0,15.0,17.0,19.0,14.285714285714286,14.428571428571429,15.133333333333333,14.0
2025-06-27 00:00:00+00:00,9,14,True,4,6,26,0,15.0,14.0,16.0,18.0,14.285714285714286,14.285714285714286,15.0,14.0
2025-06-28 00:00:00+00:00,9,14,True,5,6,26,1,14.0,16.0,16.0,17.0,14.285714285714286,14.142857142857142,14.866666666666667,11.0
2025-06-29 00:00:00+00:00,9,11,True,6,6,26,1,14.0,11.0,10.0,19.0,14.0,14.0,14.766666666666667,11.0
2025-06-30 00:00:00+00:00,9,11,True,0,6,27,0,11.0,10.0,12.0,18.0,14.0,14.071428571428571,14.5,15.0
2025-07-01 00:00:00+00:00,9,15,True,1,7,27,0,11.0,18.0,16.0,12.0,14.142857142857142,14.0,14.266666666666667,14.0
2025-07-02 00:00:00+00:00,9,14,True,2,7,27,0,15.0,16.0,15.0,12.0,13.714285714285714,13.928571428571429,14.366666666666667,16.0
2025-07-03 00:00:00+00:00,9,16,True,3,7,27,0,14.0,15.0,15.0,16.0,13.428571428571429,13.857142857142858,14.433333333333334,15.0
2025-07-04 00:00:00+00:00,9,15,True,4,7,27,0,16.0,14.0,14.0,18.0,13.571428571428571,13.928571428571429,14.433333333333334,15.0
2025-07-05 00:00:00+00:00,9,15,True,5,7,27,1,15.0,14.0,16.0,17.0,13.714285714285714,14.0,14.333333333333334,10.0
2025-07-06 00:00:00+00:00,9,10,True,6,7,27,1,15.0,11.0,11.0,16.0,13.857142857142858,13.928571428571429,14.266666666666667,10.0
2025-07-07 00:00:00+00:00,9,10,True,0,7,28,0,10.0,11.0,10.0,15.0,13.714285714285714,13.857142857142858,14.066666666666666,16.0
2025-07-08 00:00:00+00:00,9,16,True,1,7,28,0,10.0,15.0,18.0,12.0,13.571428571428571,13.857142857142858,13.9,15.0
2025-07-09 00:00:00+00:00,9,15,True,2,7,28,0,16.0,14.0,16.0,12.0,13.714285714285714,13.714285714285714,14.033333333333333,15.0
2025-07-10 00:00:00+00:00,9,15,True,3,7,28,0,15.0,16.0,15.0,16.0,13.857142857142858,13.642857142857142,14.133333333333333,14.0
2025-07-11 00:00:00+00:00,9,14,True,4,7,28,0,15.0,15.0,14.0,15.0,13.714285714285714,13.642857142857142,14.1,16.0
2025-07-12 00:00:00+00:00,9,16,True,5,7,28,1,14.0,15.0,14.0,17.0,13.571428571428571,13.642857142857142,14.066666666666666,11.0
2025-07-13 00:00:00+00:00,9,11,True,6,7,28,1,16.0,10.0,11.0,16.0,13.714285714285714,13.785714285714286,14.033333333333333,11.0
2025-07-14 00:00:00+00:00,9,11,True,0,7,29,0,11.0,10.0,11.0,16.0,13.857142857142858,13.785714285714286,13.866666666666667,15.0
2025-07-15 00:00:00+00:00,9,15,True,1,7,29,0,11.0,16.0,15.0,10.0,14.0,13.785714285714286,13.7,17.0
2025-07-16 00:00:00+00:00,9,17,True,2,7,29,0,15.0,15.0,14.0,12.0,13.857142857142858,13.785714285714286,13.866666666666667,16.0
2025-07-17 00:00:00+00:00,9,16,True,3,7,29,0,17.0,15.0,16.0,16.0,14.142857142857142,14.0,14.033333333333333,16.0
2025-07-18 00:00:00+00:00,9,16,True,4,7,29,0,16.0,14.0,15.0,15.0,14.285714285714286,14.0,14.033333333333333,15.0
2025-07-19 00:00:00+00:00,9,15,True,5,7,29,1,16.0,16.0,15.0,15.0,14.571428571428571,14.071428571428571,14.066666666666666,12.0
2025-07-20 00:00:00+00:00,9,12,True,6,7,29,1,15.0,11.0,10.0,14.0,14.428571428571429,14.071428571428571,14.066666666666666,12.0
2025-07-21 00:00:00+00:00,9,12,True,0,7,30,0,12.0,11.0,10.0,16.0,14.571428571428571,14.214285714285714,14.0,17.0
2025-07-22 00:00:00+00:00,9,17,True,1,7,30,0,12.0,15.0,16.0,11.0,14.714285714285714,14.357142857142858,13.866666666666667,20.0
2025-07-23 00:00:00+00:00,9,20,True,2,7,30,0,17.0,17.0,15.0,10.0,15.0,14.428571428571429,14.066666666666666,15.0
2025-07-24 00:00:00+00:00,9,15,True,3,7,30,0,20.0,16.0,15.0,18.0,15.428571428571429,14.785714285714286,14.4,18.0
2025-07-25 00:00:00+00:00,9,18,True,4,7,30,0,15.0,16.0,14.0,16.0,15.285714285714286,14.785714285714286,14.3,17.0
2025-07-26 00:00:00+00:00,9,17,True,5,7,30,1,18.0,15.0,16.0,15.0,15.571428571428571,15.071428571428571,14.366666666666667,12.0
2025-07-27 00:00:00+00:00,9,12,True,6,7,30,1,17.0,12.0,11.0,14.0,15.857142857142858,15.142857142857142,14.433333333333334,11.0
2025-07-28 00:00:00+00:00,9,11,True,0,7,31,0,12.0,12.0,11.0,14.0,15.857142857142858,15.214285714285714,14.366666666666667,19.0
2025-07-29 00:00:00+00:00,9,19,True,1,7,31,0,11.0,17.0,15.0,11.0,15.714285714285714,15.214285714285714,14.266666666666667,18.0
2025-07-30 00:00:00+00:00,9,18,True,2,7,31,0,19.0,20.0,17.0,11.0,16.0,15.5,14.533333333333333,18.0
2025-07-31 00:00:00+00:00,9,18,True,3,7,31,0,18.0,15.0,16.0,15.0,15.714285714285714,15.571428571428571,14.766666666666667,17.0
2025-08-01 00:00:00+00:00,9,17,True,4,8,31,0,18.0,18.0,16.0,14.0,16.142857142857142,15.714285714285714,14.866666666666667,20.0
2025-08-02 00:00:00+00:00,9,20,True,5,8,31,1,17.0,17.0,15.0,16.0,16.0,15.785714285714286,14.966666666666667,13.0
2025-08-03 00:00:00+00:00,9,13,True,6,8,31,1,20.0,12.0,12.0,15.0,16.428571428571427,16.142857142857142,15.1,13.0
2025-08-04 00:00:00+00:00,9,13,True,0,8,32,0,13.0,11.0,12.0,15.0,16.571428571428573,16.214285714285715,15.033333333333333,18.0
2025-08-05 00:00:00+00:00,9,18,True,1,8,32,0,13.0,19.0,17.0,10.0,16.857142857142858,16.285714285714285,14.966666666666667,21.0
2025-08-06 00:00:00+00:00,9,21,True,2,8,32,0,18.0,18.0,20.0,10.0,16.714285714285715,16.357142857142858,15.233333333333333,20.0
2025-08-07 00:00:00+00:00,9,20,True,3,8,32,0,21.0,18.0,15.0,16.0,17.142857142857142,16.428571428571427,15.6,19.0
2025-08-08 00:00:00+00:00,9,19,True,4,8,32,0,20.0,17.0,18.0,15.0,17.428571428571427,16.785714285714285,15.733333333333333,19.0
2025-08-09 00:00:00+00:00,9,19,True,5,8,32,1,19.0,20.0,17.0,15.0,17.714285714285715,16.857142857142858,15.866666666666667,12.0
2025-08-10 00:00:00+00:00,9,12,True,6,8,32,1,19.0,13.0,12.0,14.0,17.571428571428573,17.0,16.0,14.0
2025-08-11 00:00:00+00:00,9,14,True,0,8,33,0,12.0,13.0,11.0,16.0,17.428571428571427,17.0,15.933333333333334,20.0
2025-08-12 00:00:00+00:00,9,20,True,1,8,33,0,14.0,18.0,19.0,11.0,17.571428571428573,17.214285714285715,15.866666666666667,19.0
2025-08-13 00:00:00+00:00,9,19,True,2,8,33,0,20.0,21.0,18.0,11.0,17.857142857142858,17.285714285714285,16.166666666666668,19.0
2025-08-14 00:00:00+00:00,9,19,True,3,8,33,0,19.0,20.0,18.0,15.0,17.571428571428573,17.357142857142858,16.433333333333334,21.0
2025-08-15 00:00:00+00:00,9,21,True,4,8,33,0,19.0,19.0,17.0,17.0,17.428571428571427,17.428571428571427,16.566666666666666,21.0
2025-08-16 00:00:00+00:00,9,21,True,5,8,33,1,21.0,19.0,20.0,16.0,17.714285714285715,17.714285714285715,16.7,14.0
2025-08-17 00:00:00+00:00,9,14,True,6,8,33,1,21.0,12.0,13.0,16.0,18.0,17.785714285714285,16.866666666666667,13.0
2025-08-18 00:00:00+00:00,9,13,True,0,8,34,0,14.0,14.0,13.0,15.0,18.285714285714285,17.857142857142858,16.8,22.0
2025-08-19 00:00:00+00:00,9,22,True,1,8,34,0,13.0,20.0,18.0,12.0,18.142857142857142,17.857142857142858,16.733333333333334,21.0
2025-08-20 00:00:00+00:00,9,21,True,2,8,34,0,22.0,19.0,21.0,12.0,18.428571428571427,18.142857142857142,17.066666666666666,24.0
2025-08-21 00:00:00+00:00,9,24,True,3,8,34,0,21.0,19.0,20.0,17.0,18.714285714285715,18.142857142857142,17.366666666666667,20.0
2025-08-22 00:00:00+00:00,9,20,True,4,8,34,0,24.0,21.0,19.0,20.0,19.428571428571427,18.428571428571427,17.6,23.0
2025-08-23 00:00:00+00:00,9,23,True,5,8,34,1,20.0,21.0,19.0,15.0,19.285714285714285,18.5,17.6,15.0
2025-08-24 00:00:00+00:00,9,15,True,6,8,34,1,23.0,14.0,12.0,18.0,19.571428571428573,18.785714285714285,17.866666666666667,15.0
2025-08-25 00:00:00+00:00,9,15,True,0,8,35,0,15.0,13.0,14.0,17.0,19.714285714285715,19.0,17.766666666666666,20.0
2025-08-26 00:00:00+00:00,9,20,True,1,8,35,0,15.0,22.0,20.0,12.0,20.0,19.071428571428573,17.7,19.0
2025-08-27 00:00:00+00:00,9,19,True,2,8,35,0,20.0,21.0,19.0,11.0,19.714285714285715,19.071428571428573,17.966666666666665,22.0
2025-08-28 00:00:00+00:00,9,22,True,3,8,35,0,19.0,24.0,19.0,19.0,19.428571428571427,19.071428571428573,18.233333333333334,21.0
2025-08-29 00:00:00+00:00,9,21,True,4,8,35,0,22.0,20.0,21.0,18.0,19.142857142857142,19.285714285714285,18.333333333333332,20.0
2025-08-30 00:00:00+00:00,9,20,True,5,8,35,1,21.0,23.0,21.0,18.0,19.285714285714285,19.285714285714285,18.433333333333334,14.0
2025-08-31 00:00:00+00:00,9,14,True,6,8,35,1,20.0,15.0,14.0,17.0,18.857142857142858,19.214285714285715,18.5,15.0
2025-09-01 00:00:00+00:00,9,15,True,0,9,36,0,14.0,15.0,13.0,20.0,18.714285714285715,19.214285714285715,18.4,21.0
2025-09-02 00:00:00+00:00,9,21,True,1,9,36,0,15.0,20.0,22.0,13.0,18.714285714285715,19.357142857142858,18.233333333333334,20.0
2025-09-03 00:00:00+00:00,9,20,True,2,9,36,0,21.0,19.0,21.0,13.0,18.857142857142858,19.285714285714285,18.5,19.0
2025-09-04 00:00:00+00:00,9,19,True,3,9,36,0,20.0,22.0,24.0,18.0,19.0,19.214285714285715,18.733333333333334,22.0
2025-09-05 00:00:00+00:00,9,22,True,4,9,36,0,19.0,21.0,20.0,21.0,18.571428571428573,18.857142857142858,18.766666666666666,21.0
2025-09-06 00:00:00+00:00,9,21,True,5,9,36,1,22.0,20.0,23.0,20.0,18.714285714285715,19.0,18.8,14.0
2025-09-07 00:00:00+00:00,9,14,True,6,9,36,1,21.0,14.0,15.0,19.0,18.857142857142858,18.857142857142858,18.833333333333332,13.0
2025-09-08 00:00:00+00:00,9,13,True,0,9,37,0,14.0,15.0,15.0,19.0,18.857142857142858,18.785714285714285,18.666666666666668,22.0
2025-09-09 00:00:00+00:00,9,22,True,1,9,37,0,13.0,21.0,20.0,12.0,18.571428571428573,18.642857142857142,18.466666666666665,21.0
2025-09-10 00:00:00+00:00,9,21,True,2,9,37,0,22.0,20.0,19.0,14.0,18.714285714285715,18.785714285714285,18.8,20.0
2025-09-11 00:00:00+00:00,9,20,True,3,9,37,0,21.0,19.0,22.0,20.0,18.857142857142858,18.928571428571427,19.033333333333335,19.0
2025-09-12 00:00:00+00:00,9,19,True,4,9,37,0,20.0,22.0,21.0,19.0,19.0,18.785714285714285,19.033333333333335,18.0
2025-09-13 00:00:00+00:00,9,18,True,5,9,37,1,19.0,21.0,20.0,19.0,18.571428571428573,18.642857142857142,19.033333333333335,14.0
2025-09-14 00:00:00+00:00,9,14,True,6,9,37,1,18.0,14.0,14.0,21.0,18.142857142857142,18.5,19.0,14.0
2025-09-15 00:00:00+00:00,9,14,True,0,9,38,0,14.0,13.0,15.0,21.0,18.142857142857142,18.5,18.766666666666666,19.0
2025-09-16 00:00:00+00:00,9,19,True,1,9,38,0,14.0,22.0,21.0,14.0,18.285714285714285,18.428571428571427,18.533333333333335,18.0
2025-09-17 00:00:00+00:00,9,18,True,2,9,38,0,19.0,21.0,20.0,13.0,17.857142857142858,18.285714285714285,18.7,20.0
2025-09-18 00:00:00+00:00,9,20,True,3,9,38,0,18.0,20.0,19.0,22.0,17.428571428571427,18.142857142857142,18.866666666666667,23.0
2025-09-19 00:00:00+00:00,9,23,True,4,9,38,0,20.0,19.0,22.0,21.0,17.428571428571427,18.214285714285715,18.8,19.0
2025-09-20 00:00:00+00:00,9,19,True,5,9,38,1,23.0,18.0,21.0,24.0,18.0,18.285714285714285,18.866666666666667,12.0
2025-09-21 00:00:00+00:00,9,12,True,6,9,38,1,19.0,14.0,14.0,20.0,18.142857142857142,18.142857142857142,18.7,14.0
2025-09-22 00:00:00+00:00,9,14,True,0,9,39,0,12.0,14.0,13.0,23.0,17.857142857142858,18.0,18.433333333333334,19.0
2025-09-23 00:00:00+00:00,9,19,True,1,9,39,0,14.0,19.0,22.0,15.0,17.857142857142858,18.071428571428573,18.133333333333333,18.0
2025-09-24 00:00:00+00:00,9,18,True,2,9,39,0,19.0,18.0,21.0,15.0,17.857142857142858,17.857142857142858,18.266666666666666,17.0
2025-09-25 00:00:00+00:00,9,17,True,3,9,39,0,18.0,20.0,20.0,20.0,17.857142857142858,17.642857142857142,18.366666666666667,20.0
2025-09-26 00:00:00+00:00,9,20,True,4,9,39,0,17.0,23.0,19.0,19.0,17.428571428571427,17.428571428571427,18.266666666666666,19.0
2025-09-27 00:00:00+00:00,9,19,True,5,9,39,1,20.0,19.0,18.0,22.0,17.0,17.5,18.3,12.0
2025-09-28 00:00:00+00:00,9,12,True,6,9,39,1,19.0,12.0,14.0,21.0,17.0,17.571428571428573,18.2,12.0
2025-09-29 00:00:00+00:00,9,12,True,0,9,40,0,12.0,14.0,14.0,20.0,17.0,17.428571428571427,17.9,16.0
2025-09-30 00:00:00+00:00,9,16,True,1,9,40,0,12.0,19.0,19.0,14.0,16.714285714285715,17.285714285714285,17.633333333333333,18.0
2025-10-01 00:00:00+00:00,9,18,True,2,10,40,0,16.0,18.0,18.0,15.0,16.285714285714285,17.071428571428573,17.7,17.0
2025-10-02 00:00:00+00:00,9,17,True,3,10,40,0,18.0,17.0,20.0,21.0,16.285714285714285,17.071428571428573,17.8,16.0
2025-10-03 00:00:00+00:00,9,16,True,4,10,40,0,17.0,20.0,23.0,20.0,16.285714285714285,16.857142857142858,17.666666666666668,16.0
2025-10-04 00:00:00+00:00,9,16,True,5,10,40,1,16.0,19.0,19.0,19.0,15.714285714285714,16.357142857142858,17.533333333333335,12.0
2025-10-05 00:00:00+00:00,9,12,True,6,10,40,1,16.0,12.0,12.0,22.0,15.285714285714286,16.142857142857142,17.433333333333334,12.0
2025-10-06 00:00:00+00:00,9,12,True,0,10,41,0,12.0,12.0,14.0,21.0,15.285714285714286,16.142857142857142,17.1,16.0
2025-10-07 00:00:00+00:00,9,16,True,1,10,41,0,12.0,16.0,19.0,14.0,15.285714285714286,16.0,16.8,15.0
2025-10-08 00:00:00+00:00,9,15,True,2,10,41,0,16.0,18.0,18.0,13.0,15.285714285714286,15.785714285714286,16.866666666666667,17.0
2025-10-09 00:00:00+00:00,9,17,True,3,10,41,0,15.0,17.0,17.0,22.0,14.857142857142858,15.571428571428571,16.933333333333334,17.0
2025-10-10 00:00:00+00:00,9,17,True,4,10,41,0,17.0,16.0,20.0,21.0,14.857142857142858,15.571428571428571,16.766666666666666,16.0
2025-10-11 00:00:00+00:00,9,16,True,5,10,41,1,17.0,16.0,19.0,20.0,15.0,15.357142857142858,16.633333333333333,11.0
2025-10-12 00:00:00+00:00,9,11,True,6,10,41,1,16.0,12.0,12.0,19.0,15.0,15.142857142857142,16.5,12.0
2025-10-13 00:00:00+00:00,9,12,True,0,10,42,0,11.0,12.0,12.0,18.0,14.857142857142858,15.071428571428571,16.233333333333334,17.0
2025-10-14 00:00:00+00:00,9,17,True,1,10,42,0,12.0,16.0,16.0,14.0,14.857142857142858,15.071428571428571,16.033333333333335,16.0
2025-10-15 00:00:00+00:00,9,16,True,2,10,42,0,17.0,15.0,18.0,14.0,15.0,15.142857142857142,16.133333333333333,15.0
2025-10-16 00:00:00+00:00,9,15,True,3,10,42,0,16.0,17.0,17.0,19.0,15.142857142857142,15.0,16.2,14.0
2025-10-17 00:00:00+00:00,9,14,True,4,10,42,0,15.0,17.0,16.0,18.0,14.857142857142858,14.857142857142858,16.066666666666666,20.0
2025-10-18 00:00:00+00:00,9,20,True,5,10,42,1,14.0,16.0,16.0,20.0,14.428571428571429,14.714285714285714,15.933333333333334,11.0
2025-10-19 00:00:00+00:00,9,11,True,6,10,42,1,20.0,11.0,12.0,23.0,15.0,15.0,15.933333333333334,11.0
2025-10-20 00:00:00+00:00,9,11,True,0,10,43,0,11.0,12.0,12.0,19.0,15.0,14.928571428571429,15.533333333333333,14.0
2025-10-21 00:00:00+00:00,9,14,True,1,10,43,0,11.0,17.0,16.0,12.0,14.857142857142858,14.857142857142858,15.266666666666667,17.0
2025-10-22 00:00:00+00:00,9,17,True,2,10,43,0,14.0,16.0,15.0,14.0,14.428571428571429,14.714285714285714,15.333333333333334,16.0
2025-10-23 00:00:00+00:00,9,16,True,3,10,43,0,17.0,15.0,17.0,19.0,14.571428571428571,14.857142857142858,15.433333333333334,15.0
2025-10-24 00:00:00+00:00,9,15,True,4,10,43,0,16.0,14.0,17.0,18.0,14.714285714285714,14.785714285714286,15.333333333333334,15.0
2025-10-25 00:00:00+00:00,9,15,True,5,10,43,1,15.0,20.0,16.0,17.0,14.857142857142858,14.642857142857142,15.233333333333333,12.0
2025-10-26 00:00:00+00:00,9,12,True,6,10,43,1,15.0,11.0,11.0,20.0,14.142857142857142,14.571428571428571,15.166666666666666,11.0
2025-10-27 00:00:00+00:00,9,11,True,0,10,44,0,12.0,11.0,12.0,19.0,14.285714285714286,14.642857142857142,14.9,16.0
2025-10-28 00:00:00+00:00,9,16,True,1,10,44,0,11.0,14.0,17.0,12.0,14.285714285714286,14.571428571428571,14.633333333333333,15.0
2025-10-29 00:00:00+00:00,9,15,True,2,10,44,0,16.0,17.0,16.0,12.0,14.571428571428571,14.5,14.766666666666667,17.0
2025-10-30 00:00:00+00:00,9,17,True,3,10,44,0,15.0,16.0,15.0,16.0,14.285714285714286,14.428571428571429,14.866666666666667,17.0
2025-10-31 00:00:00+00:00,9,17,True,4,10,44,0,17.0,15.0,14.0,18.0,14.428571428571429,14.571428571428571,14.9,16.0
2025-11-01 00:00:00+00:00,9,16,True,5,11,44,1,17.0,15.0,20.0,17.0,14.714285714285714,14.785714285714286,14.866666666666667,11.0
2025-11-02 00:00:00+00:00,9,11,True,6,11,44,1,16.0,12.0,11.0,16.0,14.857142857142858,14.5,14.833333333333334,10.0
2025-11-03 00:00:00+00:00,9,10,True,0,11,45,0,11.0,11.0,11.0,16.0,14.714285714285714,14.5,14.666666666666666,17.0
2025-11-04 00:00:00+00:00,9,17,True,1,11,45,0,10.0,16.0,14.0,12.0,14.571428571428571,14.428571428571429,14.466666666666667,17.0
2025-11-05 00:00:00+00:00,9,17,True,2,11,45,0,17.0,15.0,17.0,12.0,14.714285714285714,14.642857142857142,14.633333333333333,16.0
2025-11-06 00:00:00+00:00,9,16,True,3,11,45,0,17.0,17.0,16.0,16.0,15.0,14.642857142857142,14.8,16.0
2025-11-07 00:00:00+00:00,9,16,True,4,11,45,0,16.0,17.0,15.0,15.0,14.857142857142858,14.642857142857142,14.8,18.0
2025-11-08 00:00:00+00:00,9,18,True,5,11,45,1,16.0,16.0,15.0,17.0,14.714285714285714,14.714285714285714,14.833333333333334,12.0
2025-11-09 00:00:00+00:00,9,12,True,6,11,45,1,18.0,11.0,12.0,17.0,15.0,14.928571428571429,14.866666666666667,12.0
2025-11-10 00:00:00+00:00,9,12,True,0,11,46,0,12.0,10.0,11.0,16.0,15.142857142857142,14.928571428571429,14.7,16.0
2025-11-11 00:00:00+00:00,9,16,True,1,11,46,0,12.0,17.0,16.0,11.0,15.428571428571429,15.0,14.566666666666666,19.0
2025-11-12 00:00:00+00:00,9,19,True,2,11,46,0,16.0,17.0,15.0,12.0,15.285714285714286,15.0,14.733333333333333,18.0
2025-11-13 00:00:00+00:00,9,18,True,3,11,46,0,19.0,16.0,17.0,17.0,15.571428571428571,15.285714285714286,14.966666666666667,18.0
2025-11-14 00:00:00+00:00,9,18,True,4,11,46,0,18.0,16.0,17.0,16.0,15.857142857142858,15.357142857142858,15.0,17.0
2025-11-15 00:00:00+00:00,9,17,True,5,11,46,1,18.0,18.0,16.0,15.0,16.142857142857142,15.428571428571429,15.066666666666666,18.0
2025-11-16 00:00:00+00:00,9,18,True,6,11,46,1,17.0,12.0,11.0,14.0,16.0,15.5,15.133333333333333,13.0
2025-11-17 00:00:00+00:00,9,13,True,0,11,47,0,18.0,12.0,10.0,20.0,16.857142857142858,16.0,15.266666666666667,19.0
2025-11-18 00:00:00+00:00,9,19,True,1,11,47,0,13.0,16.0,17.0,11.0,17.0,16.214285714285715,15.033333333333333,18.0
2025-11-19 00:00:00+00:00,9,18,True,2,11,47,0,19.0,19.0,17.0,11.0,17.428571428571427,16.357142857142858,15.3,17.0
2025-11-20 00:00:00+00:00,9,17,True,3,11,47,0,18.0,18.0,16.0,14.0,17.285714285714285,16.428571428571427,15.533333333333333,20.0
2025-11-21 00:00:00+00:00,9,20,True,4,11,47,0,17.0,18.0,16.0,17.0,17.142857142857142,16.5,15.633333333333333,19.0
2025-11-22 00:00:00+00:00,9,19,True,5,11,47,1,20.0,17.0,18.0,16.0,17.428571428571427,16.785714285714285,15.733333333333333,13.0
2025-11-23 00:00:00+00:00,9,13,True,6,11,47,1,19.0,18.0,12.0,15.0,17.714285714285715,16.857142857142858,15.833333333333334,13.0
2025-11-24 00:00:00+00:00,9,13,True,0,11,48,0,13.0,13.0,12.0,15.0,17.0,16.928571428571427,15.766666666666667,21.0
2025-11-25 00:00:00+00:00,9,21,True,1,11,48,0,13.0,19.0,16.0,12.0,17.0,17.0,15.7,20.0
2025-11-26 00:00:00+00:00,9,20,True,2,11,48,0,21.0,18.0,19.0,11.0,17.285714285714285,17.357142857142858,16.0,20.0
2025-11-27 00:00:00+00:00,9,20,True,3,11,48,0,20.0,17.0,18.0,16.0,17.571428571428573,17.428571428571427,16.3,19.0
2025-11-28 00:00:00+00:00,9,19,True,4,11,48,0,20.0,20.0,18.0,15.0,18.0,17.571428571428573,16.433333333333334,22.0
2025-11-29 00:00:00+00:00,9,22,True,5,11,48,1,19.0,19.0,17.0,17.0,17.857142857142858,17.642857142857142,16.566666666666666,15.0
2025-11-30 00:00:00+00:00,9,15,True,6,11,48,1,22.0,13.0,18.0,17.0,18.285714285714285,18.0,16.733333333333334,14.0
2025-12-01 00:00:00+00:00,9,14,True,0,12,49,0,15.0,13.0,13.0,16.0,18.571428571428573,17.785714285714285,16.666666666666668,20.0
2025-12-02 00:00:00+00:00,9,20,True,1,12,49,0,14.0,21.0,19.0,11.0,18.714285714285715,17.857142857142858,16.6,23.0
2025-12-03 00:00:00+00:00,9,23,True,2,12,49,0,20.0,20.0,18.0,10.0,18.571428571428573,17.928571428571427,16.9,22.0
2025-12-04 00:00:00+00:00,9,22,True,3,12,49,0,23.0,20.0,17.0,17.0,19.0,18.285714285714285,17.333333333333332,21.0
2025-12-05 00:00:00+00:00,9,21,True,4,12,49,0,22.0,19.0,20.0,17.0,19.285714285714285,18.642857142857142,17.5,21.0
2025-12-06 00:00:00+00:00,9,21,True,5,12,49,1,21.0,22.0,19.0,16.0,19.571428571428573,18.714285714285715,17.633333333333333,14.0
2025-12-07 00:00:00+00:00,9,14,True,6,12,49,1,21.0,15.0,13.0,16.0,19.428571428571427,18.857142857142858,17.8,16.0
2025-12-08 00:00:00+00:00,9,16,True,0,12,50,0,14.0,14.0,13.0,18.0,19.285714285714285,18.928571428571427,17.733333333333334,22.0
2025-12-09 00:00:00+00:00,9,22,True,1,12,50,0,16.0,20.0,21.0,12.0,19.571428571428573,19.142857142857142,17.666666666666668,21.0
2025-12-10 00:00:00+00:00,9,21,True,2,12,50,0,22.0,23.0,20.0,12.0,19.857142857142858,19.214285714285715,18.0,20.0
2025-12-11 00:00:00+00:00,9,20,True,3,12,50,0,21.0,22.0,20.0,16.0,19.571428571428573,19.285714285714285,18.3,23.0
2025-12-12 00:00:00+00:00,9,23,True,4,12,50,0,20.0,21.0,19.0,19.0,19.285714285714285,19.285714285714285,18.433333333333334,22.0
2025-12-13 00:00:00+00:00,9,22,True,5,12,50,1,23.0,21.0,22.0,18.0,19.571428571428573,19.571428571428573,18.566666666666666,15.0
2025-12-14 00:00:00+00:00,9,15,True,6,12,50,1,22.0,14.0,15.0,18.0,19.714285714285715,19.571428571428573,18.7,18.0
2025-12-15 00:00:00+00:00,9,18,True,0,12,51,0,15.0,16.0,14.0,17.0,19.857142857142858,19.571428571428573,18.6,24.0
2025-12-16 00:00:00+00:00,9,24,True,1,12,51,0,18.0,22.0,20.0,18.0,20.142857142857142,19.857142857142858,18.633333333333333,23.0
2025-12-17 00:00:00+00:00,9,23,True,2,12,51,0,24.0,21.0,23.0,13.0,20.428571428571427,20.142857142857142,18.833333333333332,22.0
2025-12-18 00:00:00+00:00,9,22,True,3,12,51,0,23.0,20.0,22.0,19.0,20.714285714285715,20.142857142857142,19.166666666666668,21.0
2025-12-19 00:00:00+00:00,9,21,True,4,12,51,0,22.0,23.0,21.0,18.0,21.0,20.142857142857142,19.266666666666666,24.0
2025-12-20 00:00:00+00:00,9,24,True,5,12,51,1,21.0,22.0,21.0,17.0,20.714285714285715,20.142857142857142,19.366666666666667,16.0
2025-12-21 00:00:00+00:00,9,16,True,6,12,51,1,24.0,15.0,14.0,20.0,21.0,20.357142857142858,19.6,15.0
2025-12-22 00:00:00+00:00,9,15,True,0,12,52,0,16.0,18.0,16.0,19.0,21.142857142857142,20.5,19.466666666666665,21.0
2025-12-23 00:00:00+00:00,9,21,True,1,12,52,0,15.0,24.0,22.0,13.0,20.714285714285715,20.428571428571427,19.333333333333332,20.0
2025-12-24 00:00:00+00:00,9,20,True,2,12,52,0,21.0,23.0,21.0,13.0,20.285714285714285,20.357142857142858,19.6,23.0
2025-12-25 00:00:00+00:00,9,23,True,3,12,52,0,20.0,22.0,20.0,21.0,19.857142857142858,20.285714285714285,19.833333333333332,22.0
2025-12-26 00:00:00+00:00,9,22,True,4,12,52,0,23.0,21.0,23.0,20.0,20.0,20.5,19.9,21.0
2025-12-27 00:00:00+00:00,9,21,True,5,12,52,1,22.0,24.0,22.0,20.0,20.142857142857142,20.428571428571427,19.966666666666665,14.0
2025-12-28 00:00:00+00:00,9,14,True,6,12,52,1,21.0,16.0,15.0,19.0,19.714285714285715,20.357142857142858,20.0,16.0
2025-12-29 00:00:00+00:00,9,16,True,0,12,1,0,14.0,15.0,18.0,22.0,19.428571428571427,20.285714285714285,19.833333333333332,22.0
2025-12-30 00:00:00+00:00,9,22,True,1,12,1,0,16.0,21.0,24.0,15.0,19.571428571428573,20.142857142857142,19.633333333333333,21.0
